Using pre-set license
Built from '2021.3/staging' branch; Version is '2021.3.5f1 (40eb3a945986) revision 4254522'; Using compiler version '192829333'; Build Type 'Release'
OS: 'Windows 10  (10.0.19045) 64bit Core' Language: 'ru' Physical Memory: 8106 MB
BatchMode: 1, IsHumanControllingUs: 0, StartBugReporterOnCrash: 0, Is64bit: 1, IsPro: 1

COMMAND LINE ARGUMENTS:
C:\Program Files\Unity\Hub\Editor\2021.3.5f1\Editor\Unity.exe
-adb2
-batchMode
-noUpm
-name
AssetImportWorker0
-projectPath
C:/Users/user/Documents/GitHub/3d-platformer3
-logFile
Logs/AssetImportWorker0.log
-srvPort
49858
Successfully changed project path to: C:/Users/user/Documents/GitHub/3d-platformer3
C:/Users/user/Documents/GitHub/3d-platformer3
[UnityMemory] Configuration Parameters - Can be set up in boot.config
    "memorysetup-bucket-allocator-granularity=16"
    "memorysetup-bucket-allocator-bucket-count=8"
    "memorysetup-bucket-allocator-block-size=33554432"
    "memorysetup-bucket-allocator-block-count=8"
    "memorysetup-main-allocator-block-size=16777216"
    "memorysetup-thread-allocator-block-size=16777216"
    "memorysetup-gfx-main-allocator-block-size=16777216"
    "memorysetup-gfx-thread-allocator-block-size=16777216"
    "memorysetup-cache-allocator-block-size=4194304"
    "memorysetup-typetree-allocator-block-size=2097152"
    "memorysetup-profiler-bucket-allocator-granularity=16"
    "memorysetup-profiler-bucket-allocator-bucket-count=8"
    "memorysetup-profiler-bucket-allocator-block-size=33554432"
    "memorysetup-profiler-bucket-allocator-block-count=8"
    "memorysetup-profiler-allocator-block-size=16777216"
    "memorysetup-profiler-editor-allocator-block-size=1048576"
    "memorysetup-temp-allocator-size-main=16777216"
    "memorysetup-job-temp-allocator-block-size=2097152"
    "memorysetup-job-temp-allocator-block-size-background=1048576"
    "memorysetup-job-temp-allocator-reduction-small-platforms=262144"
    "memorysetup-temp-allocator-size-background-worker=32768"
    "memorysetup-temp-allocator-size-job-worker=262144"
    "memorysetup-temp-allocator-size-preload-manager=33554432"
    "memorysetup-temp-allocator-size-nav-mesh-worker=65536"
    "memorysetup-temp-allocator-size-audio-worker=65536"
    "memorysetup-temp-allocator-size-cloud-worker=32768"
    "memorysetup-temp-allocator-size-gi-baking-worker=262144"
    "memorysetup-temp-allocator-size-gfx=262144"
Refreshing native plugins compatible for Editor in 295.64 ms, found 3 plugins.
Preloading 0 native plugins for Editor in 0.00 ms.
Initialize engine version: 2021.3.5f1 (40eb3a945986)
[Subsystems] Discovering subsystems at path C:/Program Files/Unity/Hub/Editor/2021.3.5f1/Editor/Data/Resources/UnitySubsystems
[Subsystems] Discovering subsystems at path C:/Users/user/Documents/GitHub/3d-platformer3/Assets
GfxDevice: creating device client; threaded=0; jobified=0
Direct3D:
    Version:  Direct3D 11.0 [level 11.0]
    Renderer: NVIDIA GeForce 940M (ID=0x1347)
    Vendor:   NVIDIA
    VRAM:     2004 MB
    Driver:   25.21.14.2531
Initialize mono
Mono path[0] = 'C:/Program Files/Unity/Hub/Editor/2021.3.5f1/Editor/Data/Managed'
Mono path[1] = 'C:/Program Files/Unity/Hub/Editor/2021.3.5f1/Editor/Data/MonoBleedingEdge/lib/mono/unityjit-win32'
Mono config path = 'C:/Program Files/Unity/Hub/Editor/2021.3.5f1/Editor/Data/MonoBleedingEdge/etc'
Using monoOptions --debugger-agent=transport=dt_socket,embedding=1,server=y,suspend=n,address=127.0.0.1:56304
Begin MonoManager ReloadAssembly
Registering precompiled unity dll's ...
Register platform support module: C:/Program Files/Unity/Hub/Editor/2021.3.5f1/Editor/Data/PlaybackEngines/WindowsStandaloneSupport/UnityEditor.WindowsStandalone.Extensions.dll
Registered in 0.013540 seconds.
Native extension for WindowsStandalone target not found
Refreshing native plugins compatible for Editor in 311.54 ms, found 3 plugins.
Preloading 0 native plugins for Editor in 0.00 ms.
Mono: successfully reloaded assembly
- Completed reload, in  1.918 seconds
Domain Reload Profiling:
	ReloadAssembly (1919ms)
		BeginReloadAssembly (228ms)
			ExecutionOrderSort (0ms)
			DisableScriptedObjects (0ms)
			BackupInstance (0ms)
			ReleaseScriptingObjects (0ms)
			CreateAndSetChildDomain (2ms)
		EndReloadAssembly (1398ms)
			LoadAssemblies (226ms)
			RebuildTransferFunctionScriptingTraits (0ms)
			SetupTypeCache (334ms)
			ReleaseScriptCaches (0ms)
			RebuildScriptCaches (82ms)
			SetupLoadedEditorAssemblies (855ms)
				LogAssemblyErrors (0ms)
				InitializePlatformSupportModulesInManaged (19ms)
				SetLoadedEditorAssemblies (0ms)
				RefreshPlugins (312ms)
				BeforeProcessingInitializeOnLoad (3ms)
				ProcessInitializeOnLoadAttributes (393ms)
				ProcessInitializeOnLoadMethodAttributes (128ms)
				AfterProcessingInitializeOnLoad (0ms)
				EditorAssembliesLoaded (0ms)
			ExecutionOrderSort2 (0ms)
			AwakeInstancesAfterBackupRestoration (0ms)
Platform modules already initialized, skipping
Registering precompiled user dll's ...
Registered in 0.013664 seconds.
Begin MonoManager ReloadAssembly
Symbol file LoadedFromMemory doesn't match image C:\Users\user\Documents\GitHub\3d-platformer3\Library\PackageCache\com.unity.visualscripting@1.7.8\Editor\VisualScripting.Core\Dependencies\YamlDotNet\Unity.VisualScripting.YamlDotNet.dll
Symbol file LoadedFromMemory doesn't match image C:\Users\user\Documents\GitHub\3d-platformer3\Library\PackageCache\com.unity.visualscripting@1.7.8\Editor\VisualScripting.Core\Dependencies\DotNetZip\Unity.VisualScripting.IonicZip.dll
Native extension for WindowsStandalone target not found
Refreshing native plugins compatible for Editor in 1.93 ms, found 3 plugins.
Preloading 0 native plugins for Editor in 0.00 ms.
Mono: successfully reloaded assembly
- Completed reload, in  2.294 seconds
Domain Reload Profiling:
	ReloadAssembly (2296ms)
		BeginReloadAssembly (312ms)
			ExecutionOrderSort (0ms)
			DisableScriptedObjects (17ms)
			BackupInstance (0ms)
			ReleaseScriptingObjects (0ms)
			CreateAndSetChildDomain (50ms)
		EndReloadAssembly (1711ms)
			LoadAssemblies (221ms)
			RebuildTransferFunctionScriptingTraits (0ms)
			SetupTypeCache (590ms)
			ReleaseScriptCaches (1ms)
			RebuildScriptCaches (92ms)
			SetupLoadedEditorAssemblies (772ms)
				LogAssemblyErrors (0ms)
				InitializePlatformSupportModulesInManaged (8ms)
				SetLoadedEditorAssemblies (1ms)
				RefreshPlugins (2ms)
				BeforeProcessingInitializeOnLoad (178ms)
				ProcessInitializeOnLoadAttributes (496ms)
				ProcessInitializeOnLoadMethodAttributes (75ms)
				AfterProcessingInitializeOnLoad (10ms)
				EditorAssembliesLoaded (1ms)
			ExecutionOrderSort2 (0ms)
			AwakeInstancesAfterBackupRestoration (12ms)
Platform modules already initialized, skipping
========================================================================
Worker process is ready to serve import requests
Launched and connected shader compiler UnityShaderCompiler.exe after 0.10 seconds
Refreshing native plugins compatible for Editor in 3.21 ms, found 3 plugins.
Preloading 0 native plugins for Editor in 0.00 ms.
Unloading 3395 Unused Serialized files (Serialized files now loaded: 0)
Unloading 27 unused Assets / (111.5 KB). Loaded Objects now: 3859.
Memory consumption went from 122.5 MB to 122.4 MB.
Total: 8.898500 ms (FindLiveObjects: 0.504200 ms CreateObjectMapping: 0.789400 ms MarkObjects: 7.339300 ms  DeleteObjects: 0.263500 ms)

AssetImportParameters requested are different than current active one (requested -> active):
  custom:video-decoder-ogg-theora: a1e56fd34408186e4bbccfd4996cb3dc -> 
  custom:container-muxer-webm: aa71ff27fc2769a1b78a27578f13a17b -> 
  custom:container-demuxer-webm: 4f35f7cbe854078d1ac9338744f61a02 -> 
  custom:video-encoder-webm-vp8: eb34c28f22e8b96e1ab97ce403110664 -> 
  custom:audio-encoder-webm-vorbis: bf7c407c2cedff20999df2af8eb42d56 -> 
  custom:framework-win-MediaFoundation: 216162199b28c13a410421893ffa2e32 -> 
  custom:container-demuxer-ogg: 62fdf1f143b41e24485cea50d1cbac27 -> 
  custom:video-decoder-webm-vp8: 9c59270c3fd7afecdb556c50c9e8de78 -> 
  custom:audio-decoder-ogg-vorbis: bf7c407c2cedff20999df2af8eb42d56 -> 
========================================================================
Received Import Request.
  Time since last request: 2101820.743389 seconds.
  path: Assets/Levels/Prefabs/Spikes.prefab
  artifactKey: Guid(541e74e9c769f0447b1b65516b61b526) Importer(2089858483,0ecaa5967403d082aa24f35e1b516d23)
Start importing Assets/Levels/Prefabs/Spikes.prefab using Guid(541e74e9c769f0447b1b65516b61b526) Importer(2089858483,0ecaa5967403d082aa24f35e1b516d23) Generated GUIDs only implemented for interfaces!
 -> (artifact id: 'd49af46875cd10b285c7a7daf243303b') in 0.856617 seconds 
========================================================================
Received Import Request.
  Time since last request: 0.000044 seconds.
  path: Assets/ThirdPart/Nature pack extended/naturePack_006.mtl
  artifactKey: Guid(b44ed4df992135e4bb12d6a032459b7c) Importer(2089858483,0ecaa5967403d082aa24f35e1b516d23)
Start importing Assets/ThirdPart/Nature pack extended/naturePack_006.mtl using Guid(b44ed4df992135e4bb12d6a032459b7c) Importer(2089858483,0ecaa5967403d082aa24f35e1b516d23) Generated GUIDs only implemented for interfaces!
 -> (artifact id: 'bb2722b156ef1772411616f126215afa') in 0.039712 seconds 
========================================================================
Received Import Request.
  Time since last request: 0.000047 seconds.
  path: Assets/ThirdPart/Nature pack extended/naturePack_021.mtl
  artifactKey: Guid(f2cc05b5c6ba0bf4895f3a726c3c9256) Importer(2089858483,0ecaa5967403d082aa24f35e1b516d23)
Start importing Assets/ThirdPart/Nature pack extended/naturePack_021.mtl using Guid(f2cc05b5c6ba0bf4895f3a726c3c9256) Importer(2089858483,0ecaa5967403d082aa24f35e1b516d23) Generated GUIDs only implemented for interfaces!
 -> (artifact id: '2d05e182379d9abf06fcfb51ca48c3a5') in 0.036639 seconds 
========================================================================
Received Import Request.
  Time since last request: 0.000037 seconds.
  path: Assets/ThirdPart/Nature pack extended/naturePack_005.mtl
  artifactKey: Guid(19d22becae3624f4e8a8b9f70098aa34) Importer(2089858483,0ecaa5967403d082aa24f35e1b516d23)
Start importing Assets/ThirdPart/Nature pack extended/naturePack_005.mtl using Guid(19d22becae3624f4e8a8b9f70098aa34) Importer(2089858483,0ecaa5967403d082aa24f35e1b516d23) Generated GUIDs only implemented for interfaces!
 -> (artifact id: 'fe005a0d51bd3ba99635c8582b6f903e') in 0.070199 seconds 
========================================================================
Received Import Request.
  Time since last request: 0.001287 seconds.
  path: Assets/ThirdPart/Nature pack extended/naturePack_028.mtl
  artifactKey: Guid(56048b0e400576e43ade4291b357dc38) Importer(2089858483,0ecaa5967403d082aa24f35e1b516d23)
Start importing Assets/ThirdPart/Nature pack extended/naturePack_028.mtl using Guid(56048b0e400576e43ade4291b357dc38) Importer(2089858483,0ecaa5967403d082aa24f35e1b516d23) Generated GUIDs only implemented for interfaces!
 -> (artifact id: '0e6b18c8c41d47668df793d2191eeb48') in 0.055379 seconds 
========================================================================
Received Import Request.
  Time since last request: 0.000036 seconds.
  path: Assets/ThirdPart/Nature pack extended/naturePack_017.mtl
  artifactKey: Guid(2dd31ef12b154274da4c3c18cfa161e1) Importer(2089858483,0ecaa5967403d082aa24f35e1b516d23)
Start importing Assets/ThirdPart/Nature pack extended/naturePack_017.mtl using Guid(2dd31ef12b154274da4c3c18cfa161e1) Importer(2089858483,0ecaa5967403d082aa24f35e1b516d23) Generated GUIDs only implemented for interfaces!
 -> (artifact id: 'e2acd54c93ff5b067d86e999081438e2') in 0.038133 seconds 
========================================================================
Received Import Request.
  Time since last request: 0.000725 seconds.
  path: Assets/ThirdPart/Nature pack extended/naturePack_026.obj
  artifactKey: Guid(3a8c9064b4badb64b99ca59ed18651e3) Importer(2089858483,0ecaa5967403d082aa24f35e1b516d23)
Start importing Assets/ThirdPart/Nature pack extended/naturePack_026.obj using Guid(3a8c9064b4badb64b99ca59ed18651e3) Importer(2089858483,0ecaa5967403d082aa24f35e1b516d23) Generated GUIDs only implemented for interfaces!
 -> (artifact id: '966f0c63bf229485e2e3507846aef8a7') in 0.221856 seconds 
========================================================================
Received Import Request.
  Time since last request: 0.000037 seconds.
  path: Assets/ThirdPart/Nature pack extended/naturePack_033.obj
  artifactKey: Guid(0954bd92817da104caa16539d7ab19ad) Importer(2089858483,0ecaa5967403d082aa24f35e1b516d23)
Start importing Assets/ThirdPart/Nature pack extended/naturePack_033.obj using Guid(0954bd92817da104caa16539d7ab19ad) Importer(2089858483,0ecaa5967403d082aa24f35e1b516d23) Generated GUIDs only implemented for interfaces!
 -> (artifact id: '7724e6fd4a88c78fad07e4be09ef4b38') in 0.098225 seconds 
========================================================================
Received Import Request.
  Time since last request: 0.000085 seconds.
  path: Assets/ThirdPart/Nature pack extended/naturePack_019.mtl
  artifactKey: Guid(7adf6fcc9401ba443a98d4835ea77989) Importer(2089858483,0ecaa5967403d082aa24f35e1b516d23)
Start importing Assets/ThirdPart/Nature pack extended/naturePack_019.mtl using Guid(7adf6fcc9401ba443a98d4835ea77989) Importer(2089858483,0ecaa5967403d082aa24f35e1b516d23) Generated GUIDs only implemented for interfaces!
 -> (artifact id: '7674a15d0bc08bf76b5a0bd7f8cf83f2') in 0.040480 seconds 
========================================================================
Received Import Request.
  Time since last request: 0.000039 seconds.
  path: Assets/ThirdPart/Nature pack extended/naturePack_008.mtl
  artifactKey: Guid(44d83028c2702674987de3e0f6c7c325) Importer(2089858483,0ecaa5967403d082aa24f35e1b516d23)
Start importing Assets/ThirdPart/Nature pack extended/naturePack_008.mtl using Guid(44d83028c2702674987de3e0f6c7c325) Importer(2089858483,0ecaa5967403d082aa24f35e1b516d23) Generated GUIDs only implemented for interfaces!
 -> (artifact id: '224acaf0f2814f3e66cef606843fdc41') in 0.040469 seconds 
========================================================================
Received Import Request.
  Time since last request: 0.000661 seconds.
  path: Assets/ThirdPart/Nature pack extended/naturePack_022.obj
  artifactKey: Guid(7c91e3d552785a840b39742e40b613b5) Importer(2089858483,0ecaa5967403d082aa24f35e1b516d23)
Start importing Assets/ThirdPart/Nature pack extended/naturePack_022.obj using Guid(7c91e3d552785a840b39742e40b613b5) Importer(2089858483,0ecaa5967403d082aa24f35e1b516d23) Generated GUIDs only implemented for interfaces!
 -> (artifact id: '9fd22303a78089ce7ca571b0ccccfa93') in 0.129924 seconds 
========================================================================
Received Import Request.
  Time since last request: 0.000105 seconds.
  path: Assets/Levels/Prefabs/GrayGates.prefab
  artifactKey: Guid(f2493059275f0c647a91ecb98248a8c1) Importer(2089858483,0ecaa5967403d082aa24f35e1b516d23)
Start importing Assets/Levels/Prefabs/GrayGates.prefab using Guid(f2493059275f0c647a91ecb98248a8c1) Importer(2089858483,0ecaa5967403d082aa24f35e1b516d23) Generated GUIDs only implemented for interfaces!
 -> (artifact id: 'da6b16e289df5dd5293ee5e1ae4989be') in 0.069152 seconds 
========================================================================
Received Import Request.
  Time since last request: 0.000055 seconds.
  path: Assets/ThirdPart/Nature pack extended/naturePack_017.obj
  artifactKey: Guid(397a1bc3035a4b041af7833636a7bf9e) Importer(2089858483,0ecaa5967403d082aa24f35e1b516d23)
Start importing Assets/ThirdPart/Nature pack extended/naturePack_017.obj using Guid(397a1bc3035a4b041af7833636a7bf9e) Importer(2089858483,0ecaa5967403d082aa24f35e1b516d23) Generated GUIDs only implemented for interfaces!
 -> (artifact id: '72778d71efdac2899b18ea70a900f1f8') in 0.134159 seconds 
========================================================================
Received Import Request.
  Time since last request: 0.000078 seconds.
  path: Assets/ThirdPart/Nature pack extended/naturePack_011.obj
  artifactKey: Guid(191e64aa8fdea5c449c88bda41d648df) Importer(2089858483,0ecaa5967403d082aa24f35e1b516d23)
Start importing Assets/ThirdPart/Nature pack extended/naturePack_011.obj using Guid(191e64aa8fdea5c449c88bda41d648df) Importer(2089858483,0ecaa5967403d082aa24f35e1b516d23) Generated GUIDs only implemented for interfaces!
 -> (artifact id: '004e0ea4c325a305a9de165aa9922cdb') in 0.082969 seconds 
========================================================================
Received Import Request.
  Time since last request: 0.000036 seconds.
  path: Assets/ThirdPart/Nature pack extended/naturePack_004.mtl
  artifactKey: Guid(b0bbff5257d6e04489e404d3d41a7973) Importer(2089858483,0ecaa5967403d082aa24f35e1b516d23)
Start importing Assets/ThirdPart/Nature pack extended/naturePack_004.mtl using Guid(b0bbff5257d6e04489e404d3d41a7973) Importer(2089858483,0ecaa5967403d082aa24f35e1b516d23) Generated GUIDs only implemented for interfaces!
 -> (artifact id: 'cc4cb9e71406aa50b8bdea5b3d85fca4') in 0.034764 seconds 
========================================================================
Received Import Request.
  Time since last request: 0.000046 seconds.
  path: Assets/ThirdPart/Nature pack extended/naturePack_024.obj
  artifactKey: Guid(c6c3959e91c55d44eaa6f43e25cfc392) Importer(2089858483,0ecaa5967403d082aa24f35e1b516d23)
Start importing Assets/ThirdPart/Nature pack extended/naturePack_024.obj using Guid(c6c3959e91c55d44eaa6f43e25cfc392) Importer(2089858483,0ecaa5967403d082aa24f35e1b516d23) Generated GUIDs only implemented for interfaces!
 -> (artifact id: 'f2f317f96706a5986fa00b5e99c102f1') in 0.092167 seconds 
========================================================================
Received Import Request.
  Time since last request: 0.000044 seconds.
  path: Assets/Levels/Scenes/Level_1.unity
  artifactKey: Guid(5c7c6faa728615a4ebcc88848d10c161) Importer(2089858483,0ecaa5967403d082aa24f35e1b516d23)
Start importing Assets/Levels/Scenes/Level_1.unity using Guid(5c7c6faa728615a4ebcc88848d10c161) Importer(2089858483,0ecaa5967403d082aa24f35e1b516d23) Generated GUIDs only implemented for interfaces!
 -> (artifact id: '14afebf2841aac28ab79f3f07b9cb907') in 0.059253 seconds 
========================================================================
Received Import Request.
  Time since last request: 0.000827 seconds.
  path: Assets/Levels/Prefabs/Haystack.prefab
  artifactKey: Guid(95ce408c142f8f0428defd20b4442781) Importer(2089858483,0ecaa5967403d082aa24f35e1b516d23)
Start importing Assets/Levels/Prefabs/Haystack.prefab using Guid(95ce408c142f8f0428defd20b4442781) Importer(2089858483,0ecaa5967403d082aa24f35e1b516d23) Generated GUIDs only implemented for interfaces!
 -> (artifact id: '07bfc9701a812d421e0097b97d5e16d8') in 0.077413 seconds 
========================================================================
Received Import Request.
  Time since last request: 0.000036 seconds.
  path: Assets/ThirdPart/Nature pack extended/naturePack_029.mtl
  artifactKey: Guid(7f10fa0149dfc194d9b737ff4d9d9bc6) Importer(2089858483,0ecaa5967403d082aa24f35e1b516d23)
Start importing Assets/ThirdPart/Nature pack extended/naturePack_029.mtl using Guid(7f10fa0149dfc194d9b737ff4d9d9bc6) Importer(2089858483,0ecaa5967403d082aa24f35e1b516d23) Generated GUIDs only implemented for interfaces!
 -> (artifact id: 'ca764de9cfcd40aba40e2ff5fecb7756') in 0.040572 seconds 
========================================================================
Received Import Request.
  Time since last request: 0.000047 seconds.
  path: Assets/ThirdPart/Nature pack extended/naturePack_005.obj
  artifactKey: Guid(6d1e2fc79e792924b93329969ff9258d) Importer(2089858483,0ecaa5967403d082aa24f35e1b516d23)
Start importing Assets/ThirdPart/Nature pack extended/naturePack_005.obj using Guid(6d1e2fc79e792924b93329969ff9258d) Importer(2089858483,0ecaa5967403d082aa24f35e1b516d23) Generated GUIDs only implemented for interfaces!
 -> (artifact id: '5d2d2892a6665f769e0d861bbaeaa7d9') in 0.116863 seconds 
========================================================================
Received Import Request.
  Time since last request: 0.000083 seconds.
  path: Assets/ThirdPart/Nature pack extended/naturePack_037.obj
  artifactKey: Guid(af4c8366561aca34fa48394e8094881c) Importer(2089858483,0ecaa5967403d082aa24f35e1b516d23)
Start importing Assets/ThirdPart/Nature pack extended/naturePack_037.obj using Guid(af4c8366561aca34fa48394e8094881c) Importer(2089858483,0ecaa5967403d082aa24f35e1b516d23) Generated GUIDs only implemented for interfaces!
 -> (artifact id: '47a2c6229092d12980c366b991ea1e94') in 0.283090 seconds 
========================================================================
Received Import Request.
  Time since last request: 0.001014 seconds.
  path: Assets/ThirdPart/Nature pack extended/naturePack_049.mtl
  artifactKey: Guid(94cec0cfab99e77429f3ec530bd55d28) Importer(2089858483,0ecaa5967403d082aa24f35e1b516d23)
Start importing Assets/ThirdPart/Nature pack extended/naturePack_049.mtl using Guid(94cec0cfab99e77429f3ec530bd55d28) Importer(2089858483,0ecaa5967403d082aa24f35e1b516d23) Generated GUIDs only implemented for interfaces!
 -> (artifact id: 'b7e64b848d64aa1fc730db4cee0205ad') in 0.076290 seconds 
========================================================================
Received Import Request.
  Time since last request: 0.000044 seconds.
  path: Assets/ThirdPart/Nature pack extended/naturePack_036.obj
  artifactKey: Guid(d7cb5a1198f30b94fb7c2b55fea7a393) Importer(2089858483,0ecaa5967403d082aa24f35e1b516d23)
Start importing Assets/ThirdPart/Nature pack extended/naturePack_036.obj using Guid(d7cb5a1198f30b94fb7c2b55fea7a393) Importer(2089858483,0ecaa5967403d082aa24f35e1b516d23) Generated GUIDs only implemented for interfaces!
 -> (artifact id: '059e3d68e88e6d9c9b1f98e918119359') in 0.217283 seconds 
========================================================================
Received Import Request.
  Time since last request: 0.000050 seconds.
  path: Assets/ThirdPart/Nature pack extended/naturePack_034.obj
  artifactKey: Guid(c3b2be10858a8924aab5540799907876) Importer(2089858483,0ecaa5967403d082aa24f35e1b516d23)
Start importing Assets/ThirdPart/Nature pack extended/naturePack_034.obj using Guid(c3b2be10858a8924aab5540799907876) Importer(2089858483,0ecaa5967403d082aa24f35e1b516d23) Generated GUIDs only implemented for interfaces!
 -> (artifact id: 'a87d1989ff5503e7c733f6704f263ae6') in 0.362454 seconds 
========================================================================
Received Import Request.
  Time since last request: 0.000048 seconds.
  path: Assets/ThirdPart/Nature pack extended/naturePack_043.obj
  artifactKey: Guid(7e1f28ae88641364ea73b07b4c7dcfe6) Importer(2089858483,0ecaa5967403d082aa24f35e1b516d23)
Start importing Assets/ThirdPart/Nature pack extended/naturePack_043.obj using Guid(7e1f28ae88641364ea73b07b4c7dcfe6) Importer(2089858483,0ecaa5967403d082aa24f35e1b516d23) Generated GUIDs only implemented for interfaces!
 -> (artifact id: '449fe7312122520db7aee875c79064d5') in 0.176693 seconds 
========================================================================
Received Import Request.
  Time since last request: 0.000042 seconds.
  path: Assets/ThirdPart/Nature pack extended/naturePack_038.mtl
  artifactKey: Guid(4faf65e9cab7d144ebcc5416f645f727) Importer(2089858483,0ecaa5967403d082aa24f35e1b516d23)
Start importing Assets/ThirdPart/Nature pack extended/naturePack_038.mtl using Guid(4faf65e9cab7d144ebcc5416f645f727) Importer(2089858483,0ecaa5967403d082aa24f35e1b516d23) Generated GUIDs only implemented for interfaces!
 -> (artifact id: 'a6189e91bdfabe7ff5f875e5c2fd5e18') in 0.041646 seconds 
========================================================================
Received Import Request.
  Time since last request: 0.002273 seconds.
  path: Assets/Levels/Models/Gates.fbx
  artifactKey: Guid(91bbc30387e50154e98be52501da6a35) Importer(2089858483,0ecaa5967403d082aa24f35e1b516d23)
Start importing Assets/Levels/Models/Gates.fbx using Guid(91bbc30387e50154e98be52501da6a35) Importer(2089858483,0ecaa5967403d082aa24f35e1b516d23) Generated GUIDs only implemented for interfaces!
 -> (artifact id: 'dedb5f44bfec9b5c2a6eb2f653d6cfc6') in 0.240042 seconds 
========================================================================
Received Import Request.
  Time since last request: 0.001169 seconds.
  path: Assets/ThirdPart/Nature pack extended/naturePack_029.obj
  artifactKey: Guid(20da69bd152db6e469c2b55ea8d39f44) Importer(2089858483,0ecaa5967403d082aa24f35e1b516d23)
Start importing Assets/ThirdPart/Nature pack extended/naturePack_029.obj using Guid(20da69bd152db6e469c2b55ea8d39f44) Importer(2089858483,0ecaa5967403d082aa24f35e1b516d23) Generated GUIDs only implemented for interfaces!
 -> (artifact id: '50034a6fc591a8eac0dca7b3b74cd95c') in 0.405141 seconds 
========================================================================
Received Import Request.
  Time since last request: 0.000038 seconds.
  path: Assets/ThirdPart/Nature pack extended/naturePack_013.obj
  artifactKey: Guid(798fbd8e40ae08946840d1acddba5cef) Importer(2089858483,0ecaa5967403d082aa24f35e1b516d23)
Start importing Assets/ThirdPart/Nature pack extended/naturePack_013.obj using Guid(798fbd8e40ae08946840d1acddba5cef) Importer(2089858483,0ecaa5967403d082aa24f35e1b516d23) Generated GUIDs only implemented for interfaces!
 -> (artifact id: 'ac2caab5e10a7b16068d1b608ea44703') in 0.190703 seconds 
========================================================================
Received Import Request.
  Time since last request: 0.000048 seconds.
  path: Assets/ThirdPart/Nature pack extended/naturePack_004.obj
  artifactKey: Guid(6d272c65794ef4d43a7ac245401981ec) Importer(2089858483,0ecaa5967403d082aa24f35e1b516d23)
Start importing Assets/ThirdPart/Nature pack extended/naturePack_004.obj using Guid(6d272c65794ef4d43a7ac245401981ec) Importer(2089858483,0ecaa5967403d082aa24f35e1b516d23) Generated GUIDs only implemented for interfaces!
 -> (artifact id: 'a16663d38b6ed4030f87ea512102e166') in 0.150002 seconds 
========================================================================
Received Import Request.
  Time since last request: 0.000037 seconds.
  path: Assets/ThirdPart/Nature pack extended/naturePack_057.mtl
  artifactKey: Guid(b791229c1848ea04d9378ef1ef741a54) Importer(2089858483,0ecaa5967403d082aa24f35e1b516d23)
Start importing Assets/ThirdPart/Nature pack extended/naturePack_057.mtl using Guid(b791229c1848ea04d9378ef1ef741a54) Importer(2089858483,0ecaa5967403d082aa24f35e1b516d23) Generated GUIDs only implemented for interfaces!
 -> (artifact id: 'b0b02a6511abb970edf481137ea58dbb') in 0.065516 seconds 
========================================================================
Received Import Request.
  Time since last request: 0.000075 seconds.
  path: Assets/ThirdPart/Nature pack extended/naturePack_052.obj
  artifactKey: Guid(bdcfeae659651984ea0845f0cb774e80) Importer(2089858483,0ecaa5967403d082aa24f35e1b516d23)
Start importing Assets/ThirdPart/Nature pack extended/naturePack_052.obj using Guid(bdcfeae659651984ea0845f0cb774e80) Importer(2089858483,0ecaa5967403d082aa24f35e1b516d23) Generated GUIDs only implemented for interfaces!
 -> (artifact id: 'e9b0518c039651f049ebf936712e59e3') in 0.141104 seconds 
========================================================================
Received Import Request.
  Time since last request: 0.000042 seconds.
  path: Assets/ThirdPart/Nature pack extended/naturePack_052.mtl
  artifactKey: Guid(6875e895dad36384c90be565b86d81da) Importer(2089858483,0ecaa5967403d082aa24f35e1b516d23)
Start importing Assets/ThirdPart/Nature pack extended/naturePack_052.mtl using Guid(6875e895dad36384c90be565b86d81da) Importer(2089858483,0ecaa5967403d082aa24f35e1b516d23) Generated GUIDs only implemented for interfaces!
 -> (artifact id: '99309bb1787c20b43f9249ccb7cb9d2b') in 0.029406 seconds 
========================================================================
Received Import Request.
  Time since last request: 0.000041 seconds.
  path: Assets/ThirdPart/Nature pack extended/naturePack_051.obj
  artifactKey: Guid(bb7af1ff296f4704c85d108c986c7d7c) Importer(2089858483,0ecaa5967403d082aa24f35e1b516d23)
Start importing Assets/ThirdPart/Nature pack extended/naturePack_051.obj using Guid(bb7af1ff296f4704c85d108c986c7d7c) Importer(2089858483,0ecaa5967403d082aa24f35e1b516d23) Generated GUIDs only implemented for interfaces!
 -> (artifact id: '4fb3092ca9684f8cc8f9afa9cdae892c') in 0.088936 seconds 
========================================================================
Received Import Request.
  Time since last request: 0.000051 seconds.
  path: Assets/ThirdPart/Nature pack extended/naturePack_059.obj
  artifactKey: Guid(88ac460e0403131478c5e7c869f0091b) Importer(2089858483,0ecaa5967403d082aa24f35e1b516d23)
Start importing Assets/ThirdPart/Nature pack extended/naturePack_059.obj using Guid(88ac460e0403131478c5e7c869f0091b) Importer(2089858483,0ecaa5967403d082aa24f35e1b516d23) Generated GUIDs only implemented for interfaces!
 -> (artifact id: '19fc3177afa8d2f8340cb4309102395b') in 0.171382 seconds 
========================================================================
Received Import Request.
  Time since last request: 0.000044 seconds.
  path: Assets/ThirdPart/Nature pack extended/naturePack_050.mtl
  artifactKey: Guid(0f3ed9adc17a0fd4994d4cd18e7dc6d6) Importer(2089858483,0ecaa5967403d082aa24f35e1b516d23)
Start importing Assets/ThirdPart/Nature pack extended/naturePack_050.mtl using Guid(0f3ed9adc17a0fd4994d4cd18e7dc6d6) Importer(2089858483,0ecaa5967403d082aa24f35e1b516d23) Generated GUIDs only implemented for interfaces!
 -> (artifact id: 'a67ec021010e08784fd48dd47c8867ce') in 0.063465 seconds 
========================================================================
Received Import Request.
  Time since last request: 0.000083 seconds.
  path: Assets/ThirdPart/Nature pack extended/naturePack_056.obj
  artifactKey: Guid(4226f9f2995e13f4ca87bb2b912cffa3) Importer(2089858483,0ecaa5967403d082aa24f35e1b516d23)
Start importing Assets/ThirdPart/Nature pack extended/naturePack_056.obj using Guid(4226f9f2995e13f4ca87bb2b912cffa3) Importer(2089858483,0ecaa5967403d082aa24f35e1b516d23) Generated GUIDs only implemented for interfaces!
 -> (artifact id: '8f3526b58bc01aa940ca0d217d6c33a9') in 0.139580 seconds 
========================================================================
Received Import Request.
  Time since last request: 0.000034 seconds.
  path: Assets/NewBehaviourScript.cs
  artifactKey: Guid(03f376811251d6a49baa557d23dc4a06) Importer(2089858483,0ecaa5967403d082aa24f35e1b516d23)
Start importing Assets/NewBehaviourScript.cs using Guid(03f376811251d6a49baa557d23dc4a06) Importer(2089858483,0ecaa5967403d082aa24f35e1b516d23) Generated GUIDs only implemented for interfaces!
 -> (artifact id: '0f600cc78515d22a0265fef064a70b40') in 0.097884 seconds 
========================================================================
Received Import Request.
  Time since last request: 0.000041 seconds.
  path: Assets/ThirdPart/Mini First Person Controller/First Person Controller.prefab
  artifactKey: Guid(11aaea5348574644a9eb4f4504fcce3f) Importer(2089858483,0ecaa5967403d082aa24f35e1b516d23)
Start importing Assets/ThirdPart/Mini First Person Controller/First Person Controller.prefab using Guid(11aaea5348574644a9eb4f4504fcce3f) Importer(2089858483,0ecaa5967403d082aa24f35e1b516d23) Generated GUIDs only implemented for interfaces!
 -> (artifact id: '77df2255c339118ccd623ae41a3a530a') in 0.970924 seconds 
========================================================================
Received Import Request.
  Time since last request: 0.000060 seconds.
  path: Assets/ThirdPart/Mini First Person Controller/First Person Controller Minimal.prefab
  artifactKey: Guid(f2e0b7ae4dae8cf44955bccd3512b213) Importer(2089858483,0ecaa5967403d082aa24f35e1b516d23)
Start importing Assets/ThirdPart/Mini First Person Controller/First Person Controller Minimal.prefab using Guid(f2e0b7ae4dae8cf44955bccd3512b213) Importer(2089858483,0ecaa5967403d082aa24f35e1b516d23) Generated GUIDs only implemented for interfaces!
 -> (artifact id: 'c2d37d7412d0fcdb1221d1b702d1a064') in 0.108957 seconds 
========================================================================
Received Import Request.
  Time since last request: 0.000055 seconds.
  path: Assets/Art/Materials/Spikes.mat
  artifactKey: Guid(6184e72cc1323ca438860ff0d385e8f7) Importer(2089858483,0ecaa5967403d082aa24f35e1b516d23)
Start importing Assets/Art/Materials/Spikes.mat using Guid(6184e72cc1323ca438860ff0d385e8f7) Importer(2089858483,0ecaa5967403d082aa24f35e1b516d23) Generated GUIDs only implemented for interfaces!
 -> (artifact id: '0abd74bbf13298c343597e0183ffd3a7') in 0.604591 seconds 
========================================================================
Received Import Request.
  Time since last request: 0.000275 seconds.
  path: Assets/ThirdPart/Nature pack extended/naturePack_063.obj
  artifactKey: Guid(d0a409b132372084987f40183993e371) Importer(2089858483,0ecaa5967403d082aa24f35e1b516d23)
Start importing Assets/ThirdPart/Nature pack extended/naturePack_063.obj using Guid(d0a409b132372084987f40183993e371) Importer(2089858483,0ecaa5967403d082aa24f35e1b516d23) Generated GUIDs only implemented for interfaces!
 -> (artifact id: '858072d8fafd41139fde69a88388333f') in 1.206538 seconds 
========================================================================
Received Import Request.
  Time since last request: 0.000998 seconds.
  path: Assets/ThirdPart/Nature pack extended/naturePack_071.mtl
  artifactKey: Guid(6956505f4eebf5049ba760455e49358c) Importer(2089858483,0ecaa5967403d082aa24f35e1b516d23)
Start importing Assets/ThirdPart/Nature pack extended/naturePack_071.mtl using Guid(6956505f4eebf5049ba760455e49358c) Importer(2089858483,0ecaa5967403d082aa24f35e1b516d23) Generated GUIDs only implemented for interfaces!
 -> (artifact id: 'a83e4e4c277a8c44103cd08eff79c7c9') in 0.575832 seconds 
========================================================================
Received Import Request.
  Time since last request: 0.000044 seconds.
  path: Assets/ThirdPart/Nature pack extended/naturePack_073.mtl
  artifactKey: Guid(b5b8b7828a38bb247bf9374943289f81) Importer(2089858483,0ecaa5967403d082aa24f35e1b516d23)
Start importing Assets/ThirdPart/Nature pack extended/naturePack_073.mtl using Guid(b5b8b7828a38bb247bf9374943289f81) Importer(2089858483,0ecaa5967403d082aa24f35e1b516d23) Generated GUIDs only implemented for interfaces!
 -> (artifact id: '453357f1f9af51cb07b756dfe9571172') in 0.257181 seconds 
========================================================================
Received Import Request.
  Time since last request: 0.000129 seconds.
  path: Assets/ThirdPart/Nature pack extended/naturePack_062.mtl
  artifactKey: Guid(973cea4ff1e88674198e1717fdba31f1) Importer(2089858483,0ecaa5967403d082aa24f35e1b516d23)
Start importing Assets/ThirdPart/Nature pack extended/naturePack_062.mtl using Guid(973cea4ff1e88674198e1717fdba31f1) Importer(2089858483,0ecaa5967403d082aa24f35e1b516d23) Generated GUIDs only implemented for interfaces!
 -> (artifact id: 'b1f669fe8e6c7c902fc721b554b2c31b') in 0.280376 seconds 
========================================================================
Received Import Request.
  Time since last request: 0.000037 seconds.
  path: Assets/ThirdPart/Nature pack extended/naturePack_067.mtl
  artifactKey: Guid(7ebc6d5f71a203c479b80344d06bc817) Importer(2089858483,0ecaa5967403d082aa24f35e1b516d23)
Start importing Assets/ThirdPart/Nature pack extended/naturePack_067.mtl using Guid(7ebc6d5f71a203c479b80344d06bc817) Importer(2089858483,0ecaa5967403d082aa24f35e1b516d23) Generated GUIDs only implemented for interfaces!
 -> (artifact id: 'afd777d6aa900ffa77367616ceaa0323') in 0.191027 seconds 
========================================================================
Received Import Request.
  Time since last request: 0.000050 seconds.
  path: Assets/ThirdPart/Nature pack extended/naturePack_069.mtl
  artifactKey: Guid(2713c47a128926745a65c0c16aeaf799) Importer(2089858483,0ecaa5967403d082aa24f35e1b516d23)
Start importing Assets/ThirdPart/Nature pack extended/naturePack_069.mtl using Guid(2713c47a128926745a65c0c16aeaf799) Importer(2089858483,0ecaa5967403d082aa24f35e1b516d23) Generated GUIDs only implemented for interfaces!
 -> (artifact id: '880efbe2d041427d9a4f5a0b59c4fd61') in 0.058536 seconds 
========================================================================
Received Import Request.
  Time since last request: 0.000398 seconds.
  path: Assets/ThirdPart/Nature pack extended/naturePack_062.obj
  artifactKey: Guid(129f0517e7d826844b87c8c15735d4c9) Importer(2089858483,0ecaa5967403d082aa24f35e1b516d23)
Start importing Assets/ThirdPart/Nature pack extended/naturePack_062.obj using Guid(129f0517e7d826844b87c8c15735d4c9) Importer(2089858483,0ecaa5967403d082aa24f35e1b516d23) Generated GUIDs only implemented for interfaces!
 -> (artifact id: 'aa7ea3977b27ac48000dee23a09b0250') in 1.789498 seconds 
========================================================================
Received Import Request.
  Time since last request: 0.000039 seconds.
  path: Assets/ThirdPart/Nature pack extended/naturePack_075.obj
  artifactKey: Guid(38bc8c8bfb608f64dadb21c19c06113c) Importer(2089858483,0ecaa5967403d082aa24f35e1b516d23)
Start importing Assets/ThirdPart/Nature pack extended/naturePack_075.obj using Guid(38bc8c8bfb608f64dadb21c19c06113c) Importer(2089858483,0ecaa5967403d082aa24f35e1b516d23) Generated GUIDs only implemented for interfaces!
 -> (artifact id: '7f34a7486ab30c1b74d03322247b60fd') in 4.622596 seconds 
========================================================================
Received Import Request.
  Time since last request: 0.001854 seconds.
  path: Assets/ThirdPart/Nature pack extended/naturePack_080.mtl
  artifactKey: Guid(eb4ef7d11a56e1e42bcfa10792f2fd30) Importer(2089858483,0ecaa5967403d082aa24f35e1b516d23)
Start importing Assets/ThirdPart/Nature pack extended/naturePack_080.mtl using Guid(eb4ef7d11a56e1e42bcfa10792f2fd30) Importer(2089858483,0ecaa5967403d082aa24f35e1b516d23) Generated GUIDs only implemented for interfaces!
 -> (artifact id: 'b61c5967efec7e4923c6cb6cda6ed49e') in 0.150612 seconds 
========================================================================
Received Import Request.
  Time since last request: 0.000038 seconds.
  path: Assets/ThirdPart/Nature pack extended/naturePack_080.obj
  artifactKey: Guid(c7a59bf400668ca49b2d9ecc3a0771e4) Importer(2089858483,0ecaa5967403d082aa24f35e1b516d23)
Start importing Assets/ThirdPart/Nature pack extended/naturePack_080.obj using Guid(c7a59bf400668ca49b2d9ecc3a0771e4) Importer(2089858483,0ecaa5967403d082aa24f35e1b516d23) Generated GUIDs only implemented for interfaces!
 -> (artifact id: 'b808c4eca0fe21df43821f1eff340d95') in 0.937741 seconds 
========================================================================
Received Import Request.
  Time since last request: 0.000052 seconds.
  path: Assets/ThirdPart/Nature pack extended/naturePack_082.obj
  artifactKey: Guid(7d5b93c0def86cd4b95a692808f5183a) Importer(2089858483,0ecaa5967403d082aa24f35e1b516d23)
Start importing Assets/ThirdPart/Nature pack extended/naturePack_082.obj using Guid(7d5b93c0def86cd4b95a692808f5183a) Importer(2089858483,0ecaa5967403d082aa24f35e1b516d23) Generated GUIDs only implemented for interfaces!
 -> (artifact id: '4e3faf2076542f203e45c1104c9756c8') in 0.416501 seconds 
========================================================================
Received Import Request.
  Time since last request: 0.002677 seconds.
  path: Assets/ThirdPart/Nature pack extended/naturePack_064.mtl
  artifactKey: Guid(ef44c7ca52c56d140a23b33986ba9c7a) Importer(2089858483,0ecaa5967403d082aa24f35e1b516d23)
Start importing Assets/ThirdPart/Nature pack extended/naturePack_064.mtl using Guid(ef44c7ca52c56d140a23b33986ba9c7a) Importer(2089858483,0ecaa5967403d082aa24f35e1b516d23) Generated GUIDs only implemented for interfaces!
 -> (artifact id: '3035c3cbb275cc586021e2fd1b3b5af0') in 0.412166 seconds 
========================================================================
Received Import Request.
  Time since last request: 0.152276 seconds.
  path: Assets/ThirdPart/Nature pack extended/naturePack_035.obj
  artifactKey: Guid(9269e97af39f24f48a6186189217fbbd) Importer(2089858483,0ecaa5967403d082aa24f35e1b516d23)
Start importing Assets/ThirdPart/Nature pack extended/naturePack_035.obj using Guid(9269e97af39f24f48a6186189217fbbd) Importer(2089858483,0ecaa5967403d082aa24f35e1b516d23) Generated GUIDs only implemented for interfaces!
 -> (artifact id: '6fdc6bef42c4664c69051ca4e70ad716') in 0.136667 seconds 
========================================================================
Received Import Request.
  Time since last request: 0.000035 seconds.
  path: Assets/Levels/Prefabs/New Material.mat
  artifactKey: Guid(0abb7aafb4153344b9b024a7ecc4c5f7) Importer(2089858483,0ecaa5967403d082aa24f35e1b516d23)
Start importing Assets/Levels/Prefabs/New Material.mat using Guid(0abb7aafb4153344b9b024a7ecc4c5f7) Importer(2089858483,0ecaa5967403d082aa24f35e1b516d23) Generated GUIDs only implemented for interfaces!
 -> (artifact id: '7f9297471179c9512994e5486b9e27ff') in 0.055928 seconds 
========================================================================
Received Import Request.
  Time since last request: 0.000055 seconds.
  path: Assets/ThirdPart/Nature pack extended/naturePack_036.mtl
  artifactKey: Guid(d31d43b9be047d043a9589b60bfb461f) Importer(2089858483,0ecaa5967403d082aa24f35e1b516d23)
Start importing Assets/ThirdPart/Nature pack extended/naturePack_036.mtl using Guid(d31d43b9be047d043a9589b60bfb461f) Importer(2089858483,0ecaa5967403d082aa24f35e1b516d23) Generated GUIDs only implemented for interfaces!
 -> (artifact id: 'def7a7d9ac45bad0216183550dd2e62e') in 0.114790 seconds 
========================================================================
Received Import Request.
  Time since last request: 0.000031 seconds.
  path: Assets/ThirdPart/Nature pack extended/naturePack_008.obj
  artifactKey: Guid(652c9245689d47047968c2020f300db3) Importer(2089858483,0ecaa5967403d082aa24f35e1b516d23)
Start importing Assets/ThirdPart/Nature pack extended/naturePack_008.obj using Guid(652c9245689d47047968c2020f300db3) Importer(2089858483,0ecaa5967403d082aa24f35e1b516d23) Generated GUIDs only implemented for interfaces!
 -> (artifact id: 'e24067da7ae49b71ccf3bba0ee6cc975') in 0.148815 seconds 
========================================================================
Received Import Request.
  Time since last request: 0.000459 seconds.
  path: Assets/ThirdPart/Nature pack extended/naturePack_006.obj
  artifactKey: Guid(c1e179a3fad3b124e8fe3b18c77dae73) Importer(2089858483,0ecaa5967403d082aa24f35e1b516d23)
Start importing Assets/ThirdPart/Nature pack extended/naturePack_006.obj using Guid(c1e179a3fad3b124e8fe3b18c77dae73) Importer(2089858483,0ecaa5967403d082aa24f35e1b516d23) Generated GUIDs only implemented for interfaces!
 -> (artifact id: '132983497ab6c648577bd178875c6251') in 0.143633 seconds 
========================================================================
Received Import Request.
  Time since last request: 0.000049 seconds.
  path: Assets/ThirdPart/Nature pack extended/naturePack_040.obj
  artifactKey: Guid(24698ac43c093ad4ea0697f6dd617382) Importer(2089858483,0ecaa5967403d082aa24f35e1b516d23)
Start importing Assets/ThirdPart/Nature pack extended/naturePack_040.obj using Guid(24698ac43c093ad4ea0697f6dd617382) Importer(2089858483,0ecaa5967403d082aa24f35e1b516d23) Generated GUIDs only implemented for interfaces!
 -> (artifact id: '429dd6615b11970f2635d725a9a7872e') in 0.241654 seconds 
========================================================================
Received Import Request.
  Time since last request: 0.000039 seconds.
  path: Assets/ThirdPart/Nature pack extended/naturePack_012.mtl
  artifactKey: Guid(c406f938085b64248a4fa6cba41115af) Importer(2089858483,0ecaa5967403d082aa24f35e1b516d23)
Start importing Assets/ThirdPart/Nature pack extended/naturePack_012.mtl using Guid(c406f938085b64248a4fa6cba41115af) Importer(2089858483,0ecaa5967403d082aa24f35e1b516d23) Generated GUIDs only implemented for interfaces!
 -> (artifact id: '1487a94e4d78de0c2ad5e3547aa27375') in 0.079783 seconds 
========================================================================
Received Import Request.
  Time since last request: 0.000051 seconds.
  path: Assets/ThirdPart/Nature pack extended/naturePack_013.mtl
  artifactKey: Guid(5ccab94fd74126847a4e78daafc24720) Importer(2089858483,0ecaa5967403d082aa24f35e1b516d23)
Start importing Assets/ThirdPart/Nature pack extended/naturePack_013.mtl using Guid(5ccab94fd74126847a4e78daafc24720) Importer(2089858483,0ecaa5967403d082aa24f35e1b516d23) Generated GUIDs only implemented for interfaces!
 -> (artifact id: 'f03e4fb077265ac3ad89307f9ad13543') in 0.031232 seconds 
========================================================================
Received Import Request.
  Time since last request: 0.000043 seconds.
  path: Assets/ThirdPart/Nature pack extended/naturePack_045.obj
  artifactKey: Guid(fb5feadadaae0e3458b32957e18d43d6) Importer(2089858483,0ecaa5967403d082aa24f35e1b516d23)
Start importing Assets/ThirdPart/Nature pack extended/naturePack_045.obj using Guid(fb5feadadaae0e3458b32957e18d43d6) Importer(2089858483,0ecaa5967403d082aa24f35e1b516d23) Generated GUIDs only implemented for interfaces!
 -> (artifact id: '5ac2fd875b4c61cbd94c3cab83f6b196') in 0.173454 seconds 
========================================================================
Received Import Request.
  Time since last request: 0.000168 seconds.
  path: Assets/ThirdPart/Nature pack extended/naturePack_074.mtl
  artifactKey: Guid(9f7e32c63f8e9f3408e8bf8e1de12529) Importer(2089858483,0ecaa5967403d082aa24f35e1b516d23)
Start importing Assets/ThirdPart/Nature pack extended/naturePack_074.mtl using Guid(9f7e32c63f8e9f3408e8bf8e1de12529) Importer(2089858483,0ecaa5967403d082aa24f35e1b516d23) Generated GUIDs only implemented for interfaces!
 -> (artifact id: '4753bcf821e56d5941fb2c490e959abb') in 0.094507 seconds 
========================================================================
Received Import Request.
  Time since last request: 0.000195 seconds.
  path: Assets/giop.cs
  artifactKey: Guid(1510e307a896ecb418e121ecf86ba7e7) Importer(2089858483,0ecaa5967403d082aa24f35e1b516d23)
Start importing Assets/giop.cs using Guid(1510e307a896ecb418e121ecf86ba7e7) Importer(2089858483,0ecaa5967403d082aa24f35e1b516d23) Generated GUIDs only implemented for interfaces!
 -> (artifact id: '2759c540b03b110f7916539b26de6186') in 0.076590 seconds 
========================================================================
Received Import Request.
  Time since last request: 0.000040 seconds.
  path: Assets/Art/Materials/Accelerator.mat
  artifactKey: Guid(f97a1ad258249254b8b9ac375b1da3a6) Importer(2089858483,0ecaa5967403d082aa24f35e1b516d23)
Start importing Assets/Art/Materials/Accelerator.mat using Guid(f97a1ad258249254b8b9ac375b1da3a6) Importer(2089858483,0ecaa5967403d082aa24f35e1b516d23) Generated GUIDs only implemented for interfaces!
 -> (artifact id: '8c516b6c30e214a510a364475658a1b2') in 0.074800 seconds 
========================================================================
Received Import Request.
  Time since last request: 0.000038 seconds.
  path: Assets/ThirdPart/Nature pack extended/naturePack_064.obj
  artifactKey: Guid(fd1e003366ac8e14d80ebe9e47383317) Importer(2089858483,0ecaa5967403d082aa24f35e1b516d23)
Start importing Assets/ThirdPart/Nature pack extended/naturePack_064.obj using Guid(fd1e003366ac8e14d80ebe9e47383317) Importer(2089858483,0ecaa5967403d082aa24f35e1b516d23) Generated GUIDs only implemented for interfaces!
 -> (artifact id: '69bdf7e99c7cf3bd20937dce5cba6b3c') in 0.574924 seconds 
========================================================================
Received Import Request.
  Time since last request: 0.000056 seconds.
  path: Assets/ThirdPart/Nature pack extended/naturePack_087.obj
  artifactKey: Guid(716b6fc6b338e864a9a5cfd7f3205aec) Importer(2089858483,0ecaa5967403d082aa24f35e1b516d23)
Start importing Assets/ThirdPart/Nature pack extended/naturePack_087.obj using Guid(716b6fc6b338e864a9a5cfd7f3205aec) Importer(2089858483,0ecaa5967403d082aa24f35e1b516d23) Generated GUIDs only implemented for interfaces!
 -> (artifact id: 'b921d28a3a46aaa980583ec3a367d01d') in 0.138003 seconds 
========================================================================
Received Import Request.
  Time since last request: 0.000793 seconds.
  path: Assets/ThirdPart/Nature pack extended/naturePack_096.mtl
  artifactKey: Guid(b6a55c5222c865c4ab2835bf9f30a9bf) Importer(2089858483,0ecaa5967403d082aa24f35e1b516d23)
Start importing Assets/ThirdPart/Nature pack extended/naturePack_096.mtl using Guid(b6a55c5222c865c4ab2835bf9f30a9bf) Importer(2089858483,0ecaa5967403d082aa24f35e1b516d23) Generated GUIDs only implemented for interfaces!
 -> (artifact id: 'adfe68a2871b5d6e9cd7f44c44567a0f') in 0.420849 seconds 
========================================================================
Received Import Request.
  Time since last request: 0.002182 seconds.
  path: Assets/ThirdPart/Nature pack extended/naturePack_097.mtl
  artifactKey: Guid(717888ee1fd0e6d4a8597f1dc89a26b9) Importer(2089858483,0ecaa5967403d082aa24f35e1b516d23)
Start importing Assets/ThirdPart/Nature pack extended/naturePack_097.mtl using Guid(717888ee1fd0e6d4a8597f1dc89a26b9) Importer(2089858483,0ecaa5967403d082aa24f35e1b516d23) Generated GUIDs only implemented for interfaces!
 -> (artifact id: '422f422643bdbd9c1c40d8b4fc49ac70') in 0.936060 seconds 
========================================================================
Received Import Request.
  Time since last request: 0.000044 seconds.
  path: Assets/ThirdPart/Nature pack extended/naturePack_092.obj
  artifactKey: Guid(34ff36f160ef2bc40a6be5516c5c411d) Importer(2089858483,0ecaa5967403d082aa24f35e1b516d23)
Start importing Assets/ThirdPart/Nature pack extended/naturePack_092.obj using Guid(34ff36f160ef2bc40a6be5516c5c411d) Importer(2089858483,0ecaa5967403d082aa24f35e1b516d23) Generated GUIDs only implemented for interfaces!
 -> (artifact id: 'e1401cfb749603616e82a1cab73aa6ff') in 0.932895 seconds 
========================================================================
Received Import Request.
  Time since last request: 0.000047 seconds.
  path: Assets/ThirdPart/Nature pack extended/naturePack_100.obj
  artifactKey: Guid(4f3f933b3b4dad44f8ef417ef6703938) Importer(2089858483,0ecaa5967403d082aa24f35e1b516d23)
Start importing Assets/ThirdPart/Nature pack extended/naturePack_100.obj using Guid(4f3f933b3b4dad44f8ef417ef6703938) Importer(2089858483,0ecaa5967403d082aa24f35e1b516d23) Generated GUIDs only implemented for interfaces!
 -> (artifact id: '516a1fa9dbd90d1085a27541f1aad5aa') in 0.194344 seconds 
========================================================================
Received Import Request.
  Time since last request: 0.000040 seconds.
  path: Assets/ThirdPart/Nature pack extended/naturePack_086.mtl
  artifactKey: Guid(32d3650c64e6c47449bca7cb9b106c44) Importer(2089858483,0ecaa5967403d082aa24f35e1b516d23)
Start importing Assets/ThirdPart/Nature pack extended/naturePack_086.mtl using Guid(32d3650c64e6c47449bca7cb9b106c44) Importer(2089858483,0ecaa5967403d082aa24f35e1b516d23) Generated GUIDs only implemented for interfaces!
 -> (artifact id: '1659bc71bb2de1a2e14c291ef3c57af0') in 0.037811 seconds 
========================================================================
Received Import Request.
  Time since last request: 0.000508 seconds.
  path: Assets/ThirdPart/Nature pack extended/naturePack_047.mtl
  artifactKey: Guid(42ff30d6004eca14eac5c1f4caa4485a) Importer(2089858483,0ecaa5967403d082aa24f35e1b516d23)
Start importing Assets/ThirdPart/Nature pack extended/naturePack_047.mtl using Guid(42ff30d6004eca14eac5c1f4caa4485a) Importer(2089858483,0ecaa5967403d082aa24f35e1b516d23) Generated GUIDs only implemented for interfaces!
 -> (artifact id: 'b4895c18735e05f5edfe3234bdbee39e') in 0.135936 seconds 
========================================================================
Received Import Request.
  Time since last request: 0.000420 seconds.
  path: Assets/Levels/Models/Spikes.fbx
  artifactKey: Guid(0b5a4e47006de6045990ec766be2d40b) Importer(2089858483,0ecaa5967403d082aa24f35e1b516d23)
Start importing Assets/Levels/Models/Spikes.fbx using Guid(0b5a4e47006de6045990ec766be2d40b) Importer(2089858483,0ecaa5967403d082aa24f35e1b516d23) Generated GUIDs only implemented for interfaces!
 -> (artifact id: '2784964c0e67b5e860e2318850af8396') in 0.188051 seconds 
========================================================================
Received Import Request.
  Time since last request: 0.000575 seconds.
  path: Assets/ThirdPart/Nature pack extended/naturePack_031.mtl
  artifactKey: Guid(e759c731f18c87c498d330df96388609) Importer(2089858483,0ecaa5967403d082aa24f35e1b516d23)
Start importing Assets/ThirdPart/Nature pack extended/naturePack_031.mtl using Guid(e759c731f18c87c498d330df96388609) Importer(2089858483,0ecaa5967403d082aa24f35e1b516d23) Generated GUIDs only implemented for interfaces!
 -> (artifact id: '338c5cceeb88df34a33ac32d8e74dd11') in 0.052891 seconds 
========================================================================
Received Import Request.
  Time since last request: 0.000342 seconds.
  path: Assets/ThirdPart/Nature pack extended/naturePack_039.mtl
  artifactKey: Guid(28da94e1388a16740af6454f9421442c) Importer(2089858483,0ecaa5967403d082aa24f35e1b516d23)
Start importing Assets/ThirdPart/Nature pack extended/naturePack_039.mtl using Guid(28da94e1388a16740af6454f9421442c) Importer(2089858483,0ecaa5967403d082aa24f35e1b516d23) Generated GUIDs only implemented for interfaces!
 -> (artifact id: '9aa57febaa1e60918f6688ce232fa581') in 0.078819 seconds 
========================================================================
Received Import Request.
  Time since last request: 0.000038 seconds.
  path: Assets/ThirdPart/Nature pack extended/naturePack_090.obj
  artifactKey: Guid(7612e7129e8f52a4e9cf92c812d5f27c) Importer(2089858483,0ecaa5967403d082aa24f35e1b516d23)
Start importing Assets/ThirdPart/Nature pack extended/naturePack_090.obj using Guid(7612e7129e8f52a4e9cf92c812d5f27c) Importer(2089858483,0ecaa5967403d082aa24f35e1b516d23) Generated GUIDs only implemented for interfaces!
 -> (artifact id: '29eedc743d964a8adf6a6ca9c84fcaee') in 0.270588 seconds 
========================================================================
Received Import Request.
  Time since last request: 0.000047 seconds.
  path: Assets/ThirdPart/Nature pack extended/naturePack_089.obj
  artifactKey: Guid(8c38e6362b9f5b643916a718744eba5c) Importer(2089858483,0ecaa5967403d082aa24f35e1b516d23)
Start importing Assets/ThirdPart/Nature pack extended/naturePack_089.obj using Guid(8c38e6362b9f5b643916a718744eba5c) Importer(2089858483,0ecaa5967403d082aa24f35e1b516d23) Generated GUIDs only implemented for interfaces!
 -> (artifact id: 'fd5e0712ec074507fba075531f085e0e') in 0.080869 seconds 
========================================================================
Received Import Request.
  Time since last request: 0.000068 seconds.
  path: Assets/ThirdPart/Nature pack extended/naturePack_035.mtl
  artifactKey: Guid(428ebf50aff464d48af645f6d006fa83) Importer(2089858483,0ecaa5967403d082aa24f35e1b516d23)
Start importing Assets/ThirdPart/Nature pack extended/naturePack_035.mtl using Guid(428ebf50aff464d48af645f6d006fa83) Importer(2089858483,0ecaa5967403d082aa24f35e1b516d23) Generated GUIDs only implemented for interfaces!
 -> (artifact id: '6d0094910ce0daf36567c6fc57eea3c5') in 0.029306 seconds 
========================================================================
Received Import Request.
  Time since last request: 0.000042 seconds.
  path: Assets/Levels/Prefabs/Teleport.prefab
  artifactKey: Guid(f7561678644751e4abe467d7b03d0861) Importer(2089858483,0ecaa5967403d082aa24f35e1b516d23)
Start importing Assets/Levels/Prefabs/Teleport.prefab using Guid(f7561678644751e4abe467d7b03d0861) Importer(2089858483,0ecaa5967403d082aa24f35e1b516d23) Generated GUIDs only implemented for interfaces!
 -> (artifact id: '484e47a6d8a9004877df6ca107d31cbc') in 0.030261 seconds 
========================================================================
Received Import Request.
  Time since last request: 0.000037 seconds.
  path: Assets/Art/Materials/Button.mat
  artifactKey: Guid(938999ad8c9e7314d91816e4708eb5c5) Importer(2089858483,0ecaa5967403d082aa24f35e1b516d23)
Start importing Assets/Art/Materials/Button.mat using Guid(938999ad8c9e7314d91816e4708eb5c5) Importer(2089858483,0ecaa5967403d082aa24f35e1b516d23) Generated GUIDs only implemented for interfaces!
 -> (artifact id: '2647c1b21533d85e6a1c2a88e3b33729') in 0.036836 seconds 
========================================================================
Received Import Request.
  Time since last request: 0.000045 seconds.
  path: Assets/ThirdPart/Nature pack extended/naturePack_087.mtl
  artifactKey: Guid(b89c8756c6a04da4bbb575ed6dd62aa0) Importer(2089858483,0ecaa5967403d082aa24f35e1b516d23)
Start importing Assets/ThirdPart/Nature pack extended/naturePack_087.mtl using Guid(b89c8756c6a04da4bbb575ed6dd62aa0) Importer(2089858483,0ecaa5967403d082aa24f35e1b516d23) Generated GUIDs only implemented for interfaces!
 -> (artifact id: 'd30e34abe771abd6f64e34279c3896b8') in 0.463506 seconds 
========================================================================
Received Import Request.
  Time since last request: 0.000044 seconds.
  path: Assets/ThirdPart/Nature pack extended/naturePack_054.obj
  artifactKey: Guid(7dad57b5776338340bf488cd934b688f) Importer(2089858483,0ecaa5967403d082aa24f35e1b516d23)
Start importing Assets/ThirdPart/Nature pack extended/naturePack_054.obj using Guid(7dad57b5776338340bf488cd934b688f) Importer(2089858483,0ecaa5967403d082aa24f35e1b516d23) Generated GUIDs only implemented for interfaces!
 -> (artifact id: '90802b3be28b864127fffc493bbf9e18') in 0.470717 seconds 
========================================================================
Received Import Request.
  Time since last request: 0.000049 seconds.
  path: Assets/ThirdPart/Nature pack extended/naturePack_102.obj
  artifactKey: Guid(7d4b553096a5dbc4fb507ab1a1b0486a) Importer(2089858483,0ecaa5967403d082aa24f35e1b516d23)
Start importing Assets/ThirdPart/Nature pack extended/naturePack_102.obj using Guid(7d4b553096a5dbc4fb507ab1a1b0486a) Importer(2089858483,0ecaa5967403d082aa24f35e1b516d23) Generated GUIDs only implemented for interfaces!
 -> (artifact id: '23d3e2a50d9dc3031d9626f839a76dd4') in 0.249640 seconds 
========================================================================
Received Import Request.
  Time since last request: 0.000046 seconds.
  path: Assets/ThirdPart/Nature pack extended/naturePack_107.obj
  artifactKey: Guid(cd552c6bf0b2e2a46a257e7a3dfee6fc) Importer(2089858483,0ecaa5967403d082aa24f35e1b516d23)
Start importing Assets/ThirdPart/Nature pack extended/naturePack_107.obj using Guid(cd552c6bf0b2e2a46a257e7a3dfee6fc) Importer(2089858483,0ecaa5967403d082aa24f35e1b516d23) Generated GUIDs only implemented for interfaces!
 -> (artifact id: 'd15ba3c1f3fc6dff62544ce13a4cfb82') in 3.938134 seconds 
========================================================================
Received Import Request.
  Time since last request: 0.000046 seconds.
  path: Assets/ThirdPart/Nature pack extended/naturePack_111.obj
  artifactKey: Guid(523cf27d8b269d5438c7ba586836f756) Importer(2089858483,0ecaa5967403d082aa24f35e1b516d23)
Start importing Assets/ThirdPart/Nature pack extended/naturePack_111.obj using Guid(523cf27d8b269d5438c7ba586836f756) Importer(2089858483,0ecaa5967403d082aa24f35e1b516d23) Generated GUIDs only implemented for interfaces!
 -> (artifact id: '4e72849f9bd2cb1a87110df3df79c681') in 0.321601 seconds 
========================================================================
Received Import Request.
  Time since last request: 0.000034 seconds.
  path: Assets/ThirdPart/Nature pack extended/naturePack_116.mtl
  artifactKey: Guid(e70ba2bf7326c734983864c7fac53e02) Importer(2089858483,0ecaa5967403d082aa24f35e1b516d23)
Start importing Assets/ThirdPart/Nature pack extended/naturePack_116.mtl using Guid(e70ba2bf7326c734983864c7fac53e02) Importer(2089858483,0ecaa5967403d082aa24f35e1b516d23) Generated GUIDs only implemented for interfaces!
 -> (artifact id: '9d92db0b683d99a1f8ed60f961a197df') in 0.273361 seconds 
========================================================================
Received Import Request.
  Time since last request: 0.000050 seconds.
  path: Assets/ThirdPart/Nature pack extended/naturePack_108.obj
  artifactKey: Guid(17dbcb11b7464cb4c9ad434b437c3c12) Importer(2089858483,0ecaa5967403d082aa24f35e1b516d23)
Start importing Assets/ThirdPart/Nature pack extended/naturePack_108.obj using Guid(17dbcb11b7464cb4c9ad434b437c3c12) Importer(2089858483,0ecaa5967403d082aa24f35e1b516d23) Generated GUIDs only implemented for interfaces!
 -> (artifact id: '3544a17721d6f2fefc9204bd17c92c95') in 0.110031 seconds 
========================================================================
Received Import Request.
  Time since last request: 0.000061 seconds.
  path: Assets/ThirdPart/Nature pack extended/naturePack_103.mtl
  artifactKey: Guid(b2bdba1bb3a776342ab7cd977386be5e) Importer(2089858483,0ecaa5967403d082aa24f35e1b516d23)
Start importing Assets/ThirdPart/Nature pack extended/naturePack_103.mtl using Guid(b2bdba1bb3a776342ab7cd977386be5e) Importer(2089858483,0ecaa5967403d082aa24f35e1b516d23) Generated GUIDs only implemented for interfaces!
 -> (artifact id: 'b6845ec4cbf16de732e6a36e31524e81') in 0.039631 seconds 
========================================================================
Received Import Request.
  Time since last request: 0.000035 seconds.
  path: Assets/ThirdPart/Nature pack extended/naturePack_105.obj
  artifactKey: Guid(d3489d8ccc5dc854c9c55c9d0fa696a3) Importer(2089858483,0ecaa5967403d082aa24f35e1b516d23)
Start importing Assets/ThirdPart/Nature pack extended/naturePack_105.obj using Guid(d3489d8ccc5dc854c9c55c9d0fa696a3) Importer(2089858483,0ecaa5967403d082aa24f35e1b516d23) Generated GUIDs only implemented for interfaces!
 -> (artifact id: 'fdca25af8b14daa981984a7a48606cfd') in 0.095190 seconds 
========================================================================
Received Import Request.
  Time since last request: 0.000122 seconds.
  path: Assets/ThirdPart/Nature pack extended/naturePack_084.obj
  artifactKey: Guid(a24d295862bcfe74a9f6c2c818769b4d) Importer(2089858483,0ecaa5967403d082aa24f35e1b516d23)
Start importing Assets/ThirdPart/Nature pack extended/naturePack_084.obj using Guid(a24d295862bcfe74a9f6c2c818769b4d) Importer(2089858483,0ecaa5967403d082aa24f35e1b516d23) Generated GUIDs only implemented for interfaces!
 -> (artifact id: '82abe34719b0fe94c81ef4bffe2a2ea0') in 0.134795 seconds 
========================================================================
Received Import Request.
  Time since last request: 0.000043 seconds.
  path: Assets/ThirdPart/Nature pack extended/naturePack_091.mtl
  artifactKey: Guid(3935ab5a02f426e47a6074e557da7cfd) Importer(2089858483,0ecaa5967403d082aa24f35e1b516d23)
Start importing Assets/ThirdPart/Nature pack extended/naturePack_091.mtl using Guid(3935ab5a02f426e47a6074e557da7cfd) Importer(2089858483,0ecaa5967403d082aa24f35e1b516d23) Generated GUIDs only implemented for interfaces!
 -> (artifact id: 'fd96cf1aa35ab16dadfb74276c31e2b2') in 1.229981 seconds 
========================================================================
Received Import Request.
  Time since last request: 0.000037 seconds.
  path: Assets/ThirdPart/Nature pack extended/naturePack_083.mtl
  artifactKey: Guid(89f9aac8aa15ef448beac6447e1d86d8) Importer(2089858483,0ecaa5967403d082aa24f35e1b516d23)
Start importing Assets/ThirdPart/Nature pack extended/naturePack_083.mtl using Guid(89f9aac8aa15ef448beac6447e1d86d8) Importer(2089858483,0ecaa5967403d082aa24f35e1b516d23) Generated GUIDs only implemented for interfaces!
 -> (artifact id: 'fc4703daecdd598e4a7b4a8d7b07a185') in 0.069159 seconds 
========================================================================
Received Import Request.
  Time since last request: 0.000041 seconds.
  path: Assets/ThirdPart/Nature pack extended/naturePack_107.mtl
  artifactKey: Guid(73c7c69befa2e5e40871ba128ed24667) Importer(2089858483,0ecaa5967403d082aa24f35e1b516d23)
Start importing Assets/ThirdPart/Nature pack extended/naturePack_107.mtl using Guid(73c7c69befa2e5e40871ba128ed24667) Importer(2089858483,0ecaa5967403d082aa24f35e1b516d23) Generated GUIDs only implemented for interfaces!
 -> (artifact id: 'f4f977bdf01e7d7d494a17fb642288e0') in 0.035471 seconds 
========================================================================
Received Import Request.
  Time since last request: 0.000037 seconds.
  path: Assets/ThirdPart/Nature pack extended/naturePack_114.mtl
  artifactKey: Guid(31a52f8c1dafeb545bba36a669125b31) Importer(2089858483,0ecaa5967403d082aa24f35e1b516d23)
Start importing Assets/ThirdPart/Nature pack extended/naturePack_114.mtl using Guid(31a52f8c1dafeb545bba36a669125b31) Importer(2089858483,0ecaa5967403d082aa24f35e1b516d23) Generated GUIDs only implemented for interfaces!
 -> (artifact id: 'c640767f22d80a6d024fbd6d5aba9549') in 0.027349 seconds 
========================================================================
Received Import Request.
  Time since last request: 0.000037 seconds.
  path: Assets/ThirdPart/Nature pack extended/naturePack_084.mtl
  artifactKey: Guid(8b7296cad74f31d43a1f19039533c825) Importer(2089858483,0ecaa5967403d082aa24f35e1b516d23)
Start importing Assets/ThirdPart/Nature pack extended/naturePack_084.mtl using Guid(8b7296cad74f31d43a1f19039533c825) Importer(2089858483,0ecaa5967403d082aa24f35e1b516d23) Generated GUIDs only implemented for interfaces!
 -> (artifact id: 'bc4be70acc77bfe743acbb694739a051') in 0.101606 seconds 
========================================================================
Received Import Request.
  Time since last request: 0.000038 seconds.
  path: Assets/ThirdPart/Nature pack extended/naturePack_081.mtl
  artifactKey: Guid(901ec2bc2f60b8648a10bab6dc85d8a8) Importer(2089858483,0ecaa5967403d082aa24f35e1b516d23)
Start importing Assets/ThirdPart/Nature pack extended/naturePack_081.mtl using Guid(901ec2bc2f60b8648a10bab6dc85d8a8) Importer(2089858483,0ecaa5967403d082aa24f35e1b516d23) Generated GUIDs only implemented for interfaces!
 -> (artifact id: 'fddd3c684032d377e5ba9271299fbc74') in 0.077787 seconds 
========================================================================
Received Import Request.
  Time since last request: 0.000350 seconds.
  path: Assets/ThirdPart/Nature pack extended/naturePack_089.mtl
  artifactKey: Guid(ea2c50b3b499b9742bc887184600c9e6) Importer(2089858483,0ecaa5967403d082aa24f35e1b516d23)
Start importing Assets/ThirdPart/Nature pack extended/naturePack_089.mtl using Guid(ea2c50b3b499b9742bc887184600c9e6) Importer(2089858483,0ecaa5967403d082aa24f35e1b516d23) Generated GUIDs only implemented for interfaces!
 -> (artifact id: '8c5d58653d2efea775fc21c3fc7e5c13') in 0.148182 seconds 
========================================================================
Received Import Request.
  Time since last request: 0.000033 seconds.
  path: Assets/ThirdPart/Nature pack extended/naturePack_116.obj
  artifactKey: Guid(c9dffbb3f856e8046a3d4172c792bc75) Importer(2089858483,0ecaa5967403d082aa24f35e1b516d23)
Start importing Assets/ThirdPart/Nature pack extended/naturePack_116.obj using Guid(c9dffbb3f856e8046a3d4172c792bc75) Importer(2089858483,0ecaa5967403d082aa24f35e1b516d23) Generated GUIDs only implemented for interfaces!
 -> (artifact id: 'a20cecc197918fd2771a49a4796e1099') in 0.196288 seconds 
========================================================================
Received Import Request.
  Time since last request: 0.000029 seconds.
  path: Assets/ThirdPart/Nature pack extended/naturePack_118.obj
  artifactKey: Guid(6b8209749ff0bd84888faeea723f5014) Importer(2089858483,0ecaa5967403d082aa24f35e1b516d23)
Start importing Assets/ThirdPart/Nature pack extended/naturePack_118.obj using Guid(6b8209749ff0bd84888faeea723f5014) Importer(2089858483,0ecaa5967403d082aa24f35e1b516d23) Generated GUIDs only implemented for interfaces!
 -> (artifact id: '940e2f378630114b2f0f1b7e052079bb') in 0.220159 seconds 
========================================================================
Received Import Request.
  Time since last request: 0.000052 seconds.
  path: Assets/ThirdPart/Nature pack extended/naturePack_121.obj
  artifactKey: Guid(a226edb053707c443abe9027d179c5ec) Importer(2089858483,0ecaa5967403d082aa24f35e1b516d23)
Start importing Assets/ThirdPart/Nature pack extended/naturePack_121.obj using Guid(a226edb053707c443abe9027d179c5ec) Importer(2089858483,0ecaa5967403d082aa24f35e1b516d23) Generated GUIDs only implemented for interfaces!
 -> (artifact id: 'c6b836281278e05796870f1c90d1d5f7') in 0.098298 seconds 
========================================================================
Received Import Request.
  Time since last request: 0.000033 seconds.
  path: Assets/ThirdPart/Nature pack extended/naturePack_124.mtl
  artifactKey: Guid(26f05f044280fb346883364ed9dfaf65) Importer(2089858483,0ecaa5967403d082aa24f35e1b516d23)
Start importing Assets/ThirdPart/Nature pack extended/naturePack_124.mtl using Guid(26f05f044280fb346883364ed9dfaf65) Importer(2089858483,0ecaa5967403d082aa24f35e1b516d23) Generated GUIDs only implemented for interfaces!
 -> (artifact id: 'c338306e19ba3a7f7c8b7290b2897235') in 0.051747 seconds 
========================================================================
Received Import Request.
  Time since last request: 0.000036 seconds.
  path: Assets/ThirdPart/Nature pack extended/naturePack_117.mtl
  artifactKey: Guid(686275b072ab1b34f9eff0340007d0fc) Importer(2089858483,0ecaa5967403d082aa24f35e1b516d23)
Start importing Assets/ThirdPart/Nature pack extended/naturePack_117.mtl using Guid(686275b072ab1b34f9eff0340007d0fc) Importer(2089858483,0ecaa5967403d082aa24f35e1b516d23) Generated GUIDs only implemented for interfaces!
 -> (artifact id: '287bdedc840b4fc3bf0bd71cc7f8b405') in 0.070660 seconds 
========================================================================
Received Import Request.
  Time since last request: 0.000040 seconds.
  path: Assets/ThirdPart/Nature pack extended/naturePack_125.mtl
  artifactKey: Guid(e5c4c2e8276226546bc2c462bf15742d) Importer(2089858483,0ecaa5967403d082aa24f35e1b516d23)
Start importing Assets/ThirdPart/Nature pack extended/naturePack_125.mtl using Guid(e5c4c2e8276226546bc2c462bf15742d) Importer(2089858483,0ecaa5967403d082aa24f35e1b516d23) Generated GUIDs only implemented for interfaces!
 -> (artifact id: 'eb7c0109eb5dde5c8261a3b9907eb35c') in 0.041067 seconds 
========================================================================
Received Import Request.
  Time since last request: 0.000384 seconds.
  path: Assets/ThirdPart/Nature pack extended/naturePack_123.mtl
  artifactKey: Guid(e2f7e7f6c4b01664b80c05878cc0742d) Importer(2089858483,0ecaa5967403d082aa24f35e1b516d23)
Start importing Assets/ThirdPart/Nature pack extended/naturePack_123.mtl using Guid(e2f7e7f6c4b01664b80c05878cc0742d) Importer(2089858483,0ecaa5967403d082aa24f35e1b516d23) Generated GUIDs only implemented for interfaces!
 -> (artifact id: '25d880ec4c984cdc7bc7519a02bbd1e6') in 0.049304 seconds 
========================================================================
Received Import Request.
  Time since last request: 0.000033 seconds.
  path: Assets/ThirdPart/Nature pack extended/naturePack_105.mtl
  artifactKey: Guid(9dc4267b69e1adf47b6c3986b4237dcf) Importer(2089858483,0ecaa5967403d082aa24f35e1b516d23)
Start importing Assets/ThirdPart/Nature pack extended/naturePack_105.mtl using Guid(9dc4267b69e1adf47b6c3986b4237dcf) Importer(2089858483,0ecaa5967403d082aa24f35e1b516d23) Generated GUIDs only implemented for interfaces!
 -> (artifact id: 'ccf3718e959cefbf24e304bed03e59e5') in 0.025447 seconds 
========================================================================
Received Import Request.
  Time since last request: 0.000032 seconds.
  path: Assets/ThirdPart/Nature pack extended/naturePack_109.obj
  artifactKey: Guid(ec060f00fa132144f842992e47b698e8) Importer(2089858483,0ecaa5967403d082aa24f35e1b516d23)
Start importing Assets/ThirdPart/Nature pack extended/naturePack_109.obj using Guid(ec060f00fa132144f842992e47b698e8) Importer(2089858483,0ecaa5967403d082aa24f35e1b516d23) Generated GUIDs only implemented for interfaces!
 -> (artifact id: 'c7c86e1acdb6987a99a4ebeb6ad47c0f') in 0.162438 seconds 
========================================================================
Received Import Request.
  Time since last request: 0.000035 seconds.
  path: Assets/ThirdPart/Nature pack extended/naturePack_088.mtl
  artifactKey: Guid(0310d746b34ce404abd769db7b4d0b1f) Importer(2089858483,0ecaa5967403d082aa24f35e1b516d23)
Start importing Assets/ThirdPart/Nature pack extended/naturePack_088.mtl using Guid(0310d746b34ce404abd769db7b4d0b1f) Importer(2089858483,0ecaa5967403d082aa24f35e1b516d23) Generated GUIDs only implemented for interfaces!
 -> (artifact id: 'b85376f293fb5cb5ba42a29d72cdff36') in 0.034192 seconds 
========================================================================
Received Import Request.
  Time since last request: 0.000047 seconds.
  path: Assets/ThirdPart/Nature pack extended/naturePack_093.obj
  artifactKey: Guid(1b84e2d6ad0f06941b2b9d64f575e87c) Importer(2089858483,0ecaa5967403d082aa24f35e1b516d23)
Start importing Assets/ThirdPart/Nature pack extended/naturePack_093.obj using Guid(1b84e2d6ad0f06941b2b9d64f575e87c) Importer(2089858483,0ecaa5967403d082aa24f35e1b516d23) Generated GUIDs only implemented for interfaces!
 -> (artifact id: 'c55923c89ce21410c603c437ae6360db') in 0.084573 seconds 
========================================================================
Received Import Request.
  Time since last request: 0.000055 seconds.
  path: Assets/ThirdPart/Nature pack extended/naturePack_066.obj
  artifactKey: Guid(12c917bcdf8fce042a2a92fd33fa4032) Importer(2089858483,0ecaa5967403d082aa24f35e1b516d23)
Start importing Assets/ThirdPart/Nature pack extended/naturePack_066.obj using Guid(12c917bcdf8fce042a2a92fd33fa4032) Importer(2089858483,0ecaa5967403d082aa24f35e1b516d23) Generated GUIDs only implemented for interfaces!
 -> (artifact id: '593d4cddd43ffef2fa04f6400e7d7d53') in 0.172361 seconds 
========================================================================
Received Import Request.
  Time since last request: 0.000037 seconds.
  path: Assets/ThirdPart/Nature pack extended/naturePack_075.mtl
  artifactKey: Guid(5ba231e86f57c5348bb44038b33ffdc0) Importer(2089858483,0ecaa5967403d082aa24f35e1b516d23)
Start importing Assets/ThirdPart/Nature pack extended/naturePack_075.mtl using Guid(5ba231e86f57c5348bb44038b33ffdc0) Importer(2089858483,0ecaa5967403d082aa24f35e1b516d23) Generated GUIDs only implemented for interfaces!
 -> (artifact id: 'e375380812c30a3dbf62aba8c5f1e72f') in 0.028701 seconds 
========================================================================
Received Import Request.
  Time since last request: 0.000042 seconds.
  path: Assets/ThirdPart/Nature pack extended/naturePack_113.mtl
  artifactKey: Guid(1bf46b294b5a0a04aa82e6abd7195703) Importer(2089858483,0ecaa5967403d082aa24f35e1b516d23)
Start importing Assets/ThirdPart/Nature pack extended/naturePack_113.mtl using Guid(1bf46b294b5a0a04aa82e6abd7195703) Importer(2089858483,0ecaa5967403d082aa24f35e1b516d23) Generated GUIDs only implemented for interfaces!
 -> (artifact id: '242ca5ced96eee5a58eb192d10ea6220') in 0.034017 seconds 
========================================================================
Received Import Request.
  Time since last request: 0.000035 seconds.
  path: Assets/ThirdPart/Nature pack extended/naturePack_079.obj
  artifactKey: Guid(cd807db00dd5fcb4f97500d22e83d4e7) Importer(2089858483,0ecaa5967403d082aa24f35e1b516d23)
Start importing Assets/ThirdPart/Nature pack extended/naturePack_079.obj using Guid(cd807db00dd5fcb4f97500d22e83d4e7) Importer(2089858483,0ecaa5967403d082aa24f35e1b516d23) Generated GUIDs only implemented for interfaces!
 -> (artifact id: '6b70641594e6314ad0062749bf1df4ab') in 0.105057 seconds 
========================================================================
Received Import Request.
  Time since last request: 0.000036 seconds.
  path: Assets/ThirdPart/Nature pack extended/naturePack_101.obj
  artifactKey: Guid(93a36b2e231a85e4d91e4dbfab4fae6a) Importer(2089858483,0ecaa5967403d082aa24f35e1b516d23)
Start importing Assets/ThirdPart/Nature pack extended/naturePack_101.obj using Guid(93a36b2e231a85e4d91e4dbfab4fae6a) Importer(2089858483,0ecaa5967403d082aa24f35e1b516d23) Generated GUIDs only implemented for interfaces!
 -> (artifact id: 'f0139f89fe8e3e821dca6aae27d6a77b') in 0.109910 seconds 
========================================================================
Received Import Request.
  Time since last request: 0.000040 seconds.
  path: Assets/ThirdPart/Nature pack extended/naturePack_109.mtl
  artifactKey: Guid(ca637d2ae83773c43b642d80eb32f32e) Importer(2089858483,0ecaa5967403d082aa24f35e1b516d23)
Start importing Assets/ThirdPart/Nature pack extended/naturePack_109.mtl using Guid(ca637d2ae83773c43b642d80eb32f32e) Importer(2089858483,0ecaa5967403d082aa24f35e1b516d23) Generated GUIDs only implemented for interfaces!
 -> (artifact id: '824c032808986f520e2b7e9f7e986f59') in 0.067324 seconds 
========================================================================
Received Import Request.
  Time since last request: 0.000051 seconds.
  path: Assets/ThirdPart/Nature pack extended/naturePack_002.mtl
  artifactKey: Guid(70328268f7505ec41b18289d27b1a5a2) Importer(2089858483,0ecaa5967403d082aa24f35e1b516d23)
Start importing Assets/ThirdPart/Nature pack extended/naturePack_002.mtl using Guid(70328268f7505ec41b18289d27b1a5a2) Importer(2089858483,0ecaa5967403d082aa24f35e1b516d23) Generated GUIDs only implemented for interfaces!
 -> (artifact id: '1946632bf3c4aaace4b0fec504fc8e99') in 0.028482 seconds 
========================================================================
Received Import Request.
  Time since last request: 0.000097 seconds.
  path: Assets/ThirdPart/Nature pack extended/naturePack_065.mtl
  artifactKey: Guid(97393dd053b65824aaf8edb8d8e2bf16) Importer(2089858483,0ecaa5967403d082aa24f35e1b516d23)
Start importing Assets/ThirdPart/Nature pack extended/naturePack_065.mtl using Guid(97393dd053b65824aaf8edb8d8e2bf16) Importer(2089858483,0ecaa5967403d082aa24f35e1b516d23) Generated GUIDs only implemented for interfaces!
 -> (artifact id: 'f3e6457ae342ca7c18548a7fe3b4cf96') in 0.051095 seconds 
========================================================================
Received Import Request.
  Time since last request: 0.000036 seconds.
  path: Assets/ThirdPart/Nature pack extended/naturePack_050.obj
  artifactKey: Guid(a2108f61d3c2ff94b81b13584ecac64c) Importer(2089858483,0ecaa5967403d082aa24f35e1b516d23)
Start importing Assets/ThirdPart/Nature pack extended/naturePack_050.obj using Guid(a2108f61d3c2ff94b81b13584ecac64c) Importer(2089858483,0ecaa5967403d082aa24f35e1b516d23) Generated GUIDs only implemented for interfaces!
 -> (artifact id: '39c88efbfea434a0836f9218f8d4a208') in 0.141281 seconds 
========================================================================
Received Import Request.
  Time since last request: 0.000103 seconds.
  path: Assets/ThirdPart/Nature pack extended/naturePack_049.obj
  artifactKey: Guid(84da26bd111151b478f9ff053312729a) Importer(2089858483,0ecaa5967403d082aa24f35e1b516d23)
Start importing Assets/ThirdPart/Nature pack extended/naturePack_049.obj using Guid(84da26bd111151b478f9ff053312729a) Importer(2089858483,0ecaa5967403d082aa24f35e1b516d23) Generated GUIDs only implemented for interfaces!
 -> (artifact id: '371d020232b5f8263f8fdad76d51b51b') in 0.348838 seconds 
========================================================================
Received Import Request.
  Time since last request: 0.000040 seconds.
  path: Assets/ThirdPart/Nature pack extended/naturePack_131.mtl
  artifactKey: Guid(20fa828165b96514e9591c09b20bcf74) Importer(2089858483,0ecaa5967403d082aa24f35e1b516d23)
Start importing Assets/ThirdPart/Nature pack extended/naturePack_131.mtl using Guid(20fa828165b96514e9591c09b20bcf74) Importer(2089858483,0ecaa5967403d082aa24f35e1b516d23) Generated GUIDs only implemented for interfaces!
 -> (artifact id: '0c5bf111556215e4760beaa0d525ea37') in 0.057300 seconds 
========================================================================
Received Import Request.
  Time since last request: 0.000033 seconds.
  path: Assets/ThirdPart/Nature pack extended/naturePack_144.obj
  artifactKey: Guid(f4d6698dcf724664393507337daa6cfa) Importer(2089858483,0ecaa5967403d082aa24f35e1b516d23)
Start importing Assets/ThirdPart/Nature pack extended/naturePack_144.obj using Guid(f4d6698dcf724664393507337daa6cfa) Importer(2089858483,0ecaa5967403d082aa24f35e1b516d23) Generated GUIDs only implemented for interfaces!
 -> (artifact id: 'fa59e01d8df7dfbcc45650915454abc0') in 0.091858 seconds 
========================================================================
Received Import Request.
  Time since last request: 0.000057 seconds.
  path: Assets/ThirdPart/Nature pack extended/naturePack_145.mtl
  artifactKey: Guid(2729a478f36a5454ba1db958ad7127df) Importer(2089858483,0ecaa5967403d082aa24f35e1b516d23)
Start importing Assets/ThirdPart/Nature pack extended/naturePack_145.mtl using Guid(2729a478f36a5454ba1db958ad7127df) Importer(2089858483,0ecaa5967403d082aa24f35e1b516d23) Generated GUIDs only implemented for interfaces!
 -> (artifact id: '28b3af41e9c14f54439eb5fffb4fdacb') in 0.050144 seconds 
========================================================================
Received Import Request.
  Time since last request: 0.000037 seconds.
  path: Assets/ThirdPart/Nature pack extended/naturePack_132.mtl
  artifactKey: Guid(ca552585d8c692e49ab709cec8a50235) Importer(2089858483,0ecaa5967403d082aa24f35e1b516d23)
Start importing Assets/ThirdPart/Nature pack extended/naturePack_132.mtl using Guid(ca552585d8c692e49ab709cec8a50235) Importer(2089858483,0ecaa5967403d082aa24f35e1b516d23) Generated GUIDs only implemented for interfaces!
 -> (artifact id: '4d944afa2513029945766a1a013a95f9') in 0.062876 seconds 
========================================================================
Received Import Request.
  Time since last request: 0.000055 seconds.
  path: Assets/ThirdPart/Nature pack extended/naturePack_130.mtl
  artifactKey: Guid(8101eca1841022c4b91b60c15f621745) Importer(2089858483,0ecaa5967403d082aa24f35e1b516d23)
Start importing Assets/ThirdPart/Nature pack extended/naturePack_130.mtl using Guid(8101eca1841022c4b91b60c15f621745) Importer(2089858483,0ecaa5967403d082aa24f35e1b516d23) Generated GUIDs only implemented for interfaces!
 -> (artifact id: '57f6c7299271ae0f0c45d8c6625af69b') in 0.035266 seconds 
========================================================================
Received Import Request.
  Time since last request: 0.000045 seconds.
  path: Assets/ThirdPart/Nature pack extended/naturePack_128.mtl
  artifactKey: Guid(087a4f28e3717534ea65620bf662fdbb) Importer(2089858483,0ecaa5967403d082aa24f35e1b516d23)
Start importing Assets/ThirdPart/Nature pack extended/naturePack_128.mtl using Guid(087a4f28e3717534ea65620bf662fdbb) Importer(2089858483,0ecaa5967403d082aa24f35e1b516d23) Generated GUIDs only implemented for interfaces!
 -> (artifact id: 'd3e291643292de0d8d058e1b36907c6b') in 0.032409 seconds 
========================================================================
Received Import Request.
  Time since last request: 0.000041 seconds.
  path: Assets/ThirdPart/Nature pack extended/naturePack_135.obj
  artifactKey: Guid(c6fa45d6fe9477c48b9c31d7d9de67b1) Importer(2089858483,0ecaa5967403d082aa24f35e1b516d23)
Start importing Assets/ThirdPart/Nature pack extended/naturePack_135.obj using Guid(c6fa45d6fe9477c48b9c31d7d9de67b1) Importer(2089858483,0ecaa5967403d082aa24f35e1b516d23) Generated GUIDs only implemented for interfaces!
 -> (artifact id: '8200855e2fdd0b4599d4039b7950afe8') in 0.095476 seconds 
========================================================================
Received Import Request.
  Time since last request: 0.000037 seconds.
  path: Assets/ThirdPart/Nature pack extended/naturePack_137.obj
  artifactKey: Guid(0872e5b35bfdf88428c89458d3ad66ed) Importer(2089858483,0ecaa5967403d082aa24f35e1b516d23)
Start importing Assets/ThirdPart/Nature pack extended/naturePack_137.obj using Guid(0872e5b35bfdf88428c89458d3ad66ed) Importer(2089858483,0ecaa5967403d082aa24f35e1b516d23) Generated GUIDs only implemented for interfaces!
 -> (artifact id: 'c68c52f7cce7e417f728e3ffe731e74b') in 0.111500 seconds 
========================================================================
Received Import Request.
  Time since last request: 0.000120 seconds.
  path: Assets/ThirdPart/Nature pack extended/naturePack_127.obj
  artifactKey: Guid(5db7a9b4656b4be4d8b934c0ef094731) Importer(2089858483,0ecaa5967403d082aa24f35e1b516d23)
Start importing Assets/ThirdPart/Nature pack extended/naturePack_127.obj using Guid(5db7a9b4656b4be4d8b934c0ef094731) Importer(2089858483,0ecaa5967403d082aa24f35e1b516d23) Generated GUIDs only implemented for interfaces!
 -> (artifact id: '1a3256f06a06a06d6d7f73d19dff51ef') in 0.107631 seconds 
========================================================================
Received Import Request.
  Time since last request: 0.000045 seconds.
  path: Assets/ThirdPart/Nature pack extended/naturePack_132.obj
  artifactKey: Guid(3db1eada31268aa43a1af90cb59a87e3) Importer(2089858483,0ecaa5967403d082aa24f35e1b516d23)
Start importing Assets/ThirdPart/Nature pack extended/naturePack_132.obj using Guid(3db1eada31268aa43a1af90cb59a87e3) Importer(2089858483,0ecaa5967403d082aa24f35e1b516d23) Generated GUIDs only implemented for interfaces!
 -> (artifact id: '432fc9cb42340617adc335c40aadb41f') in 0.078780 seconds 
========================================================================
Received Import Request.
  Time since last request: 0.000038 seconds.
  path: Assets/ThirdPart/Nature pack extended/naturePack_129.obj
  artifactKey: Guid(0b15b14f67ff0494f81dbb6940a8e3e6) Importer(2089858483,0ecaa5967403d082aa24f35e1b516d23)
Start importing Assets/ThirdPart/Nature pack extended/naturePack_129.obj using Guid(0b15b14f67ff0494f81dbb6940a8e3e6) Importer(2089858483,0ecaa5967403d082aa24f35e1b516d23) Generated GUIDs only implemented for interfaces!
 -> (artifact id: '7aa3e13cbc1fa4dc2205c9573bdced86') in 0.064728 seconds 
========================================================================
Received Import Request.
  Time since last request: 0.000042 seconds.
  path: Assets/ThirdPart/Nature pack extended/naturePack_144.mtl
  artifactKey: Guid(ff3de9e69b82b7744985422961b37da3) Importer(2089858483,0ecaa5967403d082aa24f35e1b516d23)
Start importing Assets/ThirdPart/Nature pack extended/naturePack_144.mtl using Guid(ff3de9e69b82b7744985422961b37da3) Importer(2089858483,0ecaa5967403d082aa24f35e1b516d23) Generated GUIDs only implemented for interfaces!
 -> (artifact id: '3de79bcac9db529ef1caba865fe96998') in 0.024571 seconds 
========================================================================
Received Import Request.
  Time since last request: 0.000029 seconds.
  path: Assets/ThirdPart/Nature pack extended/naturePack_134.obj
  artifactKey: Guid(57ca90a6c49aac240bb0d75dc225a134) Importer(2089858483,0ecaa5967403d082aa24f35e1b516d23)
Start importing Assets/ThirdPart/Nature pack extended/naturePack_134.obj using Guid(57ca90a6c49aac240bb0d75dc225a134) Importer(2089858483,0ecaa5967403d082aa24f35e1b516d23) Generated GUIDs only implemented for interfaces!
 -> (artifact id: '4f40e88744cba05c87850cd8dfc39664') in 0.517392 seconds 
========================================================================
Received Import Request.
  Time since last request: 0.000039 seconds.
  path: Assets/ThirdPart/Nature pack extended/naturePack_128.obj
  artifactKey: Guid(21a041f3cc85e4d4a920da4331d980ce) Importer(2089858483,0ecaa5967403d082aa24f35e1b516d23)
Start importing Assets/ThirdPart/Nature pack extended/naturePack_128.obj using Guid(21a041f3cc85e4d4a920da4331d980ce) Importer(2089858483,0ecaa5967403d082aa24f35e1b516d23) Generated GUIDs only implemented for interfaces!
 -> (artifact id: '41297f9874fa119605c1030a22bc6ab2') in 0.177024 seconds 
========================================================================
Received Import Request.
  Time since last request: 0.000041 seconds.
  path: Assets/ThirdPart/Nature pack extended/naturePack_137.mtl
  artifactKey: Guid(4538adb59335a5b4b850177d722feaec) Importer(2089858483,0ecaa5967403d082aa24f35e1b516d23)
Start importing Assets/ThirdPart/Nature pack extended/naturePack_137.mtl using Guid(4538adb59335a5b4b850177d722feaec) Importer(2089858483,0ecaa5967403d082aa24f35e1b516d23) Generated GUIDs only implemented for interfaces!
 -> (artifact id: 'f622ae5d6b83a4cff1592a019e7900bf') in 0.050097 seconds 
========================================================================
Received Import Request.
  Time since last request: 0.001876 seconds.
  path: Assets/ThirdPart/Nature pack extended/naturePack_143.mtl
  artifactKey: Guid(bf54210f8b0db074ba8e5254aa4f0f41) Importer(2089858483,0ecaa5967403d082aa24f35e1b516d23)
Start importing Assets/ThirdPart/Nature pack extended/naturePack_143.mtl using Guid(bf54210f8b0db074ba8e5254aa4f0f41) Importer(2089858483,0ecaa5967403d082aa24f35e1b516d23) Generated GUIDs only implemented for interfaces!
 -> (artifact id: '197bc1d22253ec03f19e7ab66ec5f3d0') in 0.056714 seconds 
========================================================================
Received Import Request.
  Time since last request: 0.000036 seconds.
  path: Assets/ThirdPart/Nature pack extended/naturePack_138.mtl
  artifactKey: Guid(19d5ca98bda620140ad2c0a7814c1cd0) Importer(2089858483,0ecaa5967403d082aa24f35e1b516d23)
Start importing Assets/ThirdPart/Nature pack extended/naturePack_138.mtl using Guid(19d5ca98bda620140ad2c0a7814c1cd0) Importer(2089858483,0ecaa5967403d082aa24f35e1b516d23) Generated GUIDs only implemented for interfaces!
 -> (artifact id: 'f21653092b7bcf20bdc767586230bf6e') in 0.085318 seconds 
========================================================================
Received Import Request.
  Time since last request: 0.000034 seconds.
  path: Assets/ThirdPart/Nature pack extended/naturePack_127.mtl
  artifactKey: Guid(ae15ec0e8e49f5f438a75fc558f6c8cc) Importer(2089858483,0ecaa5967403d082aa24f35e1b516d23)
Start importing Assets/ThirdPart/Nature pack extended/naturePack_127.mtl using Guid(ae15ec0e8e49f5f438a75fc558f6c8cc) Importer(2089858483,0ecaa5967403d082aa24f35e1b516d23) Generated GUIDs only implemented for interfaces!
 -> (artifact id: 'b308056906f63f45cd301e8982b18a11') in 0.042100 seconds 
========================================================================
Received Import Request.
  Time since last request: 0.000077 seconds.
  path: Assets/ThirdPart/Nature pack extended/naturePack_011.mtl
  artifactKey: Guid(55dcd3f55583d304290b216795a90414) Importer(2089858483,0ecaa5967403d082aa24f35e1b516d23)
Start importing Assets/ThirdPart/Nature pack extended/naturePack_011.mtl using Guid(55dcd3f55583d304290b216795a90414) Importer(2089858483,0ecaa5967403d082aa24f35e1b516d23) Generated GUIDs only implemented for interfaces!
 -> (artifact id: '7a26ff6ab212bdd109ccf505eaa595ba') in 0.052862 seconds 
========================================================================
Received Import Request.
  Time since last request: 0.000037 seconds.
  path: Assets/ThirdPart/Nature pack extended/naturePack_150.obj
  artifactKey: Guid(a3b886828d14a184baf3b6ca7850a0a1) Importer(2089858483,0ecaa5967403d082aa24f35e1b516d23)
Start importing Assets/ThirdPart/Nature pack extended/naturePack_150.obj using Guid(a3b886828d14a184baf3b6ca7850a0a1) Importer(2089858483,0ecaa5967403d082aa24f35e1b516d23) Generated GUIDs only implemented for interfaces!
 -> (artifact id: '4b0eff6d9fb1c8ebe46f87f60dc284ea') in 0.511409 seconds 
========================================================================
Received Import Request.
  Time since last request: 0.030690 seconds.
  path: Assets/ThirdPart/Nature pack extended/naturePack_159.mtl
  artifactKey: Guid(012bc18d9c6b40c43905cff7dc972b64) Importer(2089858483,0ecaa5967403d082aa24f35e1b516d23)
Start importing Assets/ThirdPart/Nature pack extended/naturePack_159.mtl using Guid(012bc18d9c6b40c43905cff7dc972b64) Importer(2089858483,0ecaa5967403d082aa24f35e1b516d23) Generated GUIDs only implemented for interfaces!
 -> (artifact id: '49d53f8532e2fb274ae4807c0bc7b129') in 0.123278 seconds 
========================================================================
Received Import Request.
  Time since last request: 0.000040 seconds.
  path: Assets/ThirdPart/Nature pack extended/naturePack_151.obj
  artifactKey: Guid(6f821c245bbd1bb4dbbee8bf10cc656e) Importer(2089858483,0ecaa5967403d082aa24f35e1b516d23)
Start importing Assets/ThirdPart/Nature pack extended/naturePack_151.obj using Guid(6f821c245bbd1bb4dbbee8bf10cc656e) Importer(2089858483,0ecaa5967403d082aa24f35e1b516d23) Generated GUIDs only implemented for interfaces!
 -> (artifact id: '983f60071e9a40c8055f11c8601590df') in 0.236263 seconds 
========================================================================
Received Import Request.
  Time since last request: 0.000056 seconds.
  path: Assets/ThirdPart/Nature pack extended/naturePack_162.obj
  artifactKey: Guid(2dcb55e9abd0bd940aa3529714af2223) Importer(2089858483,0ecaa5967403d082aa24f35e1b516d23)
Start importing Assets/ThirdPart/Nature pack extended/naturePack_162.obj using Guid(2dcb55e9abd0bd940aa3529714af2223) Importer(2089858483,0ecaa5967403d082aa24f35e1b516d23) Generated GUIDs only implemented for interfaces!
 -> (artifact id: '1789a5a311b0aa29f449c85467828f3c') in 1.118111 seconds 
========================================================================
Received Import Request.
  Time since last request: 0.000043 seconds.
  path: Assets/ThirdPart/Nature pack extended/naturePack_158.obj
  artifactKey: Guid(dd9423b483cd58d4f9159e05ef95e6b2) Importer(2089858483,0ecaa5967403d082aa24f35e1b516d23)
Start importing Assets/ThirdPart/Nature pack extended/naturePack_158.obj using Guid(dd9423b483cd58d4f9159e05ef95e6b2) Importer(2089858483,0ecaa5967403d082aa24f35e1b516d23) Generated GUIDs only implemented for interfaces!
 -> (artifact id: '10218db64b650f4e60072ef65471e1e8') in 0.917338 seconds 
========================================================================
Received Import Request.
  Time since last request: 0.000046 seconds.
  path: Assets/ThirdPart/Nature pack extended/naturePack_166.mtl
  artifactKey: Guid(ccae694def3c79f4fb29849f2d6b1316) Importer(2089858483,0ecaa5967403d082aa24f35e1b516d23)
Start importing Assets/ThirdPart/Nature pack extended/naturePack_166.mtl using Guid(ccae694def3c79f4fb29849f2d6b1316) Importer(2089858483,0ecaa5967403d082aa24f35e1b516d23) Generated GUIDs only implemented for interfaces!
 -> (artifact id: 'fac813ff7acfb5c97475f68e01ff8678') in 0.060147 seconds 
========================================================================
Received Import Request.
  Time since last request: 0.000037 seconds.
  path: Assets/ThirdPart/Nature pack extended/naturePack_168.obj
  artifactKey: Guid(5fe455014e86a974586c202e933096ae) Importer(2089858483,0ecaa5967403d082aa24f35e1b516d23)
Start importing Assets/ThirdPart/Nature pack extended/naturePack_168.obj using Guid(5fe455014e86a974586c202e933096ae) Importer(2089858483,0ecaa5967403d082aa24f35e1b516d23) Generated GUIDs only implemented for interfaces!
 -> (artifact id: 'e08e38f42ef2d2bf2476945773be2fed') in 0.709255 seconds 
========================================================================
Received Import Request.
  Time since last request: 0.000041 seconds.
  path: Assets/ThirdPart/Nature pack extended/naturePack_147.mtl
  artifactKey: Guid(37addb9e0e36dc34783da9edd1f8becc) Importer(2089858483,0ecaa5967403d082aa24f35e1b516d23)
Start importing Assets/ThirdPart/Nature pack extended/naturePack_147.mtl using Guid(37addb9e0e36dc34783da9edd1f8becc) Importer(2089858483,0ecaa5967403d082aa24f35e1b516d23) Generated GUIDs only implemented for interfaces!
 -> (artifact id: 'aaedff7008329f7e95b8e50bcb64dfa5') in 0.250012 seconds 
========================================================================
Received Import Request.
  Time since last request: 0.000731 seconds.
  path: Assets/ThirdPart/Nature pack extended/naturePack_149.mtl
  artifactKey: Guid(5845503f404c4b1479b1e010bbb2399b) Importer(2089858483,0ecaa5967403d082aa24f35e1b516d23)
Start importing Assets/ThirdPart/Nature pack extended/naturePack_149.mtl using Guid(5845503f404c4b1479b1e010bbb2399b) Importer(2089858483,0ecaa5967403d082aa24f35e1b516d23) Generated GUIDs only implemented for interfaces!
 -> (artifact id: 'c87828633cd4e8c6046c5cfbeabc4b61') in 0.058817 seconds 
========================================================================
Received Import Request.
  Time since last request: 0.002981 seconds.
  path: Assets/ThirdPart/Nature pack extended/naturePack_159.obj
  artifactKey: Guid(3ca99c00965e4574d907a11c0695b807) Importer(2089858483,0ecaa5967403d082aa24f35e1b516d23)
Start importing Assets/ThirdPart/Nature pack extended/naturePack_159.obj using Guid(3ca99c00965e4574d907a11c0695b807) Importer(2089858483,0ecaa5967403d082aa24f35e1b516d23) Generated GUIDs only implemented for interfaces!
 -> (artifact id: '79a29e781092ace3b937b8bf1c8883e1') in 1.680656 seconds 
========================================================================
Received Import Request.
  Time since last request: 0.000037 seconds.
  path: Assets/ThirdPart/Nature pack extended/naturePack_171.obj
  artifactKey: Guid(cc4d86227d944b4409167976c0a5f2f0) Importer(2089858483,0ecaa5967403d082aa24f35e1b516d23)
Start importing Assets/ThirdPart/Nature pack extended/naturePack_171.obj using Guid(cc4d86227d944b4409167976c0a5f2f0) Importer(2089858483,0ecaa5967403d082aa24f35e1b516d23) Generated GUIDs only implemented for interfaces!
 -> (artifact id: '84a9ddda42be20e5ccc6735e0a53e2ea') in 0.298134 seconds 
========================================================================
Received Import Request.
  Time since last request: 0.000046 seconds.
  path: Assets/ThirdPart/Nature pack extended/naturePack_156.obj
  artifactKey: Guid(77ace9321e89b5248bf446894bf3531a) Importer(2089858483,0ecaa5967403d082aa24f35e1b516d23)
Start importing Assets/ThirdPart/Nature pack extended/naturePack_156.obj using Guid(77ace9321e89b5248bf446894bf3531a) Importer(2089858483,0ecaa5967403d082aa24f35e1b516d23) Generated GUIDs only implemented for interfaces!
 -> (artifact id: '57d06379e276ec7645b2c53d3220c47d') in 0.146425 seconds 
========================================================================
Received Import Request.
  Time since last request: 0.000337 seconds.
  path: Assets/ThirdPart/Nature pack extended/naturePack_156.mtl
  artifactKey: Guid(67939583fdfc1aa42b1c42eabe8a615c) Importer(2089858483,0ecaa5967403d082aa24f35e1b516d23)
Start importing Assets/ThirdPart/Nature pack extended/naturePack_156.mtl using Guid(67939583fdfc1aa42b1c42eabe8a615c) Importer(2089858483,0ecaa5967403d082aa24f35e1b516d23) Generated GUIDs only implemented for interfaces!
 -> (artifact id: '238dddbffd5a28ff2faf06c99f4a1831') in 0.207855 seconds 
========================================================================
Received Import Request.
  Time since last request: 0.000037 seconds.
  path: Assets/ThirdPart/Nature pack extended/naturePack_172.obj
  artifactKey: Guid(f49309f3b37838843a87d57f33824aab) Importer(2089858483,0ecaa5967403d082aa24f35e1b516d23)
Start importing Assets/ThirdPart/Nature pack extended/naturePack_172.obj using Guid(f49309f3b37838843a87d57f33824aab) Importer(2089858483,0ecaa5967403d082aa24f35e1b516d23) Generated GUIDs only implemented for interfaces!
 -> (artifact id: 'ddc23943659207870f2ee25f3c2748b2') in 0.304167 seconds 
========================================================================
Received Import Request.
  Time since last request: 0.000621 seconds.
  path: Assets/ThirdPart/Nature pack extended/naturePack_flat_002.mtl
  artifactKey: Guid(0d54d951715892c49aefabfe6e4ab304) Importer(2089858483,0ecaa5967403d082aa24f35e1b516d23)
Start importing Assets/ThirdPart/Nature pack extended/naturePack_flat_002.mtl using Guid(0d54d951715892c49aefabfe6e4ab304) Importer(2089858483,0ecaa5967403d082aa24f35e1b516d23) Generated GUIDs only implemented for interfaces!
 -> (artifact id: '57347e36a8cdaffc45c7d2ffa30d8139') in 0.073791 seconds 
========================================================================
Received Import Request.
  Time since last request: 0.000036 seconds.
  path: Assets/ThirdPart/Nature pack extended/naturePack_flat_003.obj
  artifactKey: Guid(cfd71611720260346920e9b33e19457a) Importer(2089858483,0ecaa5967403d082aa24f35e1b516d23)
Start importing Assets/ThirdPart/Nature pack extended/naturePack_flat_003.obj using Guid(cfd71611720260346920e9b33e19457a) Importer(2089858483,0ecaa5967403d082aa24f35e1b516d23) Generated GUIDs only implemented for interfaces!
 -> (artifact id: '8e6803556a4c68d0d3d9fdbffcf04a91') in 0.258489 seconds 
========================================================================
Received Import Request.
  Time since last request: 0.000037 seconds.
  path: Assets/ThirdPart/Nature pack extended/naturePack_flat_002.obj
  artifactKey: Guid(e6e60fbde48eded45af1306d1a2cc222) Importer(2089858483,0ecaa5967403d082aa24f35e1b516d23)
Start importing Assets/ThirdPart/Nature pack extended/naturePack_flat_002.obj using Guid(e6e60fbde48eded45af1306d1a2cc222) Importer(2089858483,0ecaa5967403d082aa24f35e1b516d23) Generated GUIDs only implemented for interfaces!
 -> (artifact id: 'adcd8d2a09b8f082bb8154baee86648f') in 0.317785 seconds 
========================================================================
Received Import Request.
  Time since last request: 0.000072 seconds.
  path: Assets/ThirdPart/Nature pack extended/naturePack_175.mtl
  artifactKey: Guid(4bd421fa30c787b418280d3354769ffb) Importer(2089858483,0ecaa5967403d082aa24f35e1b516d23)
Start importing Assets/ThirdPart/Nature pack extended/naturePack_175.mtl using Guid(4bd421fa30c787b418280d3354769ffb) Importer(2089858483,0ecaa5967403d082aa24f35e1b516d23) Generated GUIDs only implemented for interfaces!
 -> (artifact id: '0077a8f875eca0b72cfec06f55bc51c7') in 0.048202 seconds 
========================================================================
Received Import Request.
  Time since last request: 0.000039 seconds.
  path: Assets/ThirdPart/Nature pack extended/naturePack_167.mtl
  artifactKey: Guid(94344b192c415094cb1d80c5dc94e952) Importer(2089858483,0ecaa5967403d082aa24f35e1b516d23)
Start importing Assets/ThirdPart/Nature pack extended/naturePack_167.mtl using Guid(94344b192c415094cb1d80c5dc94e952) Importer(2089858483,0ecaa5967403d082aa24f35e1b516d23) Generated GUIDs only implemented for interfaces!
 -> (artifact id: '7f0cd2cd179fbf49165f74b3c5c843df') in 0.042502 seconds 
========================================================================
Received Import Request.
  Time since last request: 0.000035 seconds.
  path: Assets/ThirdPart/Nature pack extended/naturePack_155.mtl
  artifactKey: Guid(2510a93511363964c8927476d7f95c4d) Importer(2089858483,0ecaa5967403d082aa24f35e1b516d23)
Start importing Assets/ThirdPart/Nature pack extended/naturePack_155.mtl using Guid(2510a93511363964c8927476d7f95c4d) Importer(2089858483,0ecaa5967403d082aa24f35e1b516d23) Generated GUIDs only implemented for interfaces!
 -> (artifact id: 'c22eb0b18c5f7cf2a4fd689c89090dc2') in 0.075233 seconds 
========================================================================
Received Import Request.
  Time since last request: 0.000040 seconds.
  path: Assets/ThirdPart/Nature pack extended/naturePack_147.obj
  artifactKey: Guid(80bad63c8c2324a4db7d0ddf25762d47) Importer(2089858483,0ecaa5967403d082aa24f35e1b516d23)
Start importing Assets/ThirdPart/Nature pack extended/naturePack_147.obj using Guid(80bad63c8c2324a4db7d0ddf25762d47) Importer(2089858483,0ecaa5967403d082aa24f35e1b516d23) Generated GUIDs only implemented for interfaces!
 -> (artifact id: 'dd658d594cadf69b3cd0f742a5b9a556') in 0.158686 seconds 
========================================================================
Received Import Request.
  Time since last request: 0.000615 seconds.
  path: Assets/ThirdPart/Nature pack extended/naturePack_161.obj
  artifactKey: Guid(f90b393664c8ecd4fa179ccdfffd8dda) Importer(2089858483,0ecaa5967403d082aa24f35e1b516d23)
Start importing Assets/ThirdPart/Nature pack extended/naturePack_161.obj using Guid(f90b393664c8ecd4fa179ccdfffd8dda) Importer(2089858483,0ecaa5967403d082aa24f35e1b516d23) Generated GUIDs only implemented for interfaces!
 -> (artifact id: '3aa7437a09f22ab67dfa4cb071f7d468') in 0.402444 seconds 
========================================================================
Received Import Request.
  Time since last request: 0.000039 seconds.
  path: Assets/ThirdPart/Nature pack extended/naturePack_151.mtl
  artifactKey: Guid(952b16e3d595cd74d991dbd8d933d1b0) Importer(2089858483,0ecaa5967403d082aa24f35e1b516d23)
Start importing Assets/ThirdPart/Nature pack extended/naturePack_151.mtl using Guid(952b16e3d595cd74d991dbd8d933d1b0) Importer(2089858483,0ecaa5967403d082aa24f35e1b516d23) Generated GUIDs only implemented for interfaces!
 -> (artifact id: '18a0b9590abb1b661873a3b1ec1fa4d0') in 0.055728 seconds 
========================================================================
Received Import Request.
  Time since last request: 0.003261 seconds.
  path: Assets/ThirdPart/Nature pack extended/naturePack_174.obj
  artifactKey: Guid(bf752292d51c7864b8dc1d49d1ef7f47) Importer(2089858483,0ecaa5967403d082aa24f35e1b516d23)
Start importing Assets/ThirdPart/Nature pack extended/naturePack_174.obj using Guid(bf752292d51c7864b8dc1d49d1ef7f47) Importer(2089858483,0ecaa5967403d082aa24f35e1b516d23) Generated GUIDs only implemented for interfaces!
 -> (artifact id: '1f8299598f12224a1d65321b11802ca2') in 0.180348 seconds 
========================================================================
Received Import Request.
  Time since last request: 0.000300 seconds.
  path: Assets/FireEffect/OtherAssets/Editor/CFXR_MaterialInspector.cs
  artifactKey: Guid(4fb4c15e772a1cc4baecc7a958bf9cc7) Importer(2089858483,0ecaa5967403d082aa24f35e1b516d23)
Start importing Assets/FireEffect/OtherAssets/Editor/CFXR_MaterialInspector.cs using Guid(4fb4c15e772a1cc4baecc7a958bf9cc7) Importer(2089858483,0ecaa5967403d082aa24f35e1b516d23) Generated GUIDs only implemented for interfaces!
 -> (artifact id: 'e22030dc4e19b879f7963460f1a70053') in 0.081508 seconds 
========================================================================
Received Import Request.
  Time since last request: 0.000143 seconds.
  path: Assets/ThirdPart/Nature pack extended/naturePack_flat_007.obj
  artifactKey: Guid(c88e510f88ae5cb4b9283e894407d474) Importer(2089858483,0ecaa5967403d082aa24f35e1b516d23)
Start importing Assets/ThirdPart/Nature pack extended/naturePack_flat_007.obj using Guid(c88e510f88ae5cb4b9283e894407d474) Importer(2089858483,0ecaa5967403d082aa24f35e1b516d23) Generated GUIDs only implemented for interfaces!
 -> (artifact id: 'b59f6f3d0f4597816ee12342a18eb8d8') in 0.218491 seconds 
========================================================================
Received Prepare
Registering precompiled user dll's ...
Registered in 0.010366 seconds.
Begin MonoManager ReloadAssembly
Symbol file LoadedFromMemory doesn't match image C:\Users\user\Documents\GitHub\3d-platformer3\Library\PackageCache\com.unity.visualscripting@1.7.8\Editor\VisualScripting.Core\Dependencies\YamlDotNet\Unity.VisualScripting.YamlDotNet.dll
Symbol file LoadedFromMemory doesn't match image C:\Users\user\Documents\GitHub\3d-platformer3\Library\PackageCache\com.unity.visualscripting@1.7.8\Editor\VisualScripting.Core\Dependencies\DotNetZip\Unity.VisualScripting.IonicZip.dll
Native extension for WindowsStandalone target not found
Refreshing native plugins compatible for Editor in 2.57 ms, found 3 plugins.
Preloading 0 native plugins for Editor in 0.00 ms.
Mono: successfully reloaded assembly
- Completed reload, in  1.928 seconds
Domain Reload Profiling:
	ReloadAssembly (1929ms)
		BeginReloadAssembly (316ms)
			ExecutionOrderSort (0ms)
			DisableScriptedObjects (9ms)
			BackupInstance (0ms)
			ReleaseScriptingObjects (0ms)
			CreateAndSetChildDomain (84ms)
		EndReloadAssembly (1444ms)
			LoadAssemblies (196ms)
			RebuildTransferFunctionScriptingTraits (0ms)
			SetupTypeCache (526ms)
			ReleaseScriptCaches (2ms)
			RebuildScriptCaches (93ms)
			SetupLoadedEditorAssemblies (592ms)
				LogAssemblyErrors (0ms)
				InitializePlatformSupportModulesInManaged (25ms)
				SetLoadedEditorAssemblies (1ms)
				RefreshPlugins (3ms)
				BeforeProcessingInitializeOnLoad (123ms)
				ProcessInitializeOnLoadAttributes (383ms)
				ProcessInitializeOnLoadMethodAttributes (51ms)
				AfterProcessingInitializeOnLoad (6ms)
				EditorAssembliesLoaded (0ms)
			ExecutionOrderSort2 (0ms)
			AwakeInstancesAfterBackupRestoration (10ms)
Platform modules already initialized, skipping
Refreshing native plugins compatible for Editor in 3.37 ms, found 3 plugins.
Preloading 0 native plugins for Editor in 0.00 ms.
Unloading 3385 Unused Serialized files (Serialized files now loaded: 0)
Unloading 20 unused Assets / (79.1 KB). Loaded Objects now: 3863.
Memory consumption went from 122.6 MB to 122.5 MB.
Total: 4.095300 ms (FindLiveObjects: 0.296800 ms CreateObjectMapping: 0.143400 ms MarkObjects: 3.528000 ms  DeleteObjects: 0.125400 ms)

AssetImportParameters requested are different than current active one (requested -> active):
  custom:video-decoder-ogg-theora: a1e56fd34408186e4bbccfd4996cb3dc -> 
  custom:container-muxer-webm: aa71ff27fc2769a1b78a27578f13a17b -> 
  custom:container-demuxer-webm: 4f35f7cbe854078d1ac9338744f61a02 -> 
  custom:video-encoder-webm-vp8: eb34c28f22e8b96e1ab97ce403110664 -> 
  custom:audio-encoder-webm-vorbis: bf7c407c2cedff20999df2af8eb42d56 -> 
  custom:framework-win-MediaFoundation: 216162199b28c13a410421893ffa2e32 -> 
  custom:SearchIndexIgnoredProperties: e643bd26f0fe6173181afceb89e7c659 -> 
  custom:container-demuxer-ogg: 62fdf1f143b41e24485cea50d1cbac27 -> 
  custom:video-decoder-webm-vp8: 9c59270c3fd7afecdb556c50c9e8de78 -> 
  custom:audio-decoder-ogg-vorbis: bf7c407c2cedff20999df2af8eb42d56 -> 
========================================================================
Received Prepare
Registering precompiled user dll's ...
Registered in 0.009367 seconds.
Begin MonoManager ReloadAssembly
Symbol file LoadedFromMemory doesn't match image C:\Users\user\Documents\GitHub\3d-platformer3\Library\PackageCache\com.unity.visualscripting@1.7.8\Editor\VisualScripting.Core\Dependencies\YamlDotNet\Unity.VisualScripting.YamlDotNet.dll
Symbol file LoadedFromMemory doesn't match image C:\Users\user\Documents\GitHub\3d-platformer3\Library\PackageCache\com.unity.visualscripting@1.7.8\Editor\VisualScripting.Core\Dependencies\DotNetZip\Unity.VisualScripting.IonicZip.dll
Native extension for WindowsStandalone target not found
Refreshing native plugins compatible for Editor in 1.21 ms, found 3 plugins.
Preloading 0 native plugins for Editor in 0.00 ms.
Mono: successfully reloaded assembly
- Completed reload, in  1.926 seconds
Domain Reload Profiling:
	ReloadAssembly (1927ms)
		BeginReloadAssembly (420ms)
			ExecutionOrderSort (0ms)
			DisableScriptedObjects (14ms)
			BackupInstance (0ms)
			ReleaseScriptingObjects (0ms)
			CreateAndSetChildDomain (94ms)
		EndReloadAssembly (1313ms)
			LoadAssemblies (281ms)
			RebuildTransferFunctionScriptingTraits (0ms)
			SetupTypeCache (457ms)
			ReleaseScriptCaches (2ms)
			RebuildScriptCaches (72ms)
			SetupLoadedEditorAssemblies (566ms)
				LogAssemblyErrors (0ms)
				InitializePlatformSupportModulesInManaged (23ms)
				SetLoadedEditorAssemblies (1ms)
				RefreshPlugins (1ms)
				BeforeProcessingInitializeOnLoad (109ms)
				ProcessInitializeOnLoadAttributes (374ms)
				ProcessInitializeOnLoadMethodAttributes (51ms)
				AfterProcessingInitializeOnLoad (7ms)
				EditorAssembliesLoaded (0ms)
			ExecutionOrderSort2 (0ms)
			AwakeInstancesAfterBackupRestoration (13ms)
Platform modules already initialized, skipping
Refreshing native plugins compatible for Editor in 4.73 ms, found 3 plugins.
Preloading 0 native plugins for Editor in 0.00 ms.
Unloading 3385 Unused Serialized files (Serialized files now loaded: 0)
Unloading 20 unused Assets / (79.3 KB). Loaded Objects now: 3866.
Memory consumption went from 122.6 MB to 122.5 MB.
Total: 4.523000 ms (FindLiveObjects: 0.363900 ms CreateObjectMapping: 0.272600 ms MarkObjects: 3.748100 ms  DeleteObjects: 0.136800 ms)

AssetImportParameters requested are different than current active one (requested -> active):
  custom:video-decoder-ogg-theora: a1e56fd34408186e4bbccfd4996cb3dc -> 
  custom:container-muxer-webm: aa71ff27fc2769a1b78a27578f13a17b -> 
  custom:container-demuxer-webm: 4f35f7cbe854078d1ac9338744f61a02 -> 
  custom:video-encoder-webm-vp8: eb34c28f22e8b96e1ab97ce403110664 -> 
  custom:audio-encoder-webm-vorbis: bf7c407c2cedff20999df2af8eb42d56 -> 
  custom:framework-win-MediaFoundation: 216162199b28c13a410421893ffa2e32 -> 
  custom:SearchIndexIgnoredProperties: e643bd26f0fe6173181afceb89e7c659 -> 
  custom:container-demuxer-ogg: 62fdf1f143b41e24485cea50d1cbac27 -> 
  custom:video-decoder-webm-vp8: 9c59270c3fd7afecdb556c50c9e8de78 -> 
  custom:audio-decoder-ogg-vorbis: bf7c407c2cedff20999df2af8eb42d56 -> 
========================================================================
Received Import Request.
  Time since last request: 154.647323 seconds.
  path: Assets/Materials/385c714ac511f678a29f960d76a2ce03.mat
  artifactKey: Guid(2b0d2d8a5258c20418b97a71ef0be001) Importer(815301076,1909f56bfc062723c751e8b465ee728b)
Start importing Assets/Materials/385c714ac511f678a29f960d76a2ce03.mat using Guid(2b0d2d8a5258c20418b97a71ef0be001) Importer(815301076,1909f56bfc062723c751e8b465ee728b)  -> (artifact id: '749a2acfe3549e9bc5b78a6748c0458f') in 0.381449 seconds 
========================================================================
Received Import Request.
  Time since last request: 53.369827 seconds.
  path: Assets/fireball.prefab
  artifactKey: Guid(e796799d36f119f42a891daf68b32e70) Importer(815301076,1909f56bfc062723c751e8b465ee728b)
Start importing Assets/fireball.prefab using Guid(e796799d36f119f42a891daf68b32e70) Importer(815301076,1909f56bfc062723c751e8b465ee728b)  -> (artifact id: '4e20128c70056e79ab8ffd9a847a86ac') in 0.079679 seconds 
========================================================================
Received Prepare
Registering precompiled user dll's ...
Registered in 0.006501 seconds.
Begin MonoManager ReloadAssembly
Symbol file LoadedFromMemory doesn't match image C:\Users\user\Documents\GitHub\3d-platformer3\Library\PackageCache\com.unity.visualscripting@1.7.8\Editor\VisualScripting.Core\Dependencies\YamlDotNet\Unity.VisualScripting.YamlDotNet.dll
Symbol file LoadedFromMemory doesn't match image C:\Users\user\Documents\GitHub\3d-platformer3\Library\PackageCache\com.unity.visualscripting@1.7.8\Editor\VisualScripting.Core\Dependencies\DotNetZip\Unity.VisualScripting.IonicZip.dll
Native extension for WindowsStandalone target not found
Refreshing native plugins compatible for Editor in 4.25 ms, found 3 plugins.
Preloading 0 native plugins for Editor in 0.00 ms.
Mono: successfully reloaded assembly
- Completed reload, in  3.922 seconds
Domain Reload Profiling:
	ReloadAssembly (3924ms)
		BeginReloadAssembly (288ms)
			ExecutionOrderSort (0ms)
			DisableScriptedObjects (10ms)
			BackupInstance (0ms)
			ReleaseScriptingObjects (0ms)
			CreateAndSetChildDomain (74ms)
		EndReloadAssembly (3399ms)
			LoadAssemblies (240ms)
			RebuildTransferFunctionScriptingTraits (0ms)
			SetupTypeCache (1092ms)
			ReleaseScriptCaches (7ms)
			RebuildScriptCaches (199ms)
			SetupLoadedEditorAssemblies (1538ms)
				LogAssemblyErrors (0ms)
				InitializePlatformSupportModulesInManaged (114ms)
				SetLoadedEditorAssemblies (1ms)
				RefreshPlugins (4ms)
				BeforeProcessingInitializeOnLoad (298ms)
				ProcessInitializeOnLoadAttributes (955ms)
				ProcessInitializeOnLoadMethodAttributes (139ms)
				AfterProcessingInitializeOnLoad (25ms)
				EditorAssembliesLoaded (1ms)
			ExecutionOrderSort2 (0ms)
			AwakeInstancesAfterBackupRestoration (24ms)
Platform modules already initialized, skipping
Refreshing native plugins compatible for Editor in 8.72 ms, found 3 plugins.
Preloading 0 native plugins for Editor in 0.00 ms.
Unloading 3385 Unused Serialized files (Serialized files now loaded: 0)
Unloading 20 unused Assets / (79.2 KB). Loaded Objects now: 3910.
Memory consumption went from 127.2 MB to 127.1 MB.
Total: 10.530200 ms (FindLiveObjects: 1.122700 ms CreateObjectMapping: 0.778600 ms MarkObjects: 8.456600 ms  DeleteObjects: 0.169500 ms)

AssetImportParameters requested are different than current active one (requested -> active):
  custom:video-decoder-ogg-theora: a1e56fd34408186e4bbccfd4996cb3dc -> 
  custom:container-muxer-webm: aa71ff27fc2769a1b78a27578f13a17b -> 
  custom:container-demuxer-webm: 4f35f7cbe854078d1ac9338744f61a02 -> 
  custom:video-encoder-webm-vp8: eb34c28f22e8b96e1ab97ce403110664 -> 
  custom:audio-encoder-webm-vorbis: bf7c407c2cedff20999df2af8eb42d56 -> 
  custom:framework-win-MediaFoundation: 216162199b28c13a410421893ffa2e32 -> 
  custom:SearchIndexIgnoredProperties: e643bd26f0fe6173181afceb89e7c659 -> 
  custom:container-demuxer-ogg: 62fdf1f143b41e24485cea50d1cbac27 -> 
  custom:video-decoder-webm-vp8: 9c59270c3fd7afecdb556c50c9e8de78 -> 
  custom:audio-decoder-ogg-vorbis: bf7c407c2cedff20999df2af8eb42d56 -> 
========================================================================
Received Import Request.
  Time since last request: 1355.251588 seconds.
  path: Assets/ThirdPart/Mini First Person Controller/Audio/Crouch/Crouch end 1.wav
  artifactKey: Guid(aac7fe48a39af6e46a2d48c5d2655976) Importer(815301076,1909f56bfc062723c751e8b465ee728b)
Start importing Assets/ThirdPart/Mini First Person Controller/Audio/Crouch/Crouch end 1.wav using Guid(aac7fe48a39af6e46a2d48c5d2655976) Importer(815301076,1909f56bfc062723c751e8b465ee728b)  -> (artifact id: '9fa4fa8425e5ea67565c9073dfcd8def') in 0.709066 seconds 
========================================================================
Received Import Request.
  Time since last request: 0.000045 seconds.
  path: Assets/ThirdPart/Mini First Person Controller/Audio/Landing/Landing 2.wav
  artifactKey: Guid(ab9637a2491abbf4ca9c9601321cbb88) Importer(815301076,1909f56bfc062723c751e8b465ee728b)
Start importing Assets/ThirdPart/Mini First Person Controller/Audio/Landing/Landing 2.wav using Guid(ab9637a2491abbf4ca9c9601321cbb88) Importer(815301076,1909f56bfc062723c751e8b465ee728b)  -> (artifact id: '8b11de3b31dc23c3b51fe7a04ad6f0e4') in 0.073194 seconds 
========================================================================
Received Import Request.
  Time since last request: 0.000272 seconds.
  path: Assets/ThirdPart/Mini First Person Controller/Audio/Crouch/Crouch start 1.wav
  artifactKey: Guid(9b910aa79c186384cb17f28fad642b0a) Importer(815301076,1909f56bfc062723c751e8b465ee728b)
Start importing Assets/ThirdPart/Mini First Person Controller/Audio/Crouch/Crouch start 1.wav using Guid(9b910aa79c186384cb17f28fad642b0a) Importer(815301076,1909f56bfc062723c751e8b465ee728b)  -> (artifact id: '9231920f4c7a08ea8e3ce1c85df51bd2') in 0.070976 seconds 
========================================================================
Received Import Request.
  Time since last request: 0.000120 seconds.
  path: Assets/ThirdPart/Mini First Person Controller/Audio/Jump/Jump 2.wav
  artifactKey: Guid(5b26cf3cd5f6b914a80e6d3476caaf86) Importer(815301076,1909f56bfc062723c751e8b465ee728b)
Start importing Assets/ThirdPart/Mini First Person Controller/Audio/Jump/Jump 2.wav using Guid(5b26cf3cd5f6b914a80e6d3476caaf86) Importer(815301076,1909f56bfc062723c751e8b465ee728b)  -> (artifact id: '655acc29f3d68fd258ed289af5908d6b') in 0.049696 seconds 
========================================================================
Received Import Request.
  Time since last request: 0.000036 seconds.
  path: Assets/ThirdPart/Mini First Person Controller/Audio/Crouch/Crouch start 3.wav
  artifactKey: Guid(3e0e4a1bf1a03c24a85ad855f4be231e) Importer(815301076,1909f56bfc062723c751e8b465ee728b)
Start importing Assets/ThirdPart/Mini First Person Controller/Audio/Crouch/Crouch start 3.wav using Guid(3e0e4a1bf1a03c24a85ad855f4be231e) Importer(815301076,1909f56bfc062723c751e8b465ee728b)  -> (artifact id: 'bc3b2314807927d4201e918bfd1439de') in 0.242534 seconds 
========================================================================
Received Import Request.
  Time since last request: 0.000042 seconds.
  path: Assets/ThirdPart/Mini First Person Controller/Audio/Crouch/Crouch end 3.wav
  artifactKey: Guid(9d46f9a0e3e8be44aa2dc581bd6e0c97) Importer(815301076,1909f56bfc062723c751e8b465ee728b)
Start importing Assets/ThirdPart/Mini First Person Controller/Audio/Crouch/Crouch end 3.wav using Guid(9d46f9a0e3e8be44aa2dc581bd6e0c97) Importer(815301076,1909f56bfc062723c751e8b465ee728b)  -> (artifact id: '6524d9dcbec9e9f9787731db4f63dbec') in 0.194142 seconds 
========================================================================
Received Import Request.
  Time since last request: 0.000044 seconds.
  path: Assets/ThirdPart/Mini First Person Controller/Audio/Jump/Jump 1.wav
  artifactKey: Guid(3888a1e1c52793144a6d07b8c508772e) Importer(815301076,1909f56bfc062723c751e8b465ee728b)
Start importing Assets/ThirdPart/Mini First Person Controller/Audio/Jump/Jump 1.wav using Guid(3888a1e1c52793144a6d07b8c508772e) Importer(815301076,1909f56bfc062723c751e8b465ee728b)  -> (artifact id: '717e1b79d6ed23873028b460b0a5b812') in 0.067762 seconds 
========================================================================
Received Prepare
Registering precompiled user dll's ...
Registered in 0.008082 seconds.
Begin MonoManager ReloadAssembly
Symbol file LoadedFromMemory doesn't match image C:\Users\user\Documents\GitHub\3d-platformer3\Library\PackageCache\com.unity.visualscripting@1.7.8\Editor\VisualScripting.Core\Dependencies\YamlDotNet\Unity.VisualScripting.YamlDotNet.dll
Symbol file LoadedFromMemory doesn't match image C:\Users\user\Documents\GitHub\3d-platformer3\Library\PackageCache\com.unity.visualscripting@1.7.8\Editor\VisualScripting.Core\Dependencies\DotNetZip\Unity.VisualScripting.IonicZip.dll
Native extension for WindowsStandalone target not found
Refreshing native plugins compatible for Editor in 4.97 ms, found 3 plugins.
Preloading 0 native plugins for Editor in 0.00 ms.
Mono: successfully reloaded assembly
- Completed reload, in  3.668 seconds
Domain Reload Profiling:
	ReloadAssembly (3673ms)
		BeginReloadAssembly (299ms)
			ExecutionOrderSort (0ms)
			DisableScriptedObjects (11ms)
			BackupInstance (0ms)
			ReleaseScriptingObjects (0ms)
			CreateAndSetChildDomain (84ms)
		EndReloadAssembly (3128ms)
			LoadAssemblies (214ms)
			RebuildTransferFunctionScriptingTraits (0ms)
			SetupTypeCache (1044ms)
			ReleaseScriptCaches (3ms)
			RebuildScriptCaches (165ms)
			SetupLoadedEditorAssemblies (1448ms)
				LogAssemblyErrors (0ms)
				InitializePlatformSupportModulesInManaged (54ms)
				SetLoadedEditorAssemblies (3ms)
				RefreshPlugins (5ms)
				BeforeProcessingInitializeOnLoad (298ms)
				ProcessInitializeOnLoadAttributes (930ms)
				ProcessInitializeOnLoadMethodAttributes (140ms)
				AfterProcessingInitializeOnLoad (17ms)
				EditorAssembliesLoaded (0ms)
			ExecutionOrderSort2 (0ms)
			AwakeInstancesAfterBackupRestoration (26ms)
Platform modules already initialized, skipping
Refreshing native plugins compatible for Editor in 8.38 ms, found 3 plugins.
Preloading 0 native plugins for Editor in 0.00 ms.
Unloading 3385 Unused Serialized files (Serialized files now loaded: 0)
Unloading 20 unused Assets / (79.2 KB). Loaded Objects now: 3915.
Memory consumption went from 127.3 MB to 127.2 MB.
Total: 13.527800 ms (FindLiveObjects: 1.340100 ms CreateObjectMapping: 0.800700 ms MarkObjects: 10.798700 ms  DeleteObjects: 0.585900 ms)

AssetImportParameters requested are different than current active one (requested -> active):
  custom:video-decoder-ogg-theora: a1e56fd34408186e4bbccfd4996cb3dc -> 
  custom:container-muxer-webm: aa71ff27fc2769a1b78a27578f13a17b -> 
  custom:container-demuxer-webm: 4f35f7cbe854078d1ac9338744f61a02 -> 
  custom:video-encoder-webm-vp8: eb34c28f22e8b96e1ab97ce403110664 -> 
  custom:audio-encoder-webm-vorbis: bf7c407c2cedff20999df2af8eb42d56 -> 
  custom:framework-win-MediaFoundation: 216162199b28c13a410421893ffa2e32 -> 
  custom:SearchIndexIgnoredProperties: e643bd26f0fe6173181afceb89e7c659 -> 
  custom:container-demuxer-ogg: 62fdf1f143b41e24485cea50d1cbac27 -> 
  custom:video-decoder-webm-vp8: 9c59270c3fd7afecdb556c50c9e8de78 -> 
  custom:audio-decoder-ogg-vorbis: bf7c407c2cedff20999df2af8eb42d56 -> 
========================================================================
Received Import Request.
  Time since last request: 214.861916 seconds.
  path: Assets/misslie.cs
  artifactKey: Guid(1ea6efaa58ebf3e4dbdc63ba81441563) Importer(815301076,1909f56bfc062723c751e8b465ee728b)
Start importing Assets/misslie.cs using Guid(1ea6efaa58ebf3e4dbdc63ba81441563) Importer(815301076,1909f56bfc062723c751e8b465ee728b)  -> (artifact id: 'b4db3c041962bf2676848259307ec1f4') in 0.035230 seconds 
========================================================================
Received Prepare
Registering precompiled user dll's ...
Registered in 0.017658 seconds.
Begin MonoManager ReloadAssembly
Symbol file LoadedFromMemory doesn't match image C:\Users\user\Documents\GitHub\3d-platformer3\Library\PackageCache\com.unity.visualscripting@1.7.8\Editor\VisualScripting.Core\Dependencies\YamlDotNet\Unity.VisualScripting.YamlDotNet.dll
Symbol file LoadedFromMemory doesn't match image C:\Users\user\Documents\GitHub\3d-platformer3\Library\PackageCache\com.unity.visualscripting@1.7.8\Editor\VisualScripting.Core\Dependencies\DotNetZip\Unity.VisualScripting.IonicZip.dll
Native extension for WindowsStandalone target not found
Refreshing native plugins compatible for Editor in 1.96 ms, found 3 plugins.
Preloading 0 native plugins for Editor in 0.00 ms.
Mono: successfully reloaded assembly
- Completed reload, in  4.055 seconds
Domain Reload Profiling:
	ReloadAssembly (4056ms)
		BeginReloadAssembly (675ms)
			ExecutionOrderSort (0ms)
			DisableScriptedObjects (23ms)
			BackupInstance (0ms)
			ReleaseScriptingObjects (0ms)
			CreateAndSetChildDomain (117ms)
		EndReloadAssembly (3104ms)
			LoadAssemblies (506ms)
			RebuildTransferFunctionScriptingTraits (0ms)
			SetupTypeCache (870ms)
			ReleaseScriptCaches (3ms)
			RebuildScriptCaches (121ms)
			SetupLoadedEditorAssemblies (1516ms)
				LogAssemblyErrors (0ms)
				InitializePlatformSupportModulesInManaged (327ms)
				SetLoadedEditorAssemblies (1ms)
				RefreshPlugins (2ms)
				BeforeProcessingInitializeOnLoad (479ms)
				ProcessInitializeOnLoadAttributes (637ms)
				ProcessInitializeOnLoadMethodAttributes (62ms)
				AfterProcessingInitializeOnLoad (8ms)
				EditorAssembliesLoaded (0ms)
			ExecutionOrderSort2 (0ms)
			AwakeInstancesAfterBackupRestoration (11ms)
Platform modules already initialized, skipping
Refreshing native plugins compatible for Editor in 2.77 ms, found 3 plugins.
Preloading 0 native plugins for Editor in 0.00 ms.
Unloading 3386 Unused Serialized files (Serialized files now loaded: 0)
Unloading 20 unused Assets / (79.1 KB). Loaded Objects now: 3919.
Memory consumption went from 127.3 MB to 127.2 MB.
Total: 4.267000 ms (FindLiveObjects: 0.323000 ms CreateObjectMapping: 0.274100 ms MarkObjects: 3.535500 ms  DeleteObjects: 0.132900 ms)

AssetImportParameters requested are different than current active one (requested -> active):
  custom:video-decoder-ogg-theora: a1e56fd34408186e4bbccfd4996cb3dc -> 
  custom:container-muxer-webm: aa71ff27fc2769a1b78a27578f13a17b -> 
  custom:container-demuxer-webm: 4f35f7cbe854078d1ac9338744f61a02 -> 
  custom:video-encoder-webm-vp8: eb34c28f22e8b96e1ab97ce403110664 -> 
  custom:audio-encoder-webm-vorbis: bf7c407c2cedff20999df2af8eb42d56 -> 
  custom:framework-win-MediaFoundation: 216162199b28c13a410421893ffa2e32 -> 
  custom:SearchIndexIgnoredProperties: e643bd26f0fe6173181afceb89e7c659 -> 
  custom:container-demuxer-ogg: 62fdf1f143b41e24485cea50d1cbac27 -> 
  custom:video-decoder-webm-vp8: 9c59270c3fd7afecdb556c50c9e8de78 -> 
  custom:audio-decoder-ogg-vorbis: bf7c407c2cedff20999df2af8eb42d56 -> 
========================================================================
Received Import Request.
  Time since last request: 782.552073 seconds.
  path: Assets/misslie.cs
  artifactKey: Guid(1ea6efaa58ebf3e4dbdc63ba81441563) Importer(815301076,1909f56bfc062723c751e8b465ee728b)
Start importing Assets/misslie.cs using Guid(1ea6efaa58ebf3e4dbdc63ba81441563) Importer(815301076,1909f56bfc062723c751e8b465ee728b)  -> (artifact id: '951e7987bd0f6624b15cd97252a7856a') in 0.015496 seconds 
========================================================================
Received Import Request.
  Time since last request: 42.368580 seconds.
  path: Assets/misslie.cs
  artifactKey: Guid(1ea6efaa58ebf3e4dbdc63ba81441563) Importer(815301076,1909f56bfc062723c751e8b465ee728b)
Start importing Assets/misslie.cs using Guid(1ea6efaa58ebf3e4dbdc63ba81441563) Importer(815301076,1909f56bfc062723c751e8b465ee728b)  -> (artifact id: 'ad7105a873881759bfda062a3ef5d63f') in 0.018661 seconds 
========================================================================
Received Import Request.
  Time since last request: 23.858912 seconds.
  path: Assets/misslie.cs
  artifactKey: Guid(1ea6efaa58ebf3e4dbdc63ba81441563) Importer(815301076,1909f56bfc062723c751e8b465ee728b)
Start importing Assets/misslie.cs using Guid(1ea6efaa58ebf3e4dbdc63ba81441563) Importer(815301076,1909f56bfc062723c751e8b465ee728b)  -> (artifact id: 'f2fcbeedcbe65823dfc62b5a80f743df') in 0.012695 seconds 
========================================================================
Received Import Request.
  Time since last request: 134.059478 seconds.
  path: Assets/giop.cs
  artifactKey: Guid(1510e307a896ecb418e121ecf86ba7e7) Importer(815301076,1909f56bfc062723c751e8b465ee728b)
Start importing Assets/giop.cs using Guid(1510e307a896ecb418e121ecf86ba7e7) Importer(815301076,1909f56bfc062723c751e8b465ee728b)  -> (artifact id: 'd36a03eca9b93487169b572e230b4a0a') in 0.019270 seconds 
========================================================================
Received Import Request.
  Time since last request: 129.302805 seconds.
  path: Assets/misslie.cs
  artifactKey: Guid(1ea6efaa58ebf3e4dbdc63ba81441563) Importer(815301076,1909f56bfc062723c751e8b465ee728b)
Start importing Assets/misslie.cs using Guid(1ea6efaa58ebf3e4dbdc63ba81441563) Importer(815301076,1909f56bfc062723c751e8b465ee728b)  -> (artifact id: '25d07daa63c32c30700c6e7ff0aba3a6') in 0.019540 seconds 
========================================================================
Received Import Request.
  Time since last request: 149.110921 seconds.
  path: Assets/dd.cs
  artifactKey: Guid(5e7982c6074d65a439cb52e9ed94d50d) Importer(815301076,1909f56bfc062723c751e8b465ee728b)
Start importing Assets/dd.cs using Guid(5e7982c6074d65a439cb52e9ed94d50d) Importer(815301076,1909f56bfc062723c751e8b465ee728b)  -> (artifact id: '4044979866e7287a4fd629d7e5ddc0ef') in 0.029984 seconds 
========================================================================
Received Prepare
Registering precompiled user dll's ...
Registered in 0.008253 seconds.
Begin MonoManager ReloadAssembly
Symbol file LoadedFromMemory doesn't match image C:\Users\user\Documents\GitHub\3d-platformer3\Library\PackageCache\com.unity.visualscripting@1.7.8\Editor\VisualScripting.Core\Dependencies\YamlDotNet\Unity.VisualScripting.YamlDotNet.dll
Symbol file LoadedFromMemory doesn't match image C:\Users\user\Documents\GitHub\3d-platformer3\Library\PackageCache\com.unity.visualscripting@1.7.8\Editor\VisualScripting.Core\Dependencies\DotNetZip\Unity.VisualScripting.IonicZip.dll
Native extension for WindowsStandalone target not found
Refreshing native plugins compatible for Editor in 1.61 ms, found 3 plugins.
Preloading 0 native plugins for Editor in 0.00 ms.
Mono: successfully reloaded assembly
- Completed reload, in  1.847 seconds
Domain Reload Profiling:
	ReloadAssembly (1849ms)
		BeginReloadAssembly (273ms)
			ExecutionOrderSort (0ms)
			DisableScriptedObjects (11ms)
			BackupInstance (0ms)
			ReleaseScriptingObjects (0ms)
			CreateAndSetChildDomain (86ms)
		EndReloadAssembly (1381ms)
			LoadAssemblies (161ms)
			RebuildTransferFunctionScriptingTraits (0ms)
			SetupTypeCache (474ms)
			ReleaseScriptCaches (2ms)
			RebuildScriptCaches (81ms)
			SetupLoadedEditorAssemblies (591ms)
				LogAssemblyErrors (0ms)
				InitializePlatformSupportModulesInManaged (22ms)
				SetLoadedEditorAssemblies (1ms)
				RefreshPlugins (2ms)
				BeforeProcessingInitializeOnLoad (135ms)
				ProcessInitializeOnLoadAttributes (370ms)
				ProcessInitializeOnLoadMethodAttributes (54ms)
				AfterProcessingInitializeOnLoad (6ms)
				EditorAssembliesLoaded (0ms)
			ExecutionOrderSort2 (0ms)
			AwakeInstancesAfterBackupRestoration (12ms)
Platform modules already initialized, skipping
Refreshing native plugins compatible for Editor in 3.03 ms, found 3 plugins.
Preloading 0 native plugins for Editor in 0.00 ms.
Unloading 3386 Unused Serialized files (Serialized files now loaded: 0)
Unloading 20 unused Assets / (79.1 KB). Loaded Objects now: 3922.
Memory consumption went from 127.3 MB to 127.2 MB.
Total: 4.320600 ms (FindLiveObjects: 0.343500 ms CreateObjectMapping: 0.268300 ms MarkObjects: 3.589600 ms  DeleteObjects: 0.117600 ms)

AssetImportParameters requested are different than current active one (requested -> active):
  custom:video-decoder-ogg-theora: a1e56fd34408186e4bbccfd4996cb3dc -> 
  custom:container-muxer-webm: aa71ff27fc2769a1b78a27578f13a17b -> 
  custom:container-demuxer-webm: 4f35f7cbe854078d1ac9338744f61a02 -> 
  custom:video-encoder-webm-vp8: eb34c28f22e8b96e1ab97ce403110664 -> 
  custom:audio-encoder-webm-vorbis: bf7c407c2cedff20999df2af8eb42d56 -> 
  custom:framework-win-MediaFoundation: 216162199b28c13a410421893ffa2e32 -> 
  custom:SearchIndexIgnoredProperties: e643bd26f0fe6173181afceb89e7c659 -> 
  custom:container-demuxer-ogg: 62fdf1f143b41e24485cea50d1cbac27 -> 
  custom:video-decoder-webm-vp8: 9c59270c3fd7afecdb556c50c9e8de78 -> 
  custom:audio-decoder-ogg-vorbis: bf7c407c2cedff20999df2af8eb42d56 -> 
========================================================================
Received Prepare
Registering precompiled user dll's ...
Registered in 0.010001 seconds.
Begin MonoManager ReloadAssembly
Symbol file LoadedFromMemory doesn't match image C:\Users\user\Documents\GitHub\3d-platformer3\Library\PackageCache\com.unity.visualscripting@1.7.8\Editor\VisualScripting.Core\Dependencies\YamlDotNet\Unity.VisualScripting.YamlDotNet.dll
Symbol file LoadedFromMemory doesn't match image C:\Users\user\Documents\GitHub\3d-platformer3\Library\PackageCache\com.unity.visualscripting@1.7.8\Editor\VisualScripting.Core\Dependencies\DotNetZip\Unity.VisualScripting.IonicZip.dll
Native extension for WindowsStandalone target not found
Refreshing native plugins compatible for Editor in 3.56 ms, found 3 plugins.
Preloading 0 native plugins for Editor in 0.00 ms.
Mono: successfully reloaded assembly
- Completed reload, in  3.462 seconds
Domain Reload Profiling:
	ReloadAssembly (3464ms)
		BeginReloadAssembly (336ms)
			ExecutionOrderSort (0ms)
			DisableScriptedObjects (10ms)
			BackupInstance (0ms)
			ReleaseScriptingObjects (0ms)
			CreateAndSetChildDomain (93ms)
		EndReloadAssembly (2896ms)
			LoadAssemblies (207ms)
			RebuildTransferFunctionScriptingTraits (0ms)
			SetupTypeCache (844ms)
			ReleaseScriptCaches (4ms)
			RebuildScriptCaches (187ms)
			SetupLoadedEditorAssemblies (1398ms)
				LogAssemblyErrors (0ms)
				InitializePlatformSupportModulesInManaged (59ms)
				SetLoadedEditorAssemblies (4ms)
				RefreshPlugins (4ms)
				BeforeProcessingInitializeOnLoad (240ms)
				ProcessInitializeOnLoadAttributes (944ms)
				ProcessInitializeOnLoadMethodAttributes (134ms)
				AfterProcessingInitializeOnLoad (13ms)
				EditorAssembliesLoaded (0ms)
			ExecutionOrderSort2 (0ms)
			AwakeInstancesAfterBackupRestoration (20ms)
Platform modules already initialized, skipping
Refreshing native plugins compatible for Editor in 6.37 ms, found 3 plugins.
Preloading 0 native plugins for Editor in 0.00 ms.
Unloading 3386 Unused Serialized files (Serialized files now loaded: 0)
Unloading 20 unused Assets / (79.0 KB). Loaded Objects now: 3925.
Memory consumption went from 127.3 MB to 127.3 MB.
Total: 10.611200 ms (FindLiveObjects: 0.941500 ms CreateObjectMapping: 0.591400 ms MarkObjects: 8.898700 ms  DeleteObjects: 0.177200 ms)

AssetImportParameters requested are different than current active one (requested -> active):
  custom:video-decoder-ogg-theora: a1e56fd34408186e4bbccfd4996cb3dc -> 
  custom:container-muxer-webm: aa71ff27fc2769a1b78a27578f13a17b -> 
  custom:container-demuxer-webm: 4f35f7cbe854078d1ac9338744f61a02 -> 
  custom:video-encoder-webm-vp8: eb34c28f22e8b96e1ab97ce403110664 -> 
  custom:audio-encoder-webm-vorbis: bf7c407c2cedff20999df2af8eb42d56 -> 
  custom:framework-win-MediaFoundation: 216162199b28c13a410421893ffa2e32 -> 
  custom:SearchIndexIgnoredProperties: e643bd26f0fe6173181afceb89e7c659 -> 
  custom:container-demuxer-ogg: 62fdf1f143b41e24485cea50d1cbac27 -> 
  custom:video-decoder-webm-vp8: 9c59270c3fd7afecdb556c50c9e8de78 -> 
  custom:audio-decoder-ogg-vorbis: bf7c407c2cedff20999df2af8eb42d56 -> 
========================================================================
Received Import Request.
  Time since last request: 645.849807 seconds.
  path: Assets/FireEffect/OtherAssets/Graphics/cfxr ember blur hdr ab.mat
  artifactKey: Guid(6cd2d08f4a4d93542aa0004bdac91566) Importer(815301076,1909f56bfc062723c751e8b465ee728b)
Start importing Assets/FireEffect/OtherAssets/Graphics/cfxr ember blur hdr ab.mat using Guid(6cd2d08f4a4d93542aa0004bdac91566) Importer(815301076,1909f56bfc062723c751e8b465ee728b)  -> (artifact id: '3ec817608302e9910ccff0c5728d9b32') in 0.301914 seconds 
========================================================================
Received Import Request.
  Time since last request: 11.979666 seconds.
  path: Assets/Art
  artifactKey: Guid(50c0d257809574e8590ee62e705d3d11) Importer(815301076,1909f56bfc062723c751e8b465ee728b)
Start importing Assets/Art using Guid(50c0d257809574e8590ee62e705d3d11) Importer(815301076,1909f56bfc062723c751e8b465ee728b)  -> (artifact id: 'b0fc529e1265b7a8bf364c8b4b0dd7cd') in 0.023903 seconds 
========================================================================
Received Import Request.
  Time since last request: 1.021938 seconds.
  path: Assets/Art/Materials
  artifactKey: Guid(8e5a5098ad04abb45acd7dc821d31d83) Importer(815301076,1909f56bfc062723c751e8b465ee728b)
Start importing Assets/Art/Materials using Guid(8e5a5098ad04abb45acd7dc821d31d83) Importer(815301076,1909f56bfc062723c751e8b465ee728b)  -> (artifact id: '3882ba512c90c528919c41a5ff24710e') in 0.017998 seconds 
========================================================================
Received Import Request.
  Time since last request: 0.032204 seconds.
  path: Assets/Art/Materials/Gates.mat
  artifactKey: Guid(472d7005e992c104e9b1c4a8557bb09e) Importer(815301076,1909f56bfc062723c751e8b465ee728b)
Start importing Assets/Art/Materials/Gates.mat using Guid(472d7005e992c104e9b1c4a8557bb09e) Importer(815301076,1909f56bfc062723c751e8b465ee728b)  -> (artifact id: '5ba4c75d6b47ddf25bbe6ec6b43647b3') in 0.061956 seconds 
========================================================================
Received Import Request.
  Time since last request: 0.000028 seconds.
  path: Assets/Art/Materials/Teleport.mat
  artifactKey: Guid(9b9a89cb182c46749bc84b89d373b264) Importer(815301076,1909f56bfc062723c751e8b465ee728b)
Start importing Assets/Art/Materials/Teleport.mat using Guid(9b9a89cb182c46749bc84b89d373b264) Importer(815301076,1909f56bfc062723c751e8b465ee728b)  -> (artifact id: '7dd52987395412a410d2e78db9afd736') in 0.042960 seconds 
========================================================================
Received Import Request.
  Time since last request: 15.966410 seconds.
  path: Assets/FireEffect
  artifactKey: Guid(976974e4d3018034e87caeb9f51f20f6) Importer(815301076,1909f56bfc062723c751e8b465ee728b)
Start importing Assets/FireEffect using Guid(976974e4d3018034e87caeb9f51f20f6) Importer(815301076,1909f56bfc062723c751e8b465ee728b)  -> (artifact id: '5810c0e20be107c711f910de002c5fa7') in 0.020380 seconds 
========================================================================
Received Import Request.
  Time since last request: 0.978413 seconds.
  path: Assets/FireEffect/Prefabs
  artifactKey: Guid(bf3639f47c4de41f1bbacce45c7c8d88) Importer(815301076,1909f56bfc062723c751e8b465ee728b)
Start importing Assets/FireEffect/Prefabs using Guid(bf3639f47c4de41f1bbacce45c7c8d88) Importer(815301076,1909f56bfc062723c751e8b465ee728b)  -> (artifact id: '30c736187df43f9d55a63a7b33c5edae') in 0.019004 seconds 
========================================================================
Received Import Request.
  Time since last request: 0.055040 seconds.
  path: Assets/FireEffect/Prefabs/FireEffect.prefab
  artifactKey: Guid(af6c1e3f046eecd4d81330aeb285600f) Importer(815301076,1909f56bfc062723c751e8b465ee728b)
Start importing Assets/FireEffect/Prefabs/FireEffect.prefab using Guid(af6c1e3f046eecd4d81330aeb285600f) Importer(815301076,1909f56bfc062723c751e8b465ee728b)  -> (artifact id: '9d7bda4bf6633867d396b6bbe85523e4') in 0.052850 seconds 
========================================================================
Received Import Request.
  Time since last request: 1.464339 seconds.
  path: Assets/FireEffect/OtherAssets
  artifactKey: Guid(bd9d1d014bf0b14428db03b2527d2d93) Importer(815301076,1909f56bfc062723c751e8b465ee728b)
Start importing Assets/FireEffect/OtherAssets using Guid(bd9d1d014bf0b14428db03b2527d2d93) Importer(815301076,1909f56bfc062723c751e8b465ee728b)  -> (artifact id: '125a241d4e3e07099bfdd114a532bc79') in 0.018718 seconds 
========================================================================
Received Import Request.
  Time since last request: 12.249959 seconds.
  path: Assets/fireball.prefab
  artifactKey: Guid(e796799d36f119f42a891daf68b32e70) Importer(815301076,1909f56bfc062723c751e8b465ee728b)
Start importing Assets/fireball.prefab using Guid(e796799d36f119f42a891daf68b32e70) Importer(815301076,1909f56bfc062723c751e8b465ee728b)  -> (artifact id: '969d9c3a5dce8acfa961b887f5060e56') in 0.018790 seconds 
========================================================================
Received Prepare
Registering precompiled user dll's ...
Registered in 0.007148 seconds.
Begin MonoManager ReloadAssembly
Symbol file LoadedFromMemory doesn't match image C:\Users\user\Documents\GitHub\3d-platformer3\Library\PackageCache\com.unity.visualscripting@1.7.8\Editor\VisualScripting.Core\Dependencies\YamlDotNet\Unity.VisualScripting.YamlDotNet.dll
Symbol file LoadedFromMemory doesn't match image C:\Users\user\Documents\GitHub\3d-platformer3\Library\PackageCache\com.unity.visualscripting@1.7.8\Editor\VisualScripting.Core\Dependencies\DotNetZip\Unity.VisualScripting.IonicZip.dll
Native extension for WindowsStandalone target not found
Refreshing native plugins compatible for Editor in 2.98 ms, found 3 plugins.
Preloading 0 native plugins for Editor in 0.00 ms.
Mono: successfully reloaded assembly
- Completed reload, in  3.147 seconds
Domain Reload Profiling:
	ReloadAssembly (3149ms)
		BeginReloadAssembly (280ms)
			ExecutionOrderSort (0ms)
			DisableScriptedObjects (9ms)
			BackupInstance (0ms)
			ReleaseScriptingObjects (0ms)
			CreateAndSetChildDomain (82ms)
		EndReloadAssembly (2624ms)
			LoadAssemblies (183ms)
			RebuildTransferFunctionScriptingTraits (0ms)
			SetupTypeCache (681ms)
			ReleaseScriptCaches (2ms)
			RebuildScriptCaches (143ms)
			SetupLoadedEditorAssemblies (1360ms)
				LogAssemblyErrors (0ms)
				InitializePlatformSupportModulesInManaged (51ms)
				SetLoadedEditorAssemblies (2ms)
				RefreshPlugins (3ms)
				BeforeProcessingInitializeOnLoad (249ms)
				ProcessInitializeOnLoadAttributes (905ms)
				ProcessInitializeOnLoadMethodAttributes (127ms)
				AfterProcessingInitializeOnLoad (23ms)
				EditorAssembliesLoaded (0ms)
			ExecutionOrderSort2 (0ms)
			AwakeInstancesAfterBackupRestoration (28ms)
Platform modules already initialized, skipping
Refreshing native plugins compatible for Editor in 6.34 ms, found 3 plugins.
Preloading 0 native plugins for Editor in 0.00 ms.
Unloading 3386 Unused Serialized files (Serialized files now loaded: 0)
Unloading 20 unused Assets / (79.1 KB). Loaded Objects now: 3928.
Memory consumption went from 127.3 MB to 127.3 MB.
Total: 7.233200 ms (FindLiveObjects: 0.531300 ms CreateObjectMapping: 0.490100 ms MarkObjects: 6.036300 ms  DeleteObjects: 0.173600 ms)

AssetImportParameters requested are different than current active one (requested -> active):
  custom:video-decoder-ogg-theora: a1e56fd34408186e4bbccfd4996cb3dc -> 
  custom:container-muxer-webm: aa71ff27fc2769a1b78a27578f13a17b -> 
  custom:container-demuxer-webm: 4f35f7cbe854078d1ac9338744f61a02 -> 
  custom:video-encoder-webm-vp8: eb34c28f22e8b96e1ab97ce403110664 -> 
  custom:audio-encoder-webm-vorbis: bf7c407c2cedff20999df2af8eb42d56 -> 
  custom:framework-win-MediaFoundation: 216162199b28c13a410421893ffa2e32 -> 
  custom:SearchIndexIgnoredProperties: e643bd26f0fe6173181afceb89e7c659 -> 
  custom:container-demuxer-ogg: 62fdf1f143b41e24485cea50d1cbac27 -> 
  custom:video-decoder-webm-vp8: 9c59270c3fd7afecdb556c50c9e8de78 -> 
  custom:audio-decoder-ogg-vorbis: bf7c407c2cedff20999df2af8eb42d56 -> 
========================================================================
Received Import Request.
  Time since last request: 134.819256 seconds.
  path: Assets/fireball.prefab
  artifactKey: Guid(e796799d36f119f42a891daf68b32e70) Importer(815301076,1909f56bfc062723c751e8b465ee728b)
Start importing Assets/fireball.prefab using Guid(e796799d36f119f42a891daf68b32e70) Importer(815301076,1909f56bfc062723c751e8b465ee728b)  -> (artifact id: '4e0f7ded86909b3a5a890141ab6e62f0') in 0.124519 seconds 
========================================================================
Received Prepare
Registering precompiled user dll's ...
Registered in 0.008145 seconds.
Begin MonoManager ReloadAssembly
Symbol file LoadedFromMemory doesn't match image C:\Users\user\Documents\GitHub\3d-platformer3\Library\PackageCache\com.unity.visualscripting@1.7.8\Editor\VisualScripting.Core\Dependencies\YamlDotNet\Unity.VisualScripting.YamlDotNet.dll
Symbol file LoadedFromMemory doesn't match image C:\Users\user\Documents\GitHub\3d-platformer3\Library\PackageCache\com.unity.visualscripting@1.7.8\Editor\VisualScripting.Core\Dependencies\DotNetZip\Unity.VisualScripting.IonicZip.dll
Native extension for WindowsStandalone target not found
Refreshing native plugins compatible for Editor in 2.08 ms, found 3 plugins.
Preloading 0 native plugins for Editor in 0.00 ms.
Mono: successfully reloaded assembly
- Completed reload, in  3.092 seconds
Domain Reload Profiling:
	ReloadAssembly (3097ms)
		BeginReloadAssembly (294ms)
			ExecutionOrderSort (0ms)
			DisableScriptedObjects (11ms)
			BackupInstance (0ms)
			ReleaseScriptingObjects (0ms)
			CreateAndSetChildDomain (79ms)
		EndReloadAssembly (2557ms)
			LoadAssemblies (211ms)
			RebuildTransferFunctionScriptingTraits (0ms)
			SetupTypeCache (674ms)
			ReleaseScriptCaches (3ms)
			RebuildScriptCaches (120ms)
			SetupLoadedEditorAssemblies (1319ms)
				LogAssemblyErrors (0ms)
				InitializePlatformSupportModulesInManaged (52ms)
				SetLoadedEditorAssemblies (5ms)
				RefreshPlugins (2ms)
				BeforeProcessingInitializeOnLoad (250ms)
				ProcessInitializeOnLoadAttributes (865ms)
				ProcessInitializeOnLoadMethodAttributes (119ms)
				AfterProcessingInitializeOnLoad (24ms)
				EditorAssembliesLoaded (1ms)
			ExecutionOrderSort2 (2ms)
			AwakeInstancesAfterBackupRestoration (27ms)
Platform modules already initialized, skipping
Refreshing native plugins compatible for Editor in 6.71 ms, found 3 plugins.
Preloading 0 native plugins for Editor in 0.00 ms.
Unloading 3386 Unused Serialized files (Serialized files now loaded: 0)
Unloading 20 unused Assets / (79.3 KB). Loaded Objects now: 3931.
Memory consumption went from 127.4 MB to 127.3 MB.
Total: 11.009400 ms (FindLiveObjects: 0.926900 ms CreateObjectMapping: 2.958300 ms MarkObjects: 6.954800 ms  DeleteObjects: 0.167300 ms)

AssetImportParameters requested are different than current active one (requested -> active):
  custom:video-decoder-ogg-theora: a1e56fd34408186e4bbccfd4996cb3dc -> 
  custom:container-muxer-webm: aa71ff27fc2769a1b78a27578f13a17b -> 
  custom:container-demuxer-webm: 4f35f7cbe854078d1ac9338744f61a02 -> 
  custom:video-encoder-webm-vp8: eb34c28f22e8b96e1ab97ce403110664 -> 
  custom:audio-encoder-webm-vorbis: bf7c407c2cedff20999df2af8eb42d56 -> 
  custom:framework-win-MediaFoundation: 216162199b28c13a410421893ffa2e32 -> 
  custom:SearchIndexIgnoredProperties: e643bd26f0fe6173181afceb89e7c659 -> 
  custom:container-demuxer-ogg: 62fdf1f143b41e24485cea50d1cbac27 -> 
  custom:video-decoder-webm-vp8: 9c59270c3fd7afecdb556c50c9e8de78 -> 
  custom:audio-decoder-ogg-vorbis: bf7c407c2cedff20999df2af8eb42d56 -> 
========================================================================
Received Prepare
Registering precompiled user dll's ...
Registered in 0.009032 seconds.
Begin MonoManager ReloadAssembly
Symbol file LoadedFromMemory doesn't match image C:\Users\user\Documents\GitHub\3d-platformer3\Library\PackageCache\com.unity.visualscripting@1.7.8\Editor\VisualScripting.Core\Dependencies\YamlDotNet\Unity.VisualScripting.YamlDotNet.dll
Symbol file LoadedFromMemory doesn't match image C:\Users\user\Documents\GitHub\3d-platformer3\Library\PackageCache\com.unity.visualscripting@1.7.8\Editor\VisualScripting.Core\Dependencies\DotNetZip\Unity.VisualScripting.IonicZip.dll
Native extension for WindowsStandalone target not found
Refreshing native plugins compatible for Editor in 2.80 ms, found 3 plugins.
Preloading 0 native plugins for Editor in 0.00 ms.
Mono: successfully reloaded assembly
- Completed reload, in  3.055 seconds
Domain Reload Profiling:
	ReloadAssembly (3057ms)
		BeginReloadAssembly (277ms)
			ExecutionOrderSort (0ms)
			DisableScriptedObjects (11ms)
			BackupInstance (0ms)
			ReleaseScriptingObjects (0ms)
			CreateAndSetChildDomain (72ms)
		EndReloadAssembly (2561ms)
			LoadAssemblies (216ms)
			RebuildTransferFunctionScriptingTraits (0ms)
			SetupTypeCache (756ms)
			ReleaseScriptCaches (4ms)
			RebuildScriptCaches (144ms)
			SetupLoadedEditorAssemblies (1240ms)
				LogAssemblyErrors (0ms)
				InitializePlatformSupportModulesInManaged (44ms)
				SetLoadedEditorAssemblies (3ms)
				RefreshPlugins (3ms)
				BeforeProcessingInitializeOnLoad (259ms)
				ProcessInitializeOnLoadAttributes (798ms)
				ProcessInitializeOnLoadMethodAttributes (115ms)
				AfterProcessingInitializeOnLoad (17ms)
				EditorAssembliesLoaded (1ms)
			ExecutionOrderSort2 (0ms)
			AwakeInstancesAfterBackupRestoration (24ms)
Platform modules already initialized, skipping
Refreshing native plugins compatible for Editor in 6.05 ms, found 3 plugins.
Preloading 0 native plugins for Editor in 0.00 ms.
Unloading 3386 Unused Serialized files (Serialized files now loaded: 0)
Unloading 20 unused Assets / (79.3 KB). Loaded Objects now: 3934.
Memory consumption went from 127.4 MB to 127.3 MB.
Total: 10.359700 ms (FindLiveObjects: 0.491800 ms CreateObjectMapping: 0.762400 ms MarkObjects: 8.195900 ms  DeleteObjects: 0.907400 ms)

AssetImportParameters requested are different than current active one (requested -> active):
  custom:video-decoder-ogg-theora: a1e56fd34408186e4bbccfd4996cb3dc -> 
  custom:container-muxer-webm: aa71ff27fc2769a1b78a27578f13a17b -> 
  custom:container-demuxer-webm: 4f35f7cbe854078d1ac9338744f61a02 -> 
  custom:video-encoder-webm-vp8: eb34c28f22e8b96e1ab97ce403110664 -> 
  custom:audio-encoder-webm-vorbis: bf7c407c2cedff20999df2af8eb42d56 -> 
  custom:framework-win-MediaFoundation: 216162199b28c13a410421893ffa2e32 -> 
  custom:SearchIndexIgnoredProperties: e643bd26f0fe6173181afceb89e7c659 -> 
  custom:container-demuxer-ogg: 62fdf1f143b41e24485cea50d1cbac27 -> 
  custom:video-decoder-webm-vp8: 9c59270c3fd7afecdb556c50c9e8de78 -> 
  custom:audio-decoder-ogg-vorbis: bf7c407c2cedff20999df2af8eb42d56 -> 
========================================================================
Received Import Request.
  Time since last request: 228.893776 seconds.
  path: Assets/giop.cs
  artifactKey: Guid(1510e307a896ecb418e121ecf86ba7e7) Importer(815301076,1909f56bfc062723c751e8b465ee728b)
Start importing Assets/giop.cs using Guid(1510e307a896ecb418e121ecf86ba7e7) Importer(815301076,1909f56bfc062723c751e8b465ee728b)  -> (artifact id: 'f39022f22e248feb248326ae946b815d') in 0.010715 seconds 
========================================================================
Received Prepare
Registering precompiled user dll's ...
Registered in 0.011693 seconds.
Begin MonoManager ReloadAssembly
Symbol file LoadedFromMemory doesn't match image C:\Users\user\Documents\GitHub\3d-platformer3\Library\PackageCache\com.unity.visualscripting@1.7.8\Editor\VisualScripting.Core\Dependencies\YamlDotNet\Unity.VisualScripting.YamlDotNet.dll
Symbol file LoadedFromMemory doesn't match image C:\Users\user\Documents\GitHub\3d-platformer3\Library\PackageCache\com.unity.visualscripting@1.7.8\Editor\VisualScripting.Core\Dependencies\DotNetZip\Unity.VisualScripting.IonicZip.dll
Native extension for WindowsStandalone target not found
Refreshing native plugins compatible for Editor in 2.53 ms, found 3 plugins.
Preloading 0 native plugins for Editor in 0.00 ms.
Mono: successfully reloaded assembly
- Completed reload, in  3.194 seconds
Domain Reload Profiling:
	ReloadAssembly (3196ms)
		BeginReloadAssembly (303ms)
			ExecutionOrderSort (0ms)
			DisableScriptedObjects (14ms)
			BackupInstance (0ms)
			ReleaseScriptingObjects (0ms)
			CreateAndSetChildDomain (84ms)
		EndReloadAssembly (2655ms)
			LoadAssemblies (215ms)
			RebuildTransferFunctionScriptingTraits (0ms)
			SetupTypeCache (808ms)
			ReleaseScriptCaches (3ms)
			RebuildScriptCaches (163ms)
			SetupLoadedEditorAssemblies (1263ms)
				LogAssemblyErrors (0ms)
				InitializePlatformSupportModulesInManaged (53ms)
				SetLoadedEditorAssemblies (4ms)
				RefreshPlugins (3ms)
				BeforeProcessingInitializeOnLoad (238ms)
				ProcessInitializeOnLoadAttributes (840ms)
				ProcessInitializeOnLoadMethodAttributes (107ms)
				AfterProcessingInitializeOnLoad (18ms)
				EditorAssembliesLoaded (0ms)
			ExecutionOrderSort2 (0ms)
			AwakeInstancesAfterBackupRestoration (23ms)
Platform modules already initialized, skipping
Refreshing native plugins compatible for Editor in 7.41 ms, found 3 plugins.
Preloading 0 native plugins for Editor in 0.00 ms.
Unloading 3386 Unused Serialized files (Serialized files now loaded: 0)
Unloading 20 unused Assets / (79.2 KB). Loaded Objects now: 3937.
Memory consumption went from 127.4 MB to 127.3 MB.
Total: 17.027100 ms (FindLiveObjects: 2.321300 ms CreateObjectMapping: 0.837600 ms MarkObjects: 13.696000 ms  DeleteObjects: 0.169700 ms)

AssetImportParameters requested are different than current active one (requested -> active):
  custom:video-decoder-ogg-theora: a1e56fd34408186e4bbccfd4996cb3dc -> 
  custom:container-muxer-webm: aa71ff27fc2769a1b78a27578f13a17b -> 
  custom:container-demuxer-webm: 4f35f7cbe854078d1ac9338744f61a02 -> 
  custom:video-encoder-webm-vp8: eb34c28f22e8b96e1ab97ce403110664 -> 
  custom:audio-encoder-webm-vorbis: bf7c407c2cedff20999df2af8eb42d56 -> 
  custom:framework-win-MediaFoundation: 216162199b28c13a410421893ffa2e32 -> 
  custom:SearchIndexIgnoredProperties: e643bd26f0fe6173181afceb89e7c659 -> 
  custom:container-demuxer-ogg: 62fdf1f143b41e24485cea50d1cbac27 -> 
  custom:video-decoder-webm-vp8: 9c59270c3fd7afecdb556c50c9e8de78 -> 
  custom:audio-decoder-ogg-vorbis: bf7c407c2cedff20999df2af8eb42d56 -> 
========================================================================
Received Import Request.
  Time since last request: 45.428718 seconds.
  path: Assets/fireball.prefab
  artifactKey: Guid(e796799d36f119f42a891daf68b32e70) Importer(815301076,1909f56bfc062723c751e8b465ee728b)
Start importing Assets/fireball.prefab using Guid(e796799d36f119f42a891daf68b32e70) Importer(815301076,1909f56bfc062723c751e8b465ee728b)  -> (artifact id: '1f4062eb06013281d60ea5b782dcffb7') in 0.123598 seconds 
========================================================================
Received Prepare
Registering precompiled user dll's ...
Registered in 0.009522 seconds.
Begin MonoManager ReloadAssembly
Symbol file LoadedFromMemory doesn't match image C:\Users\user\Documents\GitHub\3d-platformer3\Library\PackageCache\com.unity.visualscripting@1.7.8\Editor\VisualScripting.Core\Dependencies\YamlDotNet\Unity.VisualScripting.YamlDotNet.dll
Symbol file LoadedFromMemory doesn't match image C:\Users\user\Documents\GitHub\3d-platformer3\Library\PackageCache\com.unity.visualscripting@1.7.8\Editor\VisualScripting.Core\Dependencies\DotNetZip\Unity.VisualScripting.IonicZip.dll
Native extension for WindowsStandalone target not found
Refreshing native plugins compatible for Editor in 3.25 ms, found 3 plugins.
Preloading 0 native plugins for Editor in 0.00 ms.
Mono: successfully reloaded assembly
- Completed reload, in  3.063 seconds
Domain Reload Profiling:
	ReloadAssembly (3066ms)
		BeginReloadAssembly (291ms)
			ExecutionOrderSort (0ms)
			DisableScriptedObjects (11ms)
			BackupInstance (0ms)
			ReleaseScriptingObjects (0ms)
			CreateAndSetChildDomain (79ms)
		EndReloadAssembly (2544ms)
			LoadAssemblies (200ms)
			RebuildTransferFunctionScriptingTraits (0ms)
			SetupTypeCache (652ms)
			ReleaseScriptCaches (2ms)
			RebuildScriptCaches (113ms)
			SetupLoadedEditorAssemblies (1392ms)
				LogAssemblyErrors (0ms)
				InitializePlatformSupportModulesInManaged (63ms)
				SetLoadedEditorAssemblies (1ms)
				RefreshPlugins (3ms)
				BeforeProcessingInitializeOnLoad (266ms)
				ProcessInitializeOnLoadAttributes (911ms)
				ProcessInitializeOnLoadMethodAttributes (132ms)
				AfterProcessingInitializeOnLoad (15ms)
				EditorAssembliesLoaded (0ms)
			ExecutionOrderSort2 (0ms)
			AwakeInstancesAfterBackupRestoration (19ms)
Platform modules already initialized, skipping
Refreshing native plugins compatible for Editor in 9.98 ms, found 3 plugins.
Preloading 0 native plugins for Editor in 0.00 ms.
Unloading 3386 Unused Serialized files (Serialized files now loaded: 0)
Unloading 20 unused Assets / (79.3 KB). Loaded Objects now: 3940.
Memory consumption went from 127.4 MB to 127.3 MB.
Total: 10.752200 ms (FindLiveObjects: 0.627900 ms CreateObjectMapping: 0.729400 ms MarkObjects: 9.214300 ms  DeleteObjects: 0.178400 ms)

AssetImportParameters requested are different than current active one (requested -> active):
  custom:video-decoder-ogg-theora: a1e56fd34408186e4bbccfd4996cb3dc -> 
  custom:container-muxer-webm: aa71ff27fc2769a1b78a27578f13a17b -> 
  custom:container-demuxer-webm: 4f35f7cbe854078d1ac9338744f61a02 -> 
  custom:video-encoder-webm-vp8: eb34c28f22e8b96e1ab97ce403110664 -> 
  custom:audio-encoder-webm-vorbis: bf7c407c2cedff20999df2af8eb42d56 -> 
  custom:framework-win-MediaFoundation: 216162199b28c13a410421893ffa2e32 -> 
  custom:SearchIndexIgnoredProperties: e643bd26f0fe6173181afceb89e7c659 -> 
  custom:container-demuxer-ogg: 62fdf1f143b41e24485cea50d1cbac27 -> 
  custom:video-decoder-webm-vp8: 9c59270c3fd7afecdb556c50c9e8de78 -> 
  custom:audio-decoder-ogg-vorbis: bf7c407c2cedff20999df2af8eb42d56 -> 
========================================================================
Received Prepare
Registering precompiled user dll's ...
Registered in 0.007406 seconds.
Begin MonoManager ReloadAssembly
Symbol file LoadedFromMemory doesn't match image C:\Users\user\Documents\GitHub\3d-platformer3\Library\PackageCache\com.unity.visualscripting@1.7.8\Editor\VisualScripting.Core\Dependencies\YamlDotNet\Unity.VisualScripting.YamlDotNet.dll
Symbol file LoadedFromMemory doesn't match image C:\Users\user\Documents\GitHub\3d-platformer3\Library\PackageCache\com.unity.visualscripting@1.7.8\Editor\VisualScripting.Core\Dependencies\DotNetZip\Unity.VisualScripting.IonicZip.dll
Native extension for WindowsStandalone target not found
Refreshing native plugins compatible for Editor in 2.17 ms, found 3 plugins.
Preloading 0 native plugins for Editor in 0.00 ms.
Mono: successfully reloaded assembly
- Completed reload, in  2.311 seconds
Domain Reload Profiling:
	ReloadAssembly (2312ms)
		BeginReloadAssembly (285ms)
			ExecutionOrderSort (0ms)
			DisableScriptedObjects (16ms)
			BackupInstance (0ms)
			ReleaseScriptingObjects (0ms)
			CreateAndSetChildDomain (67ms)
		EndReloadAssembly (1787ms)
			LoadAssemblies (208ms)
			RebuildTransferFunctionScriptingTraits (0ms)
			SetupTypeCache (685ms)
			ReleaseScriptCaches (3ms)
			RebuildScriptCaches (94ms)
			SetupLoadedEditorAssemblies (723ms)
				LogAssemblyErrors (0ms)
				InitializePlatformSupportModulesInManaged (36ms)
				SetLoadedEditorAssemblies (1ms)
				RefreshPlugins (2ms)
				BeforeProcessingInitializeOnLoad (153ms)
				ProcessInitializeOnLoadAttributes (455ms)
				ProcessInitializeOnLoadMethodAttributes (65ms)
				AfterProcessingInitializeOnLoad (9ms)
				EditorAssembliesLoaded (0ms)
			ExecutionOrderSort2 (0ms)
			AwakeInstancesAfterBackupRestoration (15ms)
Platform modules already initialized, skipping
Refreshing native plugins compatible for Editor in 4.57 ms, found 3 plugins.
Preloading 0 native plugins for Editor in 0.00 ms.
Unloading 3386 Unused Serialized files (Serialized files now loaded: 0)
Unloading 20 unused Assets / (79.2 KB). Loaded Objects now: 3943.
Memory consumption went from 127.4 MB to 127.3 MB.
Total: 8.509200 ms (FindLiveObjects: 0.540400 ms CreateObjectMapping: 1.386900 ms MarkObjects: 6.393200 ms  DeleteObjects: 0.186100 ms)

AssetImportParameters requested are different than current active one (requested -> active):
  custom:video-decoder-ogg-theora: a1e56fd34408186e4bbccfd4996cb3dc -> 
  custom:container-muxer-webm: aa71ff27fc2769a1b78a27578f13a17b -> 
  custom:container-demuxer-webm: 4f35f7cbe854078d1ac9338744f61a02 -> 
  custom:video-encoder-webm-vp8: eb34c28f22e8b96e1ab97ce403110664 -> 
  custom:audio-encoder-webm-vorbis: bf7c407c2cedff20999df2af8eb42d56 -> 
  custom:framework-win-MediaFoundation: 216162199b28c13a410421893ffa2e32 -> 
  custom:SearchIndexIgnoredProperties: e643bd26f0fe6173181afceb89e7c659 -> 
  custom:container-demuxer-ogg: 62fdf1f143b41e24485cea50d1cbac27 -> 
  custom:video-decoder-webm-vp8: 9c59270c3fd7afecdb556c50c9e8de78 -> 
  custom:audio-decoder-ogg-vorbis: bf7c407c2cedff20999df2af8eb42d56 -> 
========================================================================
Received Prepare
Registering precompiled user dll's ...
Registered in 0.008936 seconds.
Begin MonoManager ReloadAssembly
Symbol file LoadedFromMemory doesn't match image C:\Users\user\Documents\GitHub\3d-platformer3\Library\PackageCache\com.unity.visualscripting@1.7.8\Editor\VisualScripting.Core\Dependencies\YamlDotNet\Unity.VisualScripting.YamlDotNet.dll
Symbol file LoadedFromMemory doesn't match image C:\Users\user\Documents\GitHub\3d-platformer3\Library\PackageCache\com.unity.visualscripting@1.7.8\Editor\VisualScripting.Core\Dependencies\DotNetZip\Unity.VisualScripting.IonicZip.dll
Native extension for WindowsStandalone target not found
Refreshing native plugins compatible for Editor in 3.19 ms, found 3 plugins.
Preloading 0 native plugins for Editor in 0.00 ms.
Mono: successfully reloaded assembly
- Completed reload, in  2.942 seconds
Domain Reload Profiling:
	ReloadAssembly (2944ms)
		BeginReloadAssembly (301ms)
			ExecutionOrderSort (0ms)
			DisableScriptedObjects (14ms)
			BackupInstance (0ms)
			ReleaseScriptingObjects (0ms)
			CreateAndSetChildDomain (69ms)
		EndReloadAssembly (2410ms)
			LoadAssemblies (188ms)
			RebuildTransferFunctionScriptingTraits (0ms)
			SetupTypeCache (680ms)
			ReleaseScriptCaches (2ms)
			RebuildScriptCaches (129ms)
			SetupLoadedEditorAssemblies (1193ms)
				LogAssemblyErrors (0ms)
				InitializePlatformSupportModulesInManaged (53ms)
				SetLoadedEditorAssemblies (2ms)
				RefreshPlugins (3ms)
				BeforeProcessingInitializeOnLoad (197ms)
				ProcessInitializeOnLoadAttributes (820ms)
				ProcessInitializeOnLoadMethodAttributes (102ms)
				AfterProcessingInitializeOnLoad (16ms)
				EditorAssembliesLoaded (0ms)
			ExecutionOrderSort2 (0ms)
			AwakeInstancesAfterBackupRestoration (27ms)
Platform modules already initialized, skipping
Refreshing native plugins compatible for Editor in 7.33 ms, found 3 plugins.
Preloading 0 native plugins for Editor in 0.00 ms.
Unloading 3386 Unused Serialized files (Serialized files now loaded: 0)
Unloading 20 unused Assets / (79.2 KB). Loaded Objects now: 3946.
Memory consumption went from 127.4 MB to 127.3 MB.
Total: 7.081400 ms (FindLiveObjects: 0.540700 ms CreateObjectMapping: 0.461100 ms MarkObjects: 5.898300 ms  DeleteObjects: 0.177300 ms)

AssetImportParameters requested are different than current active one (requested -> active):
  custom:video-decoder-ogg-theora: a1e56fd34408186e4bbccfd4996cb3dc -> 
  custom:container-muxer-webm: aa71ff27fc2769a1b78a27578f13a17b -> 
  custom:container-demuxer-webm: 4f35f7cbe854078d1ac9338744f61a02 -> 
  custom:video-encoder-webm-vp8: eb34c28f22e8b96e1ab97ce403110664 -> 
  custom:audio-encoder-webm-vorbis: bf7c407c2cedff20999df2af8eb42d56 -> 
  custom:framework-win-MediaFoundation: 216162199b28c13a410421893ffa2e32 -> 
  custom:SearchIndexIgnoredProperties: e643bd26f0fe6173181afceb89e7c659 -> 
  custom:container-demuxer-ogg: 62fdf1f143b41e24485cea50d1cbac27 -> 
  custom:video-decoder-webm-vp8: 9c59270c3fd7afecdb556c50c9e8de78 -> 
  custom:audio-decoder-ogg-vorbis: bf7c407c2cedff20999df2af8eb42d56 -> 
========================================================================
Received Prepare
Registering precompiled user dll's ...
Registered in 0.008888 seconds.
Begin MonoManager ReloadAssembly
Symbol file LoadedFromMemory doesn't match image C:\Users\user\Documents\GitHub\3d-platformer3\Library\PackageCache\com.unity.visualscripting@1.7.8\Editor\VisualScripting.Core\Dependencies\YamlDotNet\Unity.VisualScripting.YamlDotNet.dll
Symbol file LoadedFromMemory doesn't match image C:\Users\user\Documents\GitHub\3d-platformer3\Library\PackageCache\com.unity.visualscripting@1.7.8\Editor\VisualScripting.Core\Dependencies\DotNetZip\Unity.VisualScripting.IonicZip.dll
Native extension for WindowsStandalone target not found
Refreshing native plugins compatible for Editor in 2.45 ms, found 3 plugins.
Preloading 0 native plugins for Editor in 0.00 ms.
Mono: successfully reloaded assembly
- Completed reload, in  3.033 seconds
Domain Reload Profiling:
	ReloadAssembly (3037ms)
		BeginReloadAssembly (288ms)
			ExecutionOrderSort (0ms)
			DisableScriptedObjects (15ms)
			BackupInstance (0ms)
			ReleaseScriptingObjects (0ms)
			CreateAndSetChildDomain (89ms)
		EndReloadAssembly (2518ms)
			LoadAssemblies (188ms)
			RebuildTransferFunctionScriptingTraits (0ms)
			SetupTypeCache (681ms)
			ReleaseScriptCaches (3ms)
			RebuildScriptCaches (146ms)
			SetupLoadedEditorAssemblies (1239ms)
				LogAssemblyErrors (0ms)
				InitializePlatformSupportModulesInManaged (56ms)
				SetLoadedEditorAssemblies (2ms)
				RefreshPlugins (3ms)
				BeforeProcessingInitializeOnLoad (264ms)
				ProcessInitializeOnLoadAttributes (790ms)
				ProcessInitializeOnLoadMethodAttributes (105ms)
				AfterProcessingInitializeOnLoad (19ms)
				EditorAssembliesLoaded (0ms)
			ExecutionOrderSort2 (0ms)
			AwakeInstancesAfterBackupRestoration (26ms)
Platform modules already initialized, skipping
Refreshing native plugins compatible for Editor in 8.00 ms, found 3 plugins.
Preloading 0 native plugins for Editor in 0.00 ms.
Unloading 3386 Unused Serialized files (Serialized files now loaded: 0)
Unloading 20 unused Assets / (79.3 KB). Loaded Objects now: 3949.
Memory consumption went from 127.4 MB to 127.3 MB.
Total: 11.370700 ms (FindLiveObjects: 1.043400 ms CreateObjectMapping: 0.881700 ms MarkObjects: 9.200600 ms  DeleteObjects: 0.242800 ms)

AssetImportParameters requested are different than current active one (requested -> active):
  custom:video-decoder-ogg-theora: a1e56fd34408186e4bbccfd4996cb3dc -> 
  custom:container-muxer-webm: aa71ff27fc2769a1b78a27578f13a17b -> 
  custom:container-demuxer-webm: 4f35f7cbe854078d1ac9338744f61a02 -> 
  custom:video-encoder-webm-vp8: eb34c28f22e8b96e1ab97ce403110664 -> 
  custom:audio-encoder-webm-vorbis: bf7c407c2cedff20999df2af8eb42d56 -> 
  custom:framework-win-MediaFoundation: 216162199b28c13a410421893ffa2e32 -> 
  custom:SearchIndexIgnoredProperties: e643bd26f0fe6173181afceb89e7c659 -> 
  custom:container-demuxer-ogg: 62fdf1f143b41e24485cea50d1cbac27 -> 
  custom:video-decoder-webm-vp8: 9c59270c3fd7afecdb556c50c9e8de78 -> 
  custom:audio-decoder-ogg-vorbis: bf7c407c2cedff20999df2af8eb42d56 -> 
========================================================================
Received Import Request.
  Time since last request: 2437.370035 seconds.
  path: Assets/fireball.prefab
  artifactKey: Guid(e796799d36f119f42a891daf68b32e70) Importer(815301076,1909f56bfc062723c751e8b465ee728b)
Start importing Assets/fireball.prefab using Guid(e796799d36f119f42a891daf68b32e70) Importer(815301076,1909f56bfc062723c751e8b465ee728b)  -> (artifact id: '644f3ff5eed6a1ddc0bf1b157cc161b7') in 0.123421 seconds 
========================================================================
Received Import Request.
  Time since last request: 4.711992 seconds.
  path: Assets/Coin.png
  artifactKey: Guid(e64e55f967a629d419552213aa15c0dc) Importer(815301076,1909f56bfc062723c751e8b465ee728b)
Start importing Assets/Coin.png using Guid(e64e55f967a629d419552213aa15c0dc) Importer(815301076,1909f56bfc062723c751e8b465ee728b)  -> (artifact id: 'abe3d80846fe590200c9598c316fdcaa') in 0.088450 seconds 
========================================================================
Received Import Request.
  Time since last request: 2.344726 seconds.
  path: Assets/Heart.png
  artifactKey: Guid(a0da1019c7eef5244a40c993235f01d5) Importer(815301076,1909f56bfc062723c751e8b465ee728b)
Start importing Assets/Heart.png using Guid(a0da1019c7eef5244a40c993235f01d5) Importer(815301076,1909f56bfc062723c751e8b465ee728b)  -> (artifact id: '70f4fa2b68ba48d36a9b0b69ffcc8fda') in 0.039824 seconds 
========================================================================
Received Prepare
Registering precompiled user dll's ...
Registered in 0.007672 seconds.
Begin MonoManager ReloadAssembly
Symbol file LoadedFromMemory doesn't match image C:\Users\user\Documents\GitHub\3d-platformer3\Library\PackageCache\com.unity.visualscripting@1.7.8\Editor\VisualScripting.Core\Dependencies\YamlDotNet\Unity.VisualScripting.YamlDotNet.dll
Symbol file LoadedFromMemory doesn't match image C:\Users\user\Documents\GitHub\3d-platformer3\Library\PackageCache\com.unity.visualscripting@1.7.8\Editor\VisualScripting.Core\Dependencies\DotNetZip\Unity.VisualScripting.IonicZip.dll
Native extension for WindowsStandalone target not found
Refreshing native plugins compatible for Editor in 2.62 ms, found 3 plugins.
Preloading 0 native plugins for Editor in 0.00 ms.
Mono: successfully reloaded assembly
- Completed reload, in  3.073 seconds
Domain Reload Profiling:
	ReloadAssembly (3074ms)
		BeginReloadAssembly (322ms)
			ExecutionOrderSort (0ms)
			DisableScriptedObjects (11ms)
			BackupInstance (0ms)
			ReleaseScriptingObjects (0ms)
			CreateAndSetChildDomain (78ms)
		EndReloadAssembly (2533ms)
			LoadAssemblies (212ms)
			RebuildTransferFunctionScriptingTraits (0ms)
			SetupTypeCache (667ms)
			ReleaseScriptCaches (4ms)
			RebuildScriptCaches (114ms)
			SetupLoadedEditorAssemblies (1361ms)
				LogAssemblyErrors (0ms)
				InitializePlatformSupportModulesInManaged (67ms)
				SetLoadedEditorAssemblies (3ms)
				RefreshPlugins (3ms)
				BeforeProcessingInitializeOnLoad (267ms)
				ProcessInitializeOnLoadAttributes (875ms)
				ProcessInitializeOnLoadMethodAttributes (128ms)
				AfterProcessingInitializeOnLoad (18ms)
				EditorAssembliesLoaded (1ms)
			ExecutionOrderSort2 (0ms)
			AwakeInstancesAfterBackupRestoration (33ms)
Platform modules already initialized, skipping
Refreshing native plugins compatible for Editor in 12.18 ms, found 3 plugins.
Preloading 0 native plugins for Editor in 0.00 ms.
Unloading 3386 Unused Serialized files (Serialized files now loaded: 0)
Unloading 20 unused Assets / (79.1 KB). Loaded Objects now: 3953.
Memory consumption went from 127.4 MB to 127.4 MB.
Total: 9.082700 ms (FindLiveObjects: 0.898900 ms CreateObjectMapping: 0.897600 ms MarkObjects: 7.070700 ms  DeleteObjects: 0.213300 ms)

AssetImportParameters requested are different than current active one (requested -> active):
  custom:video-decoder-ogg-theora: a1e56fd34408186e4bbccfd4996cb3dc -> 
  custom:container-muxer-webm: aa71ff27fc2769a1b78a27578f13a17b -> 
  custom:container-demuxer-webm: 4f35f7cbe854078d1ac9338744f61a02 -> 
  custom:video-encoder-webm-vp8: eb34c28f22e8b96e1ab97ce403110664 -> 
  custom:audio-encoder-webm-vorbis: bf7c407c2cedff20999df2af8eb42d56 -> 
  custom:framework-win-MediaFoundation: 216162199b28c13a410421893ffa2e32 -> 
  custom:SearchIndexIgnoredProperties: e643bd26f0fe6173181afceb89e7c659 -> 
  custom:container-demuxer-ogg: 62fdf1f143b41e24485cea50d1cbac27 -> 
  custom:video-decoder-webm-vp8: 9c59270c3fd7afecdb556c50c9e8de78 -> 
  custom:audio-decoder-ogg-vorbis: bf7c407c2cedff20999df2af8eb42d56 -> 
========================================================================
Received Prepare
Registering precompiled user dll's ...
Registered in 0.011109 seconds.
Begin MonoManager ReloadAssembly
Symbol file LoadedFromMemory doesn't match image C:\Users\user\Documents\GitHub\3d-platformer3\Library\PackageCache\com.unity.visualscripting@1.7.8\Editor\VisualScripting.Core\Dependencies\YamlDotNet\Unity.VisualScripting.YamlDotNet.dll
Symbol file LoadedFromMemory doesn't match image C:\Users\user\Documents\GitHub\3d-platformer3\Library\PackageCache\com.unity.visualscripting@1.7.8\Editor\VisualScripting.Core\Dependencies\DotNetZip\Unity.VisualScripting.IonicZip.dll
Native extension for WindowsStandalone target not found
Refreshing native plugins compatible for Editor in 2.74 ms, found 3 plugins.
Preloading 0 native plugins for Editor in 0.00 ms.
Mono: successfully reloaded assembly
- Completed reload, in  3.401 seconds
Domain Reload Profiling:
	ReloadAssembly (3407ms)
		BeginReloadAssembly (297ms)
			ExecutionOrderSort (0ms)
			DisableScriptedObjects (17ms)
			BackupInstance (0ms)
			ReleaseScriptingObjects (0ms)
			CreateAndSetChildDomain (79ms)
		EndReloadAssembly (2875ms)
			LoadAssemblies (178ms)
			RebuildTransferFunctionScriptingTraits (0ms)
			SetupTypeCache (848ms)
			ReleaseScriptCaches (4ms)
			RebuildScriptCaches (181ms)
			SetupLoadedEditorAssemblies (1352ms)
				LogAssemblyErrors (0ms)
				InitializePlatformSupportModulesInManaged (58ms)
				SetLoadedEditorAssemblies (2ms)
				RefreshPlugins (3ms)
				BeforeProcessingInitializeOnLoad (247ms)
				ProcessInitializeOnLoadAttributes (904ms)
				ProcessInitializeOnLoadMethodAttributes (119ms)
				AfterProcessingInitializeOnLoad (18ms)
				EditorAssembliesLoaded (1ms)
			ExecutionOrderSort2 (0ms)
			AwakeInstancesAfterBackupRestoration (21ms)
Platform modules already initialized, skipping
Refreshing native plugins compatible for Editor in 5.57 ms, found 3 plugins.
Preloading 0 native plugins for Editor in 0.00 ms.
Unloading 3386 Unused Serialized files (Serialized files now loaded: 0)
Unloading 20 unused Assets / (79.1 KB). Loaded Objects now: 3956.
Memory consumption went from 127.4 MB to 127.4 MB.
Total: 8.153000 ms (FindLiveObjects: 0.458300 ms CreateObjectMapping: 0.426400 ms MarkObjects: 7.103800 ms  DeleteObjects: 0.162800 ms)

AssetImportParameters requested are different than current active one (requested -> active):
  custom:video-decoder-ogg-theora: a1e56fd34408186e4bbccfd4996cb3dc -> 
  custom:container-muxer-webm: aa71ff27fc2769a1b78a27578f13a17b -> 
  custom:container-demuxer-webm: 4f35f7cbe854078d1ac9338744f61a02 -> 
  custom:video-encoder-webm-vp8: eb34c28f22e8b96e1ab97ce403110664 -> 
  custom:audio-encoder-webm-vorbis: bf7c407c2cedff20999df2af8eb42d56 -> 
  custom:framework-win-MediaFoundation: 216162199b28c13a410421893ffa2e32 -> 
  custom:SearchIndexIgnoredProperties: e643bd26f0fe6173181afceb89e7c659 -> 
  custom:container-demuxer-ogg: 62fdf1f143b41e24485cea50d1cbac27 -> 
  custom:video-decoder-webm-vp8: 9c59270c3fd7afecdb556c50c9e8de78 -> 
  custom:audio-decoder-ogg-vorbis: bf7c407c2cedff20999df2af8eb42d56 -> 
========================================================================
Received Import Request.
  Time since last request: 473.428208 seconds.
  path: Assets/Gazan_-_67_Six_Seven_(SkySound.cc).mp3
  artifactKey: Guid(204d93dc6098fe74dba1f35b0bf288e1) Importer(815301076,1909f56bfc062723c751e8b465ee728b)
Start importing Assets/Gazan_-_67_Six_Seven_(SkySound.cc).mp3 using Guid(204d93dc6098fe74dba1f35b0bf288e1) Importer(815301076,1909f56bfc062723c751e8b465ee728b)  -> (artifact id: 'a0ace2f2edb287263f6734cbba999a36') in 0.142827 seconds 
========================================================================
Received Import Request.
  Time since last request: 76.229249 seconds.
  path: Assets/ThirdPart/Mini First Person Controller/Audio/Crouch/Gazan_-_67_Six_Seven_(SkySound.cc).mp3
  artifactKey: Guid(80ea92d2e59735048ace1234f7dc5de5) Importer(815301076,1909f56bfc062723c751e8b465ee728b)
Start importing Assets/ThirdPart/Mini First Person Controller/Audio/Crouch/Gazan_-_67_Six_Seven_(SkySound.cc).mp3 using Guid(80ea92d2e59735048ace1234f7dc5de5) Importer(815301076,1909f56bfc062723c751e8b465ee728b)  -> (artifact id: 'f0140fd66c9be191d8b16fdd84490e66') in 0.038238 seconds 
========================================================================
Received Prepare
Registering precompiled user dll's ...
Registered in 0.009867 seconds.
Begin MonoManager ReloadAssembly
Symbol file LoadedFromMemory doesn't match image C:\Users\user\Documents\GitHub\3d-platformer3\Library\PackageCache\com.unity.visualscripting@1.7.8\Editor\VisualScripting.Core\Dependencies\YamlDotNet\Unity.VisualScripting.YamlDotNet.dll
Symbol file LoadedFromMemory doesn't match image C:\Users\user\Documents\GitHub\3d-platformer3\Library\PackageCache\com.unity.visualscripting@1.7.8\Editor\VisualScripting.Core\Dependencies\DotNetZip\Unity.VisualScripting.IonicZip.dll
Native extension for WindowsStandalone target not found
Refreshing native plugins compatible for Editor in 5.39 ms, found 3 plugins.
Preloading 0 native plugins for Editor in 0.00 ms.
Mono: successfully reloaded assembly
- Completed reload, in  3.527 seconds
Domain Reload Profiling:
	ReloadAssembly (3528ms)
		BeginReloadAssembly (292ms)
			ExecutionOrderSort (0ms)
			DisableScriptedObjects (9ms)
			BackupInstance (0ms)
			ReleaseScriptingObjects (0ms)
			CreateAndSetChildDomain (71ms)
		EndReloadAssembly (3010ms)
			LoadAssemblies (211ms)
			RebuildTransferFunctionScriptingTraits (0ms)
			SetupTypeCache (785ms)
			ReleaseScriptCaches (5ms)
			RebuildScriptCaches (186ms)
			SetupLoadedEditorAssemblies (1447ms)
				LogAssemblyErrors (0ms)
				InitializePlatformSupportModulesInManaged (69ms)
				SetLoadedEditorAssemblies (5ms)
				RefreshPlugins (6ms)
				BeforeProcessingInitializeOnLoad (281ms)
				ProcessInitializeOnLoadAttributes (944ms)
				ProcessInitializeOnLoadMethodAttributes (129ms)
				AfterProcessingInitializeOnLoad (13ms)
				EditorAssembliesLoaded (0ms)
			ExecutionOrderSort2 (0ms)
			AwakeInstancesAfterBackupRestoration (32ms)
Platform modules already initialized, skipping
Refreshing native plugins compatible for Editor in 25.35 ms, found 3 plugins.
Preloading 0 native plugins for Editor in 0.00 ms.
Unloading 3386 Unused Serialized files (Serialized files now loaded: 0)
Unloading 20 unused Assets / (79.1 KB). Loaded Objects now: 3959.
Memory consumption went from 127.5 MB to 127.4 MB.
Total: 8.436100 ms (FindLiveObjects: 0.558600 ms CreateObjectMapping: 0.590600 ms MarkObjects: 6.907000 ms  DeleteObjects: 0.376700 ms)

AssetImportParameters requested are different than current active one (requested -> active):
  custom:video-decoder-ogg-theora: a1e56fd34408186e4bbccfd4996cb3dc -> 
  custom:container-muxer-webm: aa71ff27fc2769a1b78a27578f13a17b -> 
  custom:container-demuxer-webm: 4f35f7cbe854078d1ac9338744f61a02 -> 
  custom:video-encoder-webm-vp8: eb34c28f22e8b96e1ab97ce403110664 -> 
  custom:audio-encoder-webm-vorbis: bf7c407c2cedff20999df2af8eb42d56 -> 
  custom:framework-win-MediaFoundation: 216162199b28c13a410421893ffa2e32 -> 
  custom:SearchIndexIgnoredProperties: e643bd26f0fe6173181afceb89e7c659 -> 
  custom:container-demuxer-ogg: 62fdf1f143b41e24485cea50d1cbac27 -> 
  custom:video-decoder-webm-vp8: 9c59270c3fd7afecdb556c50c9e8de78 -> 
  custom:audio-decoder-ogg-vorbis: bf7c407c2cedff20999df2af8eb42d56 -> 
========================================================================
Received Import Request.
  Time since last request: 865.023330 seconds.
  path: Assets/Heart 1.png
  artifactKey: Guid(df82ffe448c222c46b3d75d2de02dab2) Importer(815301076,1909f56bfc062723c751e8b465ee728b)
Start importing Assets/Heart 1.png using Guid(df82ffe448c222c46b3d75d2de02dab2) Importer(815301076,1909f56bfc062723c751e8b465ee728b)  -> (artifact id: '4d3f2267bf3b2f60649ae4ecfcc758c7') in 0.098338 seconds 
========================================================================
Received Prepare
Registering precompiled user dll's ...
Registered in 0.008655 seconds.
Begin MonoManager ReloadAssembly
Symbol file LoadedFromMemory doesn't match image C:\Users\user\Documents\GitHub\3d-platformer3\Library\PackageCache\com.unity.visualscripting@1.7.8\Editor\VisualScripting.Core\Dependencies\YamlDotNet\Unity.VisualScripting.YamlDotNet.dll
Symbol file LoadedFromMemory doesn't match image C:\Users\user\Documents\GitHub\3d-platformer3\Library\PackageCache\com.unity.visualscripting@1.7.8\Editor\VisualScripting.Core\Dependencies\DotNetZip\Unity.VisualScripting.IonicZip.dll
Native extension for WindowsStandalone target not found
Refreshing native plugins compatible for Editor in 7.81 ms, found 3 plugins.
Preloading 0 native plugins for Editor in 0.00 ms.
Mono: successfully reloaded assembly
- Completed reload, in  3.576 seconds
Domain Reload Profiling:
	ReloadAssembly (3577ms)
		BeginReloadAssembly (301ms)
			ExecutionOrderSort (0ms)
			DisableScriptedObjects (12ms)
			BackupInstance (0ms)
			ReleaseScriptingObjects (0ms)
			CreateAndSetChildDomain (76ms)
		EndReloadAssembly (2995ms)
			LoadAssemblies (225ms)
			RebuildTransferFunctionScriptingTraits (0ms)
			SetupTypeCache (1069ms)
			ReleaseScriptCaches (3ms)
			RebuildScriptCaches (170ms)
			SetupLoadedEditorAssemblies (1267ms)
				LogAssemblyErrors (0ms)
				InitializePlatformSupportModulesInManaged (51ms)
				SetLoadedEditorAssemblies (3ms)
				RefreshPlugins (8ms)
				BeforeProcessingInitializeOnLoad (260ms)
				ProcessInitializeOnLoadAttributes (802ms)
				ProcessInitializeOnLoadMethodAttributes (127ms)
				AfterProcessingInitializeOnLoad (17ms)
				EditorAssembliesLoaded (0ms)
			ExecutionOrderSort2 (0ms)
			AwakeInstancesAfterBackupRestoration (32ms)
Platform modules already initialized, skipping
Refreshing native plugins compatible for Editor in 5.43 ms, found 3 plugins.
Preloading 0 native plugins for Editor in 0.00 ms.
Unloading 3386 Unused Serialized files (Serialized files now loaded: 0)
Unloading 20 unused Assets / (79.1 KB). Loaded Objects now: 3962.
Memory consumption went from 127.5 MB to 127.4 MB.
Total: 9.037200 ms (FindLiveObjects: 0.733900 ms CreateObjectMapping: 0.893400 ms MarkObjects: 7.246100 ms  DeleteObjects: 0.161700 ms)

AssetImportParameters requested are different than current active one (requested -> active):
  custom:video-decoder-ogg-theora: a1e56fd34408186e4bbccfd4996cb3dc -> 
  custom:container-muxer-webm: aa71ff27fc2769a1b78a27578f13a17b -> 
  custom:container-demuxer-webm: 4f35f7cbe854078d1ac9338744f61a02 -> 
  custom:video-encoder-webm-vp8: eb34c28f22e8b96e1ab97ce403110664 -> 
  custom:audio-encoder-webm-vorbis: bf7c407c2cedff20999df2af8eb42d56 -> 
  custom:framework-win-MediaFoundation: 216162199b28c13a410421893ffa2e32 -> 
  custom:SearchIndexIgnoredProperties: e643bd26f0fe6173181afceb89e7c659 -> 
  custom:container-demuxer-ogg: 62fdf1f143b41e24485cea50d1cbac27 -> 
  custom:video-decoder-webm-vp8: 9c59270c3fd7afecdb556c50c9e8de78 -> 
  custom:audio-decoder-ogg-vorbis: bf7c407c2cedff20999df2af8eb42d56 -> 
========================================================================
Received Import Request.
  Time since last request: 74.143419 seconds.
  path: Assets/moon.cs
  artifactKey: Guid(cccc698c4d5c3f247884708381b605ee) Importer(815301076,1909f56bfc062723c751e8b465ee728b)
Start importing Assets/moon.cs using Guid(cccc698c4d5c3f247884708381b605ee) Importer(815301076,1909f56bfc062723c751e8b465ee728b)  -> (artifact id: '0b98cc09732561228e8b8239a9ecb032') in 0.024299 seconds 
========================================================================
Received Prepare
Registering precompiled user dll's ...
Registered in 0.009606 seconds.
Begin MonoManager ReloadAssembly
Symbol file LoadedFromMemory doesn't match image C:\Users\user\Documents\GitHub\3d-platformer3\Library\PackageCache\com.unity.visualscripting@1.7.8\Editor\VisualScripting.Core\Dependencies\YamlDotNet\Unity.VisualScripting.YamlDotNet.dll
Symbol file LoadedFromMemory doesn't match image C:\Users\user\Documents\GitHub\3d-platformer3\Library\PackageCache\com.unity.visualscripting@1.7.8\Editor\VisualScripting.Core\Dependencies\DotNetZip\Unity.VisualScripting.IonicZip.dll
Native extension for WindowsStandalone target not found
Refreshing native plugins compatible for Editor in 3.40 ms, found 3 plugins.
Preloading 0 native plugins for Editor in 0.00 ms.
Mono: successfully reloaded assembly
- Completed reload, in  3.709 seconds
Domain Reload Profiling:
	ReloadAssembly (3712ms)
		BeginReloadAssembly (283ms)
			ExecutionOrderSort (0ms)
			DisableScriptedObjects (15ms)
			BackupInstance (0ms)
			ReleaseScriptingObjects (0ms)
			CreateAndSetChildDomain (67ms)
		EndReloadAssembly (3206ms)
			LoadAssemblies (198ms)
			RebuildTransferFunctionScriptingTraits (0ms)
			SetupTypeCache (733ms)
			ReleaseScriptCaches (3ms)
			RebuildScriptCaches (156ms)
			SetupLoadedEditorAssemblies (1833ms)
				LogAssemblyErrors (0ms)
				InitializePlatformSupportModulesInManaged (62ms)
				SetLoadedEditorAssemblies (1ms)
				RefreshPlugins (4ms)
				BeforeProcessingInitializeOnLoad (297ms)
				ProcessInitializeOnLoadAttributes (1319ms)
				ProcessInitializeOnLoadMethodAttributes (132ms)
				AfterProcessingInitializeOnLoad (19ms)
				EditorAssembliesLoaded (1ms)
			ExecutionOrderSort2 (0ms)
			AwakeInstancesAfterBackupRestoration (31ms)
Platform modules already initialized, skipping
Refreshing native plugins compatible for Editor in 5.22 ms, found 3 plugins.
Preloading 0 native plugins for Editor in 0.00 ms.
Unloading 3386 Unused Serialized files (Serialized files now loaded: 0)
Unloading 20 unused Assets / (79.2 KB). Loaded Objects now: 3965.
Memory consumption went from 127.5 MB to 127.4 MB.
Total: 7.679800 ms (FindLiveObjects: 0.601000 ms CreateObjectMapping: 0.429600 ms MarkObjects: 6.527400 ms  DeleteObjects: 0.119900 ms)

AssetImportParameters requested are different than current active one (requested -> active):
  custom:video-decoder-ogg-theora: a1e56fd34408186e4bbccfd4996cb3dc -> 
  custom:container-muxer-webm: aa71ff27fc2769a1b78a27578f13a17b -> 
  custom:container-demuxer-webm: 4f35f7cbe854078d1ac9338744f61a02 -> 
  custom:video-encoder-webm-vp8: eb34c28f22e8b96e1ab97ce403110664 -> 
  custom:audio-encoder-webm-vorbis: bf7c407c2cedff20999df2af8eb42d56 -> 
  custom:framework-win-MediaFoundation: 216162199b28c13a410421893ffa2e32 -> 
  custom:SearchIndexIgnoredProperties: e643bd26f0fe6173181afceb89e7c659 -> 
  custom:container-demuxer-ogg: 62fdf1f143b41e24485cea50d1cbac27 -> 
  custom:video-decoder-webm-vp8: 9c59270c3fd7afecdb556c50c9e8de78 -> 
  custom:audio-decoder-ogg-vorbis: bf7c407c2cedff20999df2af8eb42d56 -> 
========================================================================
Received Prepare
Registering precompiled user dll's ...
Registered in 0.010377 seconds.
Begin MonoManager ReloadAssembly
Symbol file LoadedFromMemory doesn't match image C:\Users\user\Documents\GitHub\3d-platformer3\Library\PackageCache\com.unity.visualscripting@1.7.8\Editor\VisualScripting.Core\Dependencies\YamlDotNet\Unity.VisualScripting.YamlDotNet.dll
Symbol file LoadedFromMemory doesn't match image C:\Users\user\Documents\GitHub\3d-platformer3\Library\PackageCache\com.unity.visualscripting@1.7.8\Editor\VisualScripting.Core\Dependencies\DotNetZip\Unity.VisualScripting.IonicZip.dll
Native extension for WindowsStandalone target not found
Refreshing native plugins compatible for Editor in 2.31 ms, found 3 plugins.
Preloading 0 native plugins for Editor in 0.00 ms.
Mono: successfully reloaded assembly
- Completed reload, in  3.282 seconds
Domain Reload Profiling:
	ReloadAssembly (3286ms)
		BeginReloadAssembly (277ms)
			ExecutionOrderSort (0ms)
			DisableScriptedObjects (15ms)
			BackupInstance (0ms)
			ReleaseScriptingObjects (0ms)
			CreateAndSetChildDomain (68ms)
		EndReloadAssembly (2776ms)
			LoadAssemblies (190ms)
			RebuildTransferFunctionScriptingTraits (0ms)
			SetupTypeCache (827ms)
			ReleaseScriptCaches (4ms)
			RebuildScriptCaches (187ms)
			SetupLoadedEditorAssemblies (1311ms)
				LogAssemblyErrors (0ms)
				InitializePlatformSupportModulesInManaged (48ms)
				SetLoadedEditorAssemblies (2ms)
				RefreshPlugins (3ms)
				BeforeProcessingInitializeOnLoad (269ms)
				ProcessInitializeOnLoadAttributes (867ms)
				ProcessInitializeOnLoadMethodAttributes (105ms)
				AfterProcessingInitializeOnLoad (15ms)
				EditorAssembliesLoaded (1ms)
			ExecutionOrderSort2 (0ms)
			AwakeInstancesAfterBackupRestoration (26ms)
Platform modules already initialized, skipping
Refreshing native plugins compatible for Editor in 5.99 ms, found 3 plugins.
Preloading 0 native plugins for Editor in 0.00 ms.
Unloading 3386 Unused Serialized files (Serialized files now loaded: 0)
Unloading 20 unused Assets / (79.2 KB). Loaded Objects now: 3968.
Memory consumption went from 127.5 MB to 127.4 MB.
Total: 10.370700 ms (FindLiveObjects: 0.754700 ms CreateObjectMapping: 1.176600 ms MarkObjects: 8.150600 ms  DeleteObjects: 0.286700 ms)

AssetImportParameters requested are different than current active one (requested -> active):
  custom:video-decoder-ogg-theora: a1e56fd34408186e4bbccfd4996cb3dc -> 
  custom:container-muxer-webm: aa71ff27fc2769a1b78a27578f13a17b -> 
  custom:container-demuxer-webm: 4f35f7cbe854078d1ac9338744f61a02 -> 
  custom:video-encoder-webm-vp8: eb34c28f22e8b96e1ab97ce403110664 -> 
  custom:audio-encoder-webm-vorbis: bf7c407c2cedff20999df2af8eb42d56 -> 
  custom:framework-win-MediaFoundation: 216162199b28c13a410421893ffa2e32 -> 
  custom:SearchIndexIgnoredProperties: e643bd26f0fe6173181afceb89e7c659 -> 
  custom:container-demuxer-ogg: 62fdf1f143b41e24485cea50d1cbac27 -> 
  custom:video-decoder-webm-vp8: 9c59270c3fd7afecdb556c50c9e8de78 -> 
  custom:audio-decoder-ogg-vorbis: bf7c407c2cedff20999df2af8eb42d56 -> 
========================================================================
Received Import Request.
  Time since last request: 98.335726 seconds.
  path: Assets/FireEffect/OtherAssets/Misc/cfxr font AmazGoDaBold.png
  artifactKey: Guid(7ab74e659e1f0a34d9cfec21c478fc12) Importer(815301076,1909f56bfc062723c751e8b465ee728b)
Start importing Assets/FireEffect/OtherAssets/Misc/cfxr font AmazGoDaBold.png using Guid(7ab74e659e1f0a34d9cfec21c478fc12) Importer(815301076,1909f56bfc062723c751e8b465ee728b)  -> (artifact id: '698a66d0e87a1f3f9e637ce926ce35ab') in 0.664836 seconds 
========================================================================
Received Import Request.
  Time since last request: 1.865395 seconds.
  path: Packages/com.unity.collab-proxy/Editor/PlasticSCM/Assets/Images/buttonssosigninemail.png
  artifactKey: Guid(d24e7e0b75e1a244bb9687d6fd4315ef) Importer(815301076,1909f56bfc062723c751e8b465ee728b)
Start importing Packages/com.unity.collab-proxy/Editor/PlasticSCM/Assets/Images/buttonssosigninemail.png using Guid(d24e7e0b75e1a244bb9687d6fd4315ef) Importer(815301076,1909f56bfc062723c751e8b465ee728b)  -> (artifact id: '0a20e0f5683f5b5efc41865a8b9553c1') in 0.060087 seconds 
========================================================================
Received Import Request.
  Time since last request: 0.000038 seconds.
  path: Assets/FireEffect/OtherAssets/Misc/cfxr font WashYourHand.png
  artifactKey: Guid(09e4c6a7d75923945afe43953ef58ad2) Importer(815301076,1909f56bfc062723c751e8b465ee728b)
Start importing Assets/FireEffect/OtherAssets/Misc/cfxr font WashYourHand.png using Guid(09e4c6a7d75923945afe43953ef58ad2) Importer(815301076,1909f56bfc062723c751e8b465ee728b)  -> (artifact id: '4f6e0f08dbc4ea6ad2f98cb7f613e891') in 0.529474 seconds 
========================================================================
Received Import Request.
  Time since last request: 0.956206 seconds.
  path: Assets/ThirdPart/Wand and Circles/Polygon City Free Pack - Environment and Interior/CircleICO_2.png
  artifactKey: Guid(b86e0be351ca49c4a8e6217f302bb64a) Importer(815301076,1909f56bfc062723c751e8b465ee728b)
Start importing Assets/ThirdPart/Wand and Circles/Polygon City Free Pack - Environment and Interior/CircleICO_2.png using Guid(b86e0be351ca49c4a8e6217f302bb64a) Importer(815301076,1909f56bfc062723c751e8b465ee728b)  -> (artifact id: '7227abf3b322c5a49b4c9de3d90ed52a') in 0.111739 seconds 
========================================================================
Received Import Request.
  Time since last request: 0.000049 seconds.
  path: Packages/com.unity.collab-proxy/Editor/PlasticSCM/Assets/Images/d_cloudbuhoshechristmas.png
  artifactKey: Guid(9c0d6ec706e01ce448aea81584af092b) Importer(815301076,1909f56bfc062723c751e8b465ee728b)
Start importing Packages/com.unity.collab-proxy/Editor/PlasticSCM/Assets/Images/d_cloudbuhoshechristmas.png using Guid(9c0d6ec706e01ce448aea81584af092b) Importer(815301076,1909f56bfc062723c751e8b465ee728b)  -> (artifact id: 'f551eb5acb02d09b88f765e47cfd522e') in 0.126729 seconds 
========================================================================
Received Import Request.
  Time since last request: 0.000051 seconds.
  path: Packages/com.unity.collab-proxy/Editor/PlasticSCM/Assets/Images/d_cloudbuho.png
  artifactKey: Guid(e5600378dd761e64d9423790c482bf36) Importer(815301076,1909f56bfc062723c751e8b465ee728b)
Start importing Packages/com.unity.collab-proxy/Editor/PlasticSCM/Assets/Images/d_cloudbuho.png using Guid(e5600378dd761e64d9423790c482bf36) Importer(815301076,1909f56bfc062723c751e8b465ee728b)  -> (artifact id: 'a2ecc3a0098ff51f32d25bae55a7c375') in 0.090819 seconds 
========================================================================
Received Import Request.
  Time since last request: 0.000044 seconds.
  path: Packages/com.unity.collab-proxy/Editor/PlasticSCM/Assets/Images/d_genericbuhochristmas3.png
  artifactKey: Guid(6fac4e39926fd9c4ca2ba4416160a857) Importer(815301076,1909f56bfc062723c751e8b465ee728b)
Start importing Packages/com.unity.collab-proxy/Editor/PlasticSCM/Assets/Images/d_genericbuhochristmas3.png using Guid(6fac4e39926fd9c4ca2ba4416160a857) Importer(815301076,1909f56bfc062723c751e8b465ee728b)  -> (artifact id: 'd8fe2f499403cbe8b07e41e3dbe5e7a5') in 0.092106 seconds 
========================================================================
Received Import Request.
  Time since last request: 0.000041 seconds.
  path: Packages/com.unity.collab-proxy/Editor/PlasticSCM/Assets/Images/d_colorbuhoshechristmas.png
  artifactKey: Guid(ec03f79379868c642b48ae5ddc821b6d) Importer(815301076,1909f56bfc062723c751e8b465ee728b)
Start importing Packages/com.unity.collab-proxy/Editor/PlasticSCM/Assets/Images/d_colorbuhoshechristmas.png using Guid(ec03f79379868c642b48ae5ddc821b6d) Importer(815301076,1909f56bfc062723c751e8b465ee728b)  -> (artifact id: 'a91023ed19b4d05e0cd247bb73081b9f') in 0.089762 seconds 
========================================================================
Received Import Request.
  Time since last request: 0.000047 seconds.
  path: Packages/com.unity.collab-proxy/Editor/PlasticSCM/Assets/Images/d_expertbuho.png
  artifactKey: Guid(13e7e6fe43a8aa049bcd610bbc1f5ff8) Importer(815301076,1909f56bfc062723c751e8b465ee728b)
Start importing Packages/com.unity.collab-proxy/Editor/PlasticSCM/Assets/Images/d_expertbuho.png using Guid(13e7e6fe43a8aa049bcd610bbc1f5ff8) Importer(815301076,1909f56bfc062723c751e8b465ee728b)  -> (artifact id: 'ceb47762651d69171c193c98a776fe10') in 0.093427 seconds 
========================================================================
Received Import Request.
  Time since last request: 0.000038 seconds.
  path: Packages/com.unity.collab-proxy/Editor/PlasticSCM/Assets/Images/d_expertbuhoshe.png
  artifactKey: Guid(8325d4ef0a6eb3d43952aff8a06d9f45) Importer(815301076,1909f56bfc062723c751e8b465ee728b)
Start importing Packages/com.unity.collab-proxy/Editor/PlasticSCM/Assets/Images/d_expertbuhoshe.png using Guid(8325d4ef0a6eb3d43952aff8a06d9f45) Importer(815301076,1909f56bfc062723c751e8b465ee728b)  -> (artifact id: 'ae37e30650e4ffb4edeec3c725b5cd6a') in 0.108778 seconds 
========================================================================
Received Import Request.
  Time since last request: 0.000043 seconds.
  path: Packages/com.unity.collab-proxy/Editor/PlasticSCM/Assets/Images/d_genericbuho3.png
  artifactKey: Guid(9e9474494461bd048803b48e391ef0f6) Importer(815301076,1909f56bfc062723c751e8b465ee728b)
Start importing Packages/com.unity.collab-proxy/Editor/PlasticSCM/Assets/Images/d_genericbuho3.png using Guid(9e9474494461bd048803b48e391ef0f6) Importer(815301076,1909f56bfc062723c751e8b465ee728b)  -> (artifact id: '0b9aeec0c60aedab1d4886b19a7deef6') in 0.095395 seconds 
========================================================================
Received Import Request.
  Time since last request: 0.000053 seconds.
  path: Packages/com.unity.collab-proxy/Editor/PlasticSCM/Assets/Images/d_colorbuho.png
  artifactKey: Guid(3a0c527d7f890d64a9b56b086e6e766a) Importer(815301076,1909f56bfc062723c751e8b465ee728b)
Start importing Packages/com.unity.collab-proxy/Editor/PlasticSCM/Assets/Images/d_colorbuho.png using Guid(3a0c527d7f890d64a9b56b086e6e766a) Importer(815301076,1909f56bfc062723c751e8b465ee728b)  -> (artifact id: '1867305e7b160bec8e13b4f1175d4c44') in 0.092706 seconds 
========================================================================
Received Import Request.
  Time since last request: 0.000029 seconds.
  path: Packages/com.unity.collab-proxy/Editor/PlasticSCM/Assets/Images/d_genericbuho1.png
  artifactKey: Guid(43ad51e043491b94d8f6c62d55ac5ede) Importer(815301076,1909f56bfc062723c751e8b465ee728b)
Start importing Packages/com.unity.collab-proxy/Editor/PlasticSCM/Assets/Images/d_genericbuho1.png using Guid(43ad51e043491b94d8f6c62d55ac5ede) Importer(815301076,1909f56bfc062723c751e8b465ee728b)  -> (artifact id: '231ebd379c5f4c129f5b73e619a08660') in 0.099283 seconds 
========================================================================
Received Import Request.
  Time since last request: 0.000038 seconds.
  path: Packages/com.unity.collab-proxy/Editor/PlasticSCM/Assets/Images/d_expertbuhochristmas.png
  artifactKey: Guid(c887ed2a931c29040bc544cd8c546e9f) Importer(815301076,1909f56bfc062723c751e8b465ee728b)
Start importing Packages/com.unity.collab-proxy/Editor/PlasticSCM/Assets/Images/d_expertbuhochristmas.png using Guid(c887ed2a931c29040bc544cd8c546e9f) Importer(815301076,1909f56bfc062723c751e8b465ee728b)  -> (artifact id: 'b24609b662a5194b9945664cf3e81bf3') in 0.088611 seconds 
========================================================================
Received Import Request.
  Time since last request: 0.071240 seconds.
  path: Packages/com.unity.collab-proxy/Editor/PlasticSCM/Assets/Images/d_genericbuhoshe2.png
  artifactKey: Guid(17035c204825f6340a252046ab6476fd) Importer(815301076,1909f56bfc062723c751e8b465ee728b)
Start importing Packages/com.unity.collab-proxy/Editor/PlasticSCM/Assets/Images/d_genericbuhoshe2.png using Guid(17035c204825f6340a252046ab6476fd) Importer(815301076,1909f56bfc062723c751e8b465ee728b)  -> (artifact id: 'ca5bf2490a1172e8cf93b53fe1d80978') in 0.079711 seconds 
========================================================================
Received Import Request.
  Time since last request: 0.000035 seconds.
  path: Packages/com.unity.collab-proxy/Editor/PlasticSCM/Assets/Images/d_iconclosebutton.png
  artifactKey: Guid(9cadde7a0d5f9024ab3f2cd5f6a740d6) Importer(815301076,1909f56bfc062723c751e8b465ee728b)
Start importing Packages/com.unity.collab-proxy/Editor/PlasticSCM/Assets/Images/d_iconclosebutton.png using Guid(9cadde7a0d5f9024ab3f2cd5f6a740d6) Importer(815301076,1909f56bfc062723c751e8b465ee728b)  -> (artifact id: '0a79ab078be6395a5dd43572dc4bf1b5') in 0.080801 seconds 
========================================================================
Received Import Request.
  Time since last request: 0.000040 seconds.
  path: Packages/com.unity.collab-proxy/Editor/PlasticSCM/Assets/Images/d_iconbranch.png
  artifactKey: Guid(612c5e166a121e3449dad067fbdc37a4) Importer(815301076,1909f56bfc062723c751e8b465ee728b)
Start importing Packages/com.unity.collab-proxy/Editor/PlasticSCM/Assets/Images/d_iconbranch.png using Guid(612c5e166a121e3449dad067fbdc37a4) Importer(815301076,1909f56bfc062723c751e8b465ee728b)  -> (artifact id: '8f0d681e9fda465dde8368eba767673a') in 0.068781 seconds 
========================================================================
Received Import Request.
  Time since last request: 0.000057 seconds.
  path: Packages/com.unity.collab-proxy/Editor/PlasticSCM/Assets/Images/d_iconcheckedoutlocaloverlay.png
  artifactKey: Guid(bb1928aff4fd4cf44af1f629dc14ef9b) Importer(815301076,1909f56bfc062723c751e8b465ee728b)
Start importing Packages/com.unity.collab-proxy/Editor/PlasticSCM/Assets/Images/d_iconcheckedoutlocaloverlay.png using Guid(bb1928aff4fd4cf44af1f629dc14ef9b) Importer(815301076,1909f56bfc062723c751e8b465ee728b)  -> (artifact id: '812eb299a98fac3a13eec7b050da97f0') in 0.073849 seconds 
========================================================================
Received Import Request.
  Time since last request: 0.000083 seconds.
  path: Packages/com.unity.collab-proxy/Editor/PlasticSCM/Assets/Images/d_iconconflictedoverlay.png
  artifactKey: Guid(a892bcc7ae1871447926b3c44d158763) Importer(815301076,1909f56bfc062723c751e8b465ee728b)
Start importing Packages/com.unity.collab-proxy/Editor/PlasticSCM/Assets/Images/d_iconconflictedoverlay.png using Guid(a892bcc7ae1871447926b3c44d158763) Importer(815301076,1909f56bfc062723c751e8b465ee728b)  -> (artifact id: '1afbca694f0296e56182f385e5807e5b') in 0.074082 seconds 
========================================================================
Received Import Request.
  Time since last request: 0.000032 seconds.
  path: Packages/com.unity.collab-proxy/Editor/PlasticSCM/Assets/Images/d_icondeletedremoteoverlay@2x.png
  artifactKey: Guid(2cfbf6619eb047545a425e8a31732c83) Importer(815301076,1909f56bfc062723c751e8b465ee728b)
Start importing Packages/com.unity.collab-proxy/Editor/PlasticSCM/Assets/Images/d_icondeletedremoteoverlay@2x.png using Guid(2cfbf6619eb047545a425e8a31732c83) Importer(815301076,1909f56bfc062723c751e8b465ee728b)  -> (artifact id: '7ec81d9de3988cd679da6b64d06352d7') in 0.078282 seconds 
========================================================================
Received Import Request.
  Time since last request: 0.000046 seconds.
  path: Packages/com.unity.collab-proxy/Editor/PlasticSCM/Assets/Images/d_iconemptygravatar@2x.png
  artifactKey: Guid(0ac55f9f886d827408c102bdf33c5ff7) Importer(815301076,1909f56bfc062723c751e8b465ee728b)
Start importing Packages/com.unity.collab-proxy/Editor/PlasticSCM/Assets/Images/d_iconemptygravatar@2x.png using Guid(0ac55f9f886d827408c102bdf33c5ff7) Importer(815301076,1909f56bfc062723c751e8b465ee728b)  -> (artifact id: '8ba3ac26475bd682ff5944e3fadd84b7') in 0.084556 seconds 
========================================================================
Received Import Request.
  Time since last request: 0.000048 seconds.
  path: Packages/com.unity.collab-proxy/Editor/PlasticSCM/Assets/Images/d_iconbranch@2x.png
  artifactKey: Guid(874d8401331ede14087e8d8d486ddda6) Importer(815301076,1909f56bfc062723c751e8b465ee728b)
Start importing Packages/com.unity.collab-proxy/Editor/PlasticSCM/Assets/Images/d_iconbranch@2x.png using Guid(874d8401331ede14087e8d8d486ddda6) Importer(815301076,1909f56bfc062723c751e8b465ee728b)  -> (artifact id: 'a015044f3a1bac2b0409d8e13dcb6bc8') in 0.084284 seconds 
========================================================================
Received Import Request.
  Time since last request: 0.000041 seconds.
  path: Packages/com.unity.collab-proxy/Editor/PlasticSCM/Assets/Images/d_iconemptygravatar.png
  artifactKey: Guid(9aebd705574f9e642aef1e5f59b3e4d8) Importer(815301076,1909f56bfc062723c751e8b465ee728b)
Start importing Packages/com.unity.collab-proxy/Editor/PlasticSCM/Assets/Images/d_iconemptygravatar.png using Guid(9aebd705574f9e642aef1e5f59b3e4d8) Importer(815301076,1909f56bfc062723c751e8b465ee728b)  -> (artifact id: 'b93c5f8904d259b8fc8ee2455315239b') in 0.070628 seconds 
========================================================================
Received Import Request.
  Time since last request: 0.000041 seconds.
  path: Packages/com.unity.collab-proxy/Editor/PlasticSCM/Assets/Images/d_icondeletedremoteoverlay.png
  artifactKey: Guid(3de8a0634e55df8499c88204001cb0dd) Importer(815301076,1909f56bfc062723c751e8b465ee728b)
Start importing Packages/com.unity.collab-proxy/Editor/PlasticSCM/Assets/Images/d_icondeletedremoteoverlay.png using Guid(3de8a0634e55df8499c88204001cb0dd) Importer(815301076,1909f56bfc062723c751e8b465ee728b)  -> (artifact id: '1c4fd5b249691282a0ab20cfd0621c0c') in 0.071560 seconds 
========================================================================
Received Import Request.
  Time since last request: 0.000048 seconds.
  path: Packages/com.unity.collab-proxy/Editor/PlasticSCM/Assets/Images/d_iconaddedlocal@2x.png
  artifactKey: Guid(02800fb9cff14da47a04572790384d8b) Importer(815301076,1909f56bfc062723c751e8b465ee728b)
Start importing Packages/com.unity.collab-proxy/Editor/PlasticSCM/Assets/Images/d_iconaddedlocal@2x.png using Guid(02800fb9cff14da47a04572790384d8b) Importer(815301076,1909f56bfc062723c751e8b465ee728b)  -> (artifact id: 'd0f9a9a4e0ae08b906238b7de230915b') in 0.069171 seconds 
========================================================================
Received Import Request.
  Time since last request: 0.000056 seconds.
  path: Packages/com.unity.collab-proxy/Editor/PlasticSCM/Assets/Images/d_iconconflicted@2x.png
  artifactKey: Guid(65f0e363b74cf5845ab8c3fbc14f39ac) Importer(815301076,1909f56bfc062723c751e8b465ee728b)
Start importing Packages/com.unity.collab-proxy/Editor/PlasticSCM/Assets/Images/d_iconconflicted@2x.png using Guid(65f0e363b74cf5845ab8c3fbc14f39ac) Importer(815301076,1909f56bfc062723c751e8b465ee728b)  -> (artifact id: '357609a4e8ff59ee7c3bf43835bdfd08') in 0.070616 seconds 
========================================================================
Received Import Request.
  Time since last request: 0.000679 seconds.
  path: Packages/com.unity.collab-proxy/Editor/PlasticSCM/Assets/Images/d_iconaddedoverlay@2x.png
  artifactKey: Guid(a6fbd5a181bc51e42a61a73fe8d727c8) Importer(815301076,1909f56bfc062723c751e8b465ee728b)
Start importing Packages/com.unity.collab-proxy/Editor/PlasticSCM/Assets/Images/d_iconaddedoverlay@2x.png using Guid(a6fbd5a181bc51e42a61a73fe8d727c8) Importer(815301076,1909f56bfc062723c751e8b465ee728b)  -> (artifact id: '08d517e4ece103e1966ccd542531aed2') in 0.068511 seconds 
========================================================================
Received Import Request.
  Time since last request: 0.000037 seconds.
  path: Packages/com.unity.collab-proxy/Editor/PlasticSCM/Assets/Images/d_iconconflictresolvedoverlay@2x.png
  artifactKey: Guid(4a231ba0e81e63849a8f985c228e8acd) Importer(815301076,1909f56bfc062723c751e8b465ee728b)
Start importing Packages/com.unity.collab-proxy/Editor/PlasticSCM/Assets/Images/d_iconconflictresolvedoverlay@2x.png using Guid(4a231ba0e81e63849a8f985c228e8acd) Importer(815301076,1909f56bfc062723c751e8b465ee728b)  -> (artifact id: 'a7b957e58697e27c7a3a8ffacd15d79c') in 0.074609 seconds 
========================================================================
Received Import Request.
  Time since last request: 0.000586 seconds.
  path: Packages/com.unity.collab-proxy/Editor/PlasticSCM/Assets/Images/d_iconaddedoverlay.png
  artifactKey: Guid(73d124bf77e463c45942d14136745d9f) Importer(815301076,1909f56bfc062723c751e8b465ee728b)
Start importing Packages/com.unity.collab-proxy/Editor/PlasticSCM/Assets/Images/d_iconaddedoverlay.png using Guid(73d124bf77e463c45942d14136745d9f) Importer(815301076,1909f56bfc062723c751e8b465ee728b)  -> (artifact id: '81b98e1295f2cd5099dd95c9c88a9bf1') in 0.068764 seconds 
========================================================================
Received Import Request.
  Time since last request: 0.000854 seconds.
  path: Packages/com.unity.collab-proxy/Editor/PlasticSCM/Assets/Images/d_iconlockedlocaloverlay.png
  artifactKey: Guid(71c45f80bffdb9145ad2c456254c862e) Importer(815301076,1909f56bfc062723c751e8b465ee728b)
Start importing Packages/com.unity.collab-proxy/Editor/PlasticSCM/Assets/Images/d_iconlockedlocaloverlay.png using Guid(71c45f80bffdb9145ad2c456254c862e) Importer(815301076,1909f56bfc062723c751e8b465ee728b)  -> (artifact id: 'a69b5a06114f6a112f7152a87ab4b1a0') in 0.071229 seconds 
========================================================================
Received Import Request.
  Time since last request: 0.000040 seconds.
  path: Packages/com.unity.collab-proxy/Editor/PlasticSCM/Assets/Images/d_iconconflicted.png
  artifactKey: Guid(881798b77426a8f47b533dcc4767e9e5) Importer(815301076,1909f56bfc062723c751e8b465ee728b)
Start importing Packages/com.unity.collab-proxy/Editor/PlasticSCM/Assets/Images/d_iconconflicted.png using Guid(881798b77426a8f47b533dcc4767e9e5) Importer(815301076,1909f56bfc062723c751e8b465ee728b)  -> (artifact id: '324673336f205d09605280cd38c007f1') in 0.070794 seconds 
========================================================================
Received Import Request.
  Time since last request: 0.000038 seconds.
  path: Packages/com.unity.collab-proxy/Editor/PlasticSCM/Assets/Images/d_ignoredoverlay@2x.png
  artifactKey: Guid(68fafd0a2acc3774988418f657bf7b68) Importer(815301076,1909f56bfc062723c751e8b465ee728b)
Start importing Packages/com.unity.collab-proxy/Editor/PlasticSCM/Assets/Images/d_ignoredoverlay@2x.png using Guid(68fafd0a2acc3774988418f657bf7b68) Importer(815301076,1909f56bfc062723c751e8b465ee728b)  -> (artifact id: 'd88bf7cca4bc34de0059cd204b1d6ffb') in 0.074220 seconds 
========================================================================
Received Import Request.
  Time since last request: 0.000052 seconds.
  path: Packages/com.unity.collab-proxy/Editor/PlasticSCM/Assets/Images/iconmergelink.png
  artifactKey: Guid(120bf54dff785a0429b068b814e9c12a) Importer(815301076,1909f56bfc062723c751e8b465ee728b)
Start importing Packages/com.unity.collab-proxy/Editor/PlasticSCM/Assets/Images/iconmergelink.png using Guid(120bf54dff785a0429b068b814e9c12a) Importer(815301076,1909f56bfc062723c751e8b465ee728b)  -> (artifact id: 'ceae80235d20b741f3145e3ba3957bda') in 0.070621 seconds 
========================================================================
Received Import Request.
  Time since last request: 0.000049 seconds.
  path: Packages/com.unity.collab-proxy/Editor/PlasticSCM/Assets/Images/iconplastic.png
  artifactKey: Guid(3042b019b052942a1baf7aa49d7ca6bb) Importer(815301076,1909f56bfc062723c751e8b465ee728b)
Start importing Packages/com.unity.collab-proxy/Editor/PlasticSCM/Assets/Images/iconplastic.png using Guid(3042b019b052942a1baf7aa49d7ca6bb) Importer(815301076,1909f56bfc062723c751e8b465ee728b)  -> (artifact id: '91055ff4829fec5f772ae7a600d3f8f8') in 0.070760 seconds 
========================================================================
Received Import Request.
  Time since last request: 0.000043 seconds.
  path: Packages/com.unity.collab-proxy/Editor/PlasticSCM/Assets/Images/iconconflicted@2x.png
  artifactKey: Guid(f95f697d66d238446b1ab717def09945) Importer(815301076,1909f56bfc062723c751e8b465ee728b)
Start importing Packages/com.unity.collab-proxy/Editor/PlasticSCM/Assets/Images/iconconflicted@2x.png using Guid(f95f697d66d238446b1ab717def09945) Importer(815301076,1909f56bfc062723c751e8b465ee728b)  -> (artifact id: 'dff7dfc772962825ed0fdd1269e33a4d') in 0.085238 seconds 
========================================================================
Received Import Request.
  Time since last request: 0.000036 seconds.
  path: Packages/com.unity.collab-proxy/Editor/PlasticSCM/Assets/Images/d_step3@2x.png
  artifactKey: Guid(c9ed6d6ea2f9657409bfa068d4846139) Importer(815301076,1909f56bfc062723c751e8b465ee728b)
Start importing Packages/com.unity.collab-proxy/Editor/PlasticSCM/Assets/Images/d_step3@2x.png using Guid(c9ed6d6ea2f9657409bfa068d4846139) Importer(815301076,1909f56bfc062723c751e8b465ee728b)  -> (artifact id: 'd36abed407093a3aff3b1c723d56952a') in 0.067689 seconds 
========================================================================
Received Import Request.
  Time since last request: 0.000041 seconds.
  path: Packages/com.unity.collab-proxy/Editor/PlasticSCM/Assets/Images/icondeletedremote.png
  artifactKey: Guid(b85a4b2ec6433d04895612d791edc260) Importer(815301076,1909f56bfc062723c751e8b465ee728b)
Start importing Packages/com.unity.collab-proxy/Editor/PlasticSCM/Assets/Images/icondeletedremote.png using Guid(b85a4b2ec6433d04895612d791edc260) Importer(815301076,1909f56bfc062723c751e8b465ee728b)  -> (artifact id: 'd8812498056d15450a24298162f183a0') in 0.070260 seconds 
========================================================================
Received Import Request.
  Time since last request: 0.000058 seconds.
  path: Packages/com.unity.collab-proxy/Editor/PlasticSCM/Assets/Images/d_refresh@2x.png
  artifactKey: Guid(602b72d4617c3694aa94419fc1b68e04) Importer(815301076,1909f56bfc062723c751e8b465ee728b)
Start importing Packages/com.unity.collab-proxy/Editor/PlasticSCM/Assets/Images/d_refresh@2x.png using Guid(602b72d4617c3694aa94419fc1b68e04) Importer(815301076,1909f56bfc062723c751e8b465ee728b)  -> (artifact id: '30a81469ac966a1a41b749ece7d937b6') in 0.076209 seconds 
========================================================================
Received Import Request.
  Time since last request: 0.000097 seconds.
  path: Packages/com.unity.collab-proxy/Editor/PlasticSCM/Assets/Images/d_step3.png
  artifactKey: Guid(46930b20180b59e46b73494adf53abbb) Importer(815301076,1909f56bfc062723c751e8b465ee728b)
Start importing Packages/com.unity.collab-proxy/Editor/PlasticSCM/Assets/Images/d_step3.png using Guid(46930b20180b59e46b73494adf53abbb) Importer(815301076,1909f56bfc062723c751e8b465ee728b)  -> (artifact id: '7ac6d985929cfee643fb323b2e9a4f3f') in 0.071217 seconds 
========================================================================
Received Import Request.
  Time since last request: 0.000034 seconds.
  path: Packages/com.unity.collab-proxy/Editor/PlasticSCM/Assets/Images/iconplasticnotifyincoming@2x.png
  artifactKey: Guid(ae869fe6797f4454cbbf417d87ff637c) Importer(815301076,1909f56bfc062723c751e8b465ee728b)
Start importing Packages/com.unity.collab-proxy/Editor/PlasticSCM/Assets/Images/iconplasticnotifyincoming@2x.png using Guid(ae869fe6797f4454cbbf417d87ff637c) Importer(815301076,1909f56bfc062723c751e8b465ee728b)  -> (artifact id: 'b8131e373adf938273f9b029eecf9d7a') in 0.071487 seconds 
========================================================================
Received Import Request.
  Time since last request: 0.000050 seconds.
  path: Packages/com.unity.collab-proxy/Editor/PlasticSCM/Assets/Images/icondeletedremoteoverlay.png
  artifactKey: Guid(cc3a9f4e86314f746aa1a97505d6323b) Importer(815301076,1909f56bfc062723c751e8b465ee728b)
Start importing Packages/com.unity.collab-proxy/Editor/PlasticSCM/Assets/Images/icondeletedremoteoverlay.png using Guid(cc3a9f4e86314f746aa1a97505d6323b) Importer(815301076,1909f56bfc062723c751e8b465ee728b)  -> (artifact id: '621e1a86800bea18b52989bceed31c45') in 0.073111 seconds 
========================================================================
Received Import Request.
  Time since last request: 0.000049 seconds.
  path: Packages/com.unity.collab-proxy/Editor/PlasticSCM/Assets/Images/iconemptygravatar@2x.png
  artifactKey: Guid(da545229eea36164d8b8cba2f75a1143) Importer(815301076,1909f56bfc062723c751e8b465ee728b)
Start importing Packages/com.unity.collab-proxy/Editor/PlasticSCM/Assets/Images/iconemptygravatar@2x.png using Guid(da545229eea36164d8b8cba2f75a1143) Importer(815301076,1909f56bfc062723c751e8b465ee728b)  -> (artifact id: '59375887edc6ac2c82c21c9a287ecca7') in 0.082718 seconds 
========================================================================
Received Import Request.
  Time since last request: 0.000032 seconds.
  path: Packages/com.unity.collab-proxy/Editor/PlasticSCM/Assets/Images/d_stepok.png
  artifactKey: Guid(be423a54b981d38428de82ad12534629) Importer(815301076,1909f56bfc062723c751e8b465ee728b)
Start importing Packages/com.unity.collab-proxy/Editor/PlasticSCM/Assets/Images/d_stepok.png using Guid(be423a54b981d38428de82ad12534629) Importer(815301076,1909f56bfc062723c751e8b465ee728b)  -> (artifact id: 'dee7f8a279bec6486787048c57ea694f') in 0.101138 seconds 
========================================================================
Received Import Request.
  Time since last request: 0.000043 seconds.
  path: Packages/com.unity.collab-proxy/Editor/PlasticSCM/Assets/Images/icondeletedlocaloverlay.png
  artifactKey: Guid(e251dfd24b5610d4d8ea65a237cc9d97) Importer(815301076,1909f56bfc062723c751e8b465ee728b)
Start importing Packages/com.unity.collab-proxy/Editor/PlasticSCM/Assets/Images/icondeletedlocaloverlay.png using Guid(e251dfd24b5610d4d8ea65a237cc9d97) Importer(815301076,1909f56bfc062723c751e8b465ee728b)  -> (artifact id: 'c640904d5b09cc13220ea376c534d5db') in 0.104183 seconds 
========================================================================
Received Import Request.
  Time since last request: 0.000051 seconds.
  path: Packages/com.unity.collab-proxy/Editor/PlasticSCM/Assets/Images/stepok@2x.png
  artifactKey: Guid(be340a165cb9c8d4cb50f1deeb51d4ea) Importer(815301076,1909f56bfc062723c751e8b465ee728b)
Start importing Packages/com.unity.collab-proxy/Editor/PlasticSCM/Assets/Images/stepok@2x.png using Guid(be340a165cb9c8d4cb50f1deeb51d4ea) Importer(815301076,1909f56bfc062723c751e8b465ee728b)  -> (artifact id: '2acd5b551effe2cf0521c736b505fccb') in 0.093045 seconds 
========================================================================
Received Import Request.
  Time since last request: 0.000044 seconds.
  path: Packages/com.unity.collab-proxy/Editor/PlasticSCM/Assets/Images/iconlockedlocaloverlay@2x.png
  artifactKey: Guid(b528c1b33a65cf94ea74f830b54c9acb) Importer(815301076,1909f56bfc062723c751e8b465ee728b)
Start importing Packages/com.unity.collab-proxy/Editor/PlasticSCM/Assets/Images/iconlockedlocaloverlay@2x.png using Guid(b528c1b33a65cf94ea74f830b54c9acb) Importer(815301076,1909f56bfc062723c751e8b465ee728b)  -> (artifact id: 'f512b83797abf9d7d2b579c54c371386') in 0.082562 seconds 
========================================================================
Received Import Request.
  Time since last request: 0.000045 seconds.
  path: Packages/com.unity.collab-proxy/Editor/PlasticSCM/Assets/Images/iconconflicted.png
  artifactKey: Guid(d1c88f142eee55b4eb2b2cfd7b3624ce) Importer(815301076,1909f56bfc062723c751e8b465ee728b)
Start importing Packages/com.unity.collab-proxy/Editor/PlasticSCM/Assets/Images/iconconflicted.png using Guid(d1c88f142eee55b4eb2b2cfd7b3624ce) Importer(815301076,1909f56bfc062723c751e8b465ee728b)  -> (artifact id: '8f9ad75b7f49e15e5158cc3de2e9da55') in 0.089077 seconds 
========================================================================
Received Import Request.
  Time since last request: 0.000053 seconds.
  path: Packages/com.unity.collab-proxy/Editor/PlasticSCM/Assets/Images/iconconflictedoverlay@2x.png
  artifactKey: Guid(5679a74364f6b4440ab7e7aed55cd95e) Importer(815301076,1909f56bfc062723c751e8b465ee728b)
Start importing Packages/com.unity.collab-proxy/Editor/PlasticSCM/Assets/Images/iconconflictedoverlay@2x.png using Guid(5679a74364f6b4440ab7e7aed55cd95e) Importer(815301076,1909f56bfc062723c751e8b465ee728b)  -> (artifact id: 'a7e05e2ea3cb13124168ea622c7d2ed3') in 0.073248 seconds 
========================================================================
Received Import Request.
  Time since last request: 0.000034 seconds.
  path: Packages/com.unity.collab-proxy/Editor/PlasticSCM/Assets/Images/iconconflictresolvedoverlay.png
  artifactKey: Guid(0a78c2b019ae1e5448f50d83adcfd965) Importer(815301076,1909f56bfc062723c751e8b465ee728b)
Start importing Packages/com.unity.collab-proxy/Editor/PlasticSCM/Assets/Images/iconconflictresolvedoverlay.png using Guid(0a78c2b019ae1e5448f50d83adcfd965) Importer(815301076,1909f56bfc062723c751e8b465ee728b)  -> (artifact id: 'f4ff889831b4975f4b8783762a1c1c8c') in 0.086504 seconds 
========================================================================
Received Import Request.
  Time since last request: 0.000031 seconds.
  path: Packages/com.unity.collab-proxy/Editor/PlasticSCM/Assets/Images/d_refresh.png
  artifactKey: Guid(92b8c447daf4d4b41a0ec148d1091261) Importer(815301076,1909f56bfc062723c751e8b465ee728b)
Start importing Packages/com.unity.collab-proxy/Editor/PlasticSCM/Assets/Images/d_refresh.png using Guid(92b8c447daf4d4b41a0ec148d1091261) Importer(815301076,1909f56bfc062723c751e8b465ee728b)  -> (artifact id: '350a1639668e4711e20dbb4c55dd767f') in 0.079467 seconds 
========================================================================
Received Import Request.
  Time since last request: 0.000042 seconds.
  path: Packages/com.unity.collab-proxy/Editor/PlasticSCM/Assets/Images/d_step1@2x.png
  artifactKey: Guid(c8a69ecdf54ac8e4b873466605de27ff) Importer(815301076,1909f56bfc062723c751e8b465ee728b)
Start importing Packages/com.unity.collab-proxy/Editor/PlasticSCM/Assets/Images/d_step1@2x.png using Guid(c8a69ecdf54ac8e4b873466605de27ff) Importer(815301076,1909f56bfc062723c751e8b465ee728b)  -> (artifact id: '2d24709400ca51960065891f7fbe8fcb') in 0.095396 seconds 
========================================================================
Received Import Request.
  Time since last request: 0.000048 seconds.
  path: Packages/com.unity.collab-proxy/Editor/PlasticSCM/Assets/Images/d_stepok@2x.png
  artifactKey: Guid(3494dc956dfd7174abc07060940a2848) Importer(815301076,1909f56bfc062723c751e8b465ee728b)
Start importing Packages/com.unity.collab-proxy/Editor/PlasticSCM/Assets/Images/d_stepok@2x.png using Guid(3494dc956dfd7174abc07060940a2848) Importer(815301076,1909f56bfc062723c751e8b465ee728b)  -> (artifact id: '26cfa6ceeb15030b36df4e2f274b2b0a') in 0.080717 seconds 
========================================================================
Received Import Request.
  Time since last request: 0.000058 seconds.
  path: Packages/com.unity.collab-proxy/Editor/PlasticSCM/Assets/Images/iconlockedremoteoverlay.png
  artifactKey: Guid(e78d7bb19d72cdd478600b30412eecc9) Importer(815301076,1909f56bfc062723c751e8b465ee728b)
Start importing Packages/com.unity.collab-proxy/Editor/PlasticSCM/Assets/Images/iconlockedremoteoverlay.png using Guid(e78d7bb19d72cdd478600b30412eecc9) Importer(815301076,1909f56bfc062723c751e8b465ee728b)  -> (artifact id: '4ebcfb75dc3fd4a57872e418edb80177') in 0.069184 seconds 
========================================================================
Received Import Request.
  Time since last request: 0.000171 seconds.
  path: Packages/com.unity.collab-proxy/Editor/PlasticSCM/Assets/Images/iconplasticnotifyconflict.png
  artifactKey: Guid(a916ed6819efd014588f58e3cfc48196) Importer(815301076,1909f56bfc062723c751e8b465ee728b)
Start importing Packages/com.unity.collab-proxy/Editor/PlasticSCM/Assets/Images/iconplasticnotifyconflict.png using Guid(a916ed6819efd014588f58e3cfc48196) Importer(815301076,1909f56bfc062723c751e8b465ee728b)  -> (artifact id: '346ea0587c873cec6475b1831e30892a') in 0.065517 seconds 
========================================================================
Received Import Request.
  Time since last request: 0.000035 seconds.
  path: Packages/com.unity.collab-proxy/Editor/PlasticSCM/Assets/Images/iconoutofsyncoverlay.png
  artifactKey: Guid(1079db1f4b377fb45aa245fd791993f6) Importer(815301076,1909f56bfc062723c751e8b465ee728b)
Start importing Packages/com.unity.collab-proxy/Editor/PlasticSCM/Assets/Images/iconoutofsyncoverlay.png using Guid(1079db1f4b377fb45aa245fd791993f6) Importer(815301076,1909f56bfc062723c751e8b465ee728b)  -> (artifact id: 'b8aa01dfd3cc54ba570345698ef3ed47') in 0.060143 seconds 
========================================================================
Received Import Request.
  Time since last request: 0.000051 seconds.
  path: Packages/com.unity.collab-proxy/Editor/PlasticSCM/Assets/Images/d_iconaddedlocal.png
  artifactKey: Guid(0c6a2a64ca9f9c946a7dbbd1674cf5bd) Importer(815301076,1909f56bfc062723c751e8b465ee728b)
Start importing Packages/com.unity.collab-proxy/Editor/PlasticSCM/Assets/Images/d_iconaddedlocal.png using Guid(0c6a2a64ca9f9c946a7dbbd1674cf5bd) Importer(815301076,1909f56bfc062723c751e8b465ee728b)  -> (artifact id: '4ae233326a433338ebf0d171bb8a627c') in 0.089021 seconds 
========================================================================
Received Import Request.
  Time since last request: 0.000038 seconds.
  path: Packages/com.unity.collab-proxy/Editor/PlasticSCM/Assets/Images/d_iconlockedremoteoverlay@2x.png
  artifactKey: Guid(2bb4e96f5d0b02c468932d665a015c54) Importer(815301076,1909f56bfc062723c751e8b465ee728b)
Start importing Packages/com.unity.collab-proxy/Editor/PlasticSCM/Assets/Images/d_iconlockedremoteoverlay@2x.png using Guid(2bb4e96f5d0b02c468932d665a015c54) Importer(815301076,1909f56bfc062723c751e8b465ee728b)  -> (artifact id: '4464ca45728f3380a300b139bb14aec4') in 0.080782 seconds 
========================================================================
Received Import Request.
  Time since last request: 3.087422 seconds.
  path: Packages/com.unity.collab-proxy/Editor/PlasticSCM/Assets/Images/d_stevejobsbuhoshe.png
  artifactKey: Guid(56e456ab0f7f79a4dbabcc9079c49a94) Importer(815301076,1909f56bfc062723c751e8b465ee728b)
Start importing Packages/com.unity.collab-proxy/Editor/PlasticSCM/Assets/Images/d_stevejobsbuhoshe.png using Guid(56e456ab0f7f79a4dbabcc9079c49a94) Importer(815301076,1909f56bfc062723c751e8b465ee728b)  -> (artifact id: 'c7ca0143c7c4306c61fbc1cb4cb93738') in 0.084338 seconds 
========================================================================
Received Import Request.
  Time since last request: 1.511003 seconds.
  path: Assets/ThirdPart/Wand and Circles/Polygon City Free Pack - Environment and Interior/Header.png
  artifactKey: Guid(b7b60a04cdd46654bbfb8269f0ce7145) Importer(815301076,1909f56bfc062723c751e8b465ee728b)
Start importing Assets/ThirdPart/Wand and Circles/Polygon City Free Pack - Environment and Interior/Header.png using Guid(b7b60a04cdd46654bbfb8269f0ce7145) Importer(815301076,1909f56bfc062723c751e8b465ee728b)  -> (artifact id: '07a84da55601e357ccf1ea50dedd8ee6') in 0.067518 seconds 
========================================================================
Received Import Request.
  Time since last request: 43.623213 seconds.
  path: Packages/com.unity.collab-proxy/Editor/PlasticSCM/Assets/Images/d_iconoutofsyncoverlay@2x.png
  artifactKey: Guid(4d7e6e570e9d65a4c9a994783a0652e2) Importer(815301076,1909f56bfc062723c751e8b465ee728b)
Start importing Packages/com.unity.collab-proxy/Editor/PlasticSCM/Assets/Images/d_iconoutofsyncoverlay@2x.png using Guid(4d7e6e570e9d65a4c9a994783a0652e2) Importer(815301076,1909f56bfc062723c751e8b465ee728b)  -> (artifact id: '4c548277b7220c3428b6f88acba1e57e') in 0.067549 seconds 
========================================================================
Received Import Request.
  Time since last request: 0.000043 seconds.
  path: Packages/com.unity.collab-proxy/Editor/PlasticSCM/Assets/Images/d_iconprivateoverlay.png
  artifactKey: Guid(059fb5367594a3343814dc25ace454b3) Importer(815301076,1909f56bfc062723c751e8b465ee728b)
Start importing Packages/com.unity.collab-proxy/Editor/PlasticSCM/Assets/Images/d_iconprivateoverlay.png using Guid(059fb5367594a3343814dc25ace454b3) Importer(815301076,1909f56bfc062723c751e8b465ee728b)  -> (artifact id: '9ed39132e5da2e6b8bd630499c18fda5') in 0.080716 seconds 
========================================================================
Received Import Request.
  Time since last request: 0.000028 seconds.
  path: Packages/com.unity.collab-proxy/Editor/PlasticSCM/Assets/Images/d_iconplasticviewnotify@2x.png
  artifactKey: Guid(64eb0648ca0d11944a9517d8662508fd) Importer(815301076,1909f56bfc062723c751e8b465ee728b)
Start importing Packages/com.unity.collab-proxy/Editor/PlasticSCM/Assets/Images/d_iconplasticviewnotify@2x.png using Guid(64eb0648ca0d11944a9517d8662508fd) Importer(815301076,1909f56bfc062723c751e8b465ee728b)  -> (artifact id: '964c6ddd868bed8cfb9c791d1fa2fd4d') in 0.065957 seconds 
========================================================================
Received Import Request.
  Time since last request: 0.000067 seconds.
  path: Packages/com.unity.collab-proxy/Editor/PlasticSCM/Assets/Images/d_iconplasticnotifyincoming.png
  artifactKey: Guid(f31d2c855644aad4cb2030bce12859f6) Importer(815301076,1909f56bfc062723c751e8b465ee728b)
Start importing Packages/com.unity.collab-proxy/Editor/PlasticSCM/Assets/Images/d_iconplasticnotifyincoming.png using Guid(f31d2c855644aad4cb2030bce12859f6) Importer(815301076,1909f56bfc062723c751e8b465ee728b)  -> (artifact id: '7f5dbd11dc762a3ca1d702823a1e98ed') in 0.061777 seconds 
========================================================================
Received Import Request.
  Time since last request: 0.000051 seconds.
  path: Packages/com.unity.collab-proxy/Editor/PlasticSCM/Assets/Images/d_iconundo.png
  artifactKey: Guid(691dc543ff5b9ca44bf846657ba04161) Importer(815301076,1909f56bfc062723c751e8b465ee728b)
Start importing Packages/com.unity.collab-proxy/Editor/PlasticSCM/Assets/Images/d_iconundo.png using Guid(691dc543ff5b9ca44bf846657ba04161) Importer(815301076,1909f56bfc062723c751e8b465ee728b)  -> (artifact id: '8979f110f1f249c08b5c97cc449868db') in 0.074244 seconds 
========================================================================
Received Import Request.
  Time since last request: 0.002053 seconds.
  path: Packages/com.unity.collab-proxy/Editor/PlasticSCM/Assets/Images/d_iconplasticview@2x.png
  artifactKey: Guid(3168140d6f409d0448447f18568d9482) Importer(815301076,1909f56bfc062723c751e8b465ee728b)
Start importing Packages/com.unity.collab-proxy/Editor/PlasticSCM/Assets/Images/d_iconplasticview@2x.png using Guid(3168140d6f409d0448447f18568d9482) Importer(815301076,1909f56bfc062723c751e8b465ee728b)  -> (artifact id: '14a88eeb7a7008570cb2ffb7dd989dbe') in 0.263842 seconds 
========================================================================
Received Import Request.
  Time since last request: 0.269161 seconds.
  path: Packages/com.unity.collab-proxy/Editor/PlasticSCM/Assets/Images/d_stevejobsbuho.png
  artifactKey: Guid(e92527f6d0fe45342ab542b47346d45f) Importer(815301076,1909f56bfc062723c751e8b465ee728b)
Start importing Packages/com.unity.collab-proxy/Editor/PlasticSCM/Assets/Images/d_stevejobsbuho.png using Guid(e92527f6d0fe45342ab542b47346d45f) Importer(815301076,1909f56bfc062723c751e8b465ee728b)  -> (artifact id: 'cadaa50d254d33cbb0d4c22ee10cac53') in 0.072873 seconds 
========================================================================
Received Import Request.
  Time since last request: 0.075233 seconds.
  path: Packages/com.unity.collab-proxy/Editor/PlasticSCM/Assets/Images/d_stevejobsbuhoshechristmas.png
  artifactKey: Guid(f008857e434b98b4eaabda1fd6af3059) Importer(815301076,1909f56bfc062723c751e8b465ee728b)
Start importing Packages/com.unity.collab-proxy/Editor/PlasticSCM/Assets/Images/d_stevejobsbuhoshechristmas.png using Guid(f008857e434b98b4eaabda1fd6af3059) Importer(815301076,1909f56bfc062723c751e8b465ee728b)  -> (artifact id: '4c142b22dff331f2b1a377e10b0e30b3') in 0.083841 seconds 
========================================================================
Received Import Request.
  Time since last request: 0.000039 seconds.
  path: Packages/com.unity.collab-proxy/Editor/PlasticSCM/Assets/Images/iconcheckedoutlocaloverlay.png
  artifactKey: Guid(4bd47f86a00dd2b4b8ab20a11de165f6) Importer(815301076,1909f56bfc062723c751e8b465ee728b)
Start importing Packages/com.unity.collab-proxy/Editor/PlasticSCM/Assets/Images/iconcheckedoutlocaloverlay.png using Guid(4bd47f86a00dd2b4b8ab20a11de165f6) Importer(815301076,1909f56bfc062723c751e8b465ee728b)  -> (artifact id: '6fcb02ec96a049b7e46438fdccaa3703') in 0.083900 seconds 
========================================================================
Received Import Request.
  Time since last request: 0.000044 seconds.
  path: Packages/com.unity.collab-proxy/Editor/PlasticSCM/Assets/Images/iconbranch@2x.png
  artifactKey: Guid(e45389a8a97044d4caf408f252370632) Importer(815301076,1909f56bfc062723c751e8b465ee728b)
Start importing Packages/com.unity.collab-proxy/Editor/PlasticSCM/Assets/Images/iconbranch@2x.png using Guid(e45389a8a97044d4caf408f252370632) Importer(815301076,1909f56bfc062723c751e8b465ee728b)  -> (artifact id: '031dd58c8c6720ab615fb5004cb05cc0') in 0.074095 seconds 
========================================================================
Received Import Request.
  Time since last request: 0.000045 seconds.
  path: Packages/com.unity.collab-proxy/Editor/PlasticSCM/Assets/Images/iconaddedlocal@2x.png
  artifactKey: Guid(a67b58d6cddcd4345b1e001340de5a76) Importer(815301076,1909f56bfc062723c751e8b465ee728b)
Start importing Packages/com.unity.collab-proxy/Editor/PlasticSCM/Assets/Images/iconaddedlocal@2x.png using Guid(a67b58d6cddcd4345b1e001340de5a76) Importer(815301076,1909f56bfc062723c751e8b465ee728b)  -> (artifact id: 'd82969b638eb48537b1a95dc08e74f2b') in 0.085844 seconds 
========================================================================
Received Import Request.
  Time since last request: 0.477791 seconds.
  path: Packages/com.unity.collab-proxy/Editor/PlasticSCM/Assets/Images/iconcheckedoutlocaloverlay@2x.png
  artifactKey: Guid(3999034958d54364da380a8839a11050) Importer(815301076,1909f56bfc062723c751e8b465ee728b)
Start importing Packages/com.unity.collab-proxy/Editor/PlasticSCM/Assets/Images/iconcheckedoutlocaloverlay@2x.png using Guid(3999034958d54364da380a8839a11050) Importer(815301076,1909f56bfc062723c751e8b465ee728b)  -> (artifact id: 'c030b9dec52cf26bf55efeda575b9f08') in 0.069057 seconds 
========================================================================
Received Import Request.
  Time since last request: 1.068560 seconds.
  path: Packages/com.unity.collab-proxy/Editor/PlasticSCM/Assets/Images/iconplasticview@2x.png
  artifactKey: Guid(97a4e2b6ae08b1140a5ba9e22953e029) Importer(815301076,1909f56bfc062723c751e8b465ee728b)
Start importing Packages/com.unity.collab-proxy/Editor/PlasticSCM/Assets/Images/iconplasticview@2x.png using Guid(97a4e2b6ae08b1140a5ba9e22953e029) Importer(815301076,1909f56bfc062723c751e8b465ee728b)  -> (artifact id: 'dbef981fe7e7ee7d44aa50d19c5e37ad') in 0.259194 seconds 
========================================================================
Received Import Request.
  Time since last request: 0.000040 seconds.
  path: Packages/com.unity.collab-proxy/Editor/PlasticSCM/Assets/Images/iconplasticviewnotify@2x.png
  artifactKey: Guid(0a4da12ff51bd83498216f698c7f20fa) Importer(815301076,1909f56bfc062723c751e8b465ee728b)
Start importing Packages/com.unity.collab-proxy/Editor/PlasticSCM/Assets/Images/iconplasticviewnotify@2x.png using Guid(0a4da12ff51bd83498216f698c7f20fa) Importer(815301076,1909f56bfc062723c751e8b465ee728b)  -> (artifact id: '960705a68c4a0e081c34c117d44d0eba') in 0.066482 seconds 
========================================================================
Received Import Request.
  Time since last request: 0.000056 seconds.
  path: Packages/com.unity.collab-proxy/Editor/PlasticSCM/Assets/Images/iconundo@2x.png
  artifactKey: Guid(0dfbb2b6ddcdd254da80e3418498b3a6) Importer(815301076,1909f56bfc062723c751e8b465ee728b)
Start importing Packages/com.unity.collab-proxy/Editor/PlasticSCM/Assets/Images/iconundo@2x.png using Guid(0dfbb2b6ddcdd254da80e3418498b3a6) Importer(815301076,1909f56bfc062723c751e8b465ee728b)  -> (artifact id: '2111296e449ad8168bfb8671273f5049') in 0.065615 seconds 
========================================================================
Received Import Request.
  Time since last request: 0.000057 seconds.
  path: Packages/com.unity.collab-proxy/Editor/PlasticSCM/Assets/Images/ignoredoverlay.png
  artifactKey: Guid(767ce9b1aa9de8747a4c2ffc8b3dd7ad) Importer(815301076,1909f56bfc062723c751e8b465ee728b)
Start importing Packages/com.unity.collab-proxy/Editor/PlasticSCM/Assets/Images/ignoredoverlay.png using Guid(767ce9b1aa9de8747a4c2ffc8b3dd7ad) Importer(815301076,1909f56bfc062723c751e8b465ee728b)  -> (artifact id: 'c8df044be6b5759b44a4f1b024feeee9') in 0.089994 seconds 
========================================================================
Received Import Request.
  Time since last request: 0.000036 seconds.
  path: Packages/com.unity.collab-proxy/Editor/PlasticSCM/Assets/Images/step1.png
  artifactKey: Guid(9ce84ff0fdeb13d4a83f077d075dd9a5) Importer(815301076,1909f56bfc062723c751e8b465ee728b)
Start importing Packages/com.unity.collab-proxy/Editor/PlasticSCM/Assets/Images/step1.png using Guid(9ce84ff0fdeb13d4a83f077d075dd9a5) Importer(815301076,1909f56bfc062723c751e8b465ee728b)  -> (artifact id: '0996af517f870dfe72a9de6bcb2bd695') in 0.076788 seconds 
========================================================================
Received Import Request.
  Time since last request: 0.000048 seconds.
  path: Packages/com.unity.collab-proxy/Editor/PlasticSCM/Assets/Images/step2.png
  artifactKey: Guid(cd0b17b71a5c498428ee91dee8a78a88) Importer(815301076,1909f56bfc062723c751e8b465ee728b)
Start importing Packages/com.unity.collab-proxy/Editor/PlasticSCM/Assets/Images/step2.png using Guid(cd0b17b71a5c498428ee91dee8a78a88) Importer(815301076,1909f56bfc062723c751e8b465ee728b)  -> (artifact id: 'd1fb1a6fe2b6ce9c65c4695fad6e022a') in 0.080473 seconds 
========================================================================
Received Import Request.
  Time since last request: 0.000054 seconds.
  path: Packages/com.unity.collab-proxy/Editor/PlasticSCM/Assets/Images/refresh@2x.png
  artifactKey: Guid(59571f82a0dc1a14da606dc0df6f8ea7) Importer(815301076,1909f56bfc062723c751e8b465ee728b)
Start importing Packages/com.unity.collab-proxy/Editor/PlasticSCM/Assets/Images/refresh@2x.png using Guid(59571f82a0dc1a14da606dc0df6f8ea7) Importer(815301076,1909f56bfc062723c751e8b465ee728b)  -> (artifact id: '1577d8bfead4a30f837801b2d4191370') in 0.077807 seconds 
========================================================================
Received Import Request.
  Time since last request: 0.000041 seconds.
  path: Packages/com.unity.collab-proxy/Editor/PlasticSCM/Assets/Images/notondisk.png
  artifactKey: Guid(b205f4b28f59dda49af458b35d8a3ff3) Importer(815301076,1909f56bfc062723c751e8b465ee728b)
Start importing Packages/com.unity.collab-proxy/Editor/PlasticSCM/Assets/Images/notondisk.png using Guid(b205f4b28f59dda49af458b35d8a3ff3) Importer(815301076,1909f56bfc062723c751e8b465ee728b)  -> (artifact id: '405a019f368d2ecceee2085e5fd467ec') in 0.072170 seconds 
========================================================================
Received Import Request.
  Time since last request: 0.000036 seconds.
  path: Packages/com.unity.collab-proxy/Editor/PlasticSCM/Assets/Images/iconundo.png
  artifactKey: Guid(98773313eabe35543bfdbf542ccea271) Importer(815301076,1909f56bfc062723c751e8b465ee728b)
Start importing Packages/com.unity.collab-proxy/Editor/PlasticSCM/Assets/Images/iconundo.png using Guid(98773313eabe35543bfdbf542ccea271) Importer(815301076,1909f56bfc062723c751e8b465ee728b)  -> (artifact id: '2bcea0e6bea545b058a54ac32179cb0e') in 0.080961 seconds 
========================================================================
Received Import Request.
  Time since last request: 0.000039 seconds.
  path: Packages/com.unity.collab-proxy/Editor/PlasticSCM/Assets/Images/step2@2x.png
  artifactKey: Guid(0029170d14ce6c04c9f45c22cdae5559) Importer(815301076,1909f56bfc062723c751e8b465ee728b)
Start importing Packages/com.unity.collab-proxy/Editor/PlasticSCM/Assets/Images/step2@2x.png using Guid(0029170d14ce6c04c9f45c22cdae5559) Importer(815301076,1909f56bfc062723c751e8b465ee728b)  -> (artifact id: '070b70104c20882c4b8037b4508eba68') in 0.081273 seconds 
========================================================================
Received Import Request.
  Time since last request: 0.000056 seconds.
  path: Packages/com.unity.collab-proxy/Editor/PlasticSCM/Assets/Images/iconpressedclosebutton.png
  artifactKey: Guid(94fe868620119564f9474f40cd6145aa) Importer(815301076,1909f56bfc062723c751e8b465ee728b)
Start importing Packages/com.unity.collab-proxy/Editor/PlasticSCM/Assets/Images/iconpressedclosebutton.png using Guid(94fe868620119564f9474f40cd6145aa) Importer(815301076,1909f56bfc062723c751e8b465ee728b)  -> (artifact id: 'e0e268a094d5d759e1bbeede532cf3c8') in 0.091162 seconds 
========================================================================
Received Import Request.
  Time since last request: 0.000036 seconds.
  path: Packages/com.unity.collab-proxy/Editor/PlasticSCM/Assets/Images/step1@2x.png
  artifactKey: Guid(affeade9874cf2347abb155e8d0db4d8) Importer(815301076,1909f56bfc062723c751e8b465ee728b)
Start importing Packages/com.unity.collab-proxy/Editor/PlasticSCM/Assets/Images/step1@2x.png using Guid(affeade9874cf2347abb155e8d0db4d8) Importer(815301076,1909f56bfc062723c751e8b465ee728b)  -> (artifact id: 'ecc3739f6a1c13e3ec1033468239aff8') in 0.075303 seconds 
========================================================================
Received Import Request.
  Time since last request: 100.246329 seconds.
  path: Assets/Без названия.jfif
  artifactKey: Guid(7bc7f2e580432ba48b161bca39500a7b) Importer(815301076,1909f56bfc062723c751e8b465ee728b)
Start importing Assets/Без названия.jfif using Guid(7bc7f2e580432ba48b161bca39500a7b) Importer(815301076,1909f56bfc062723c751e8b465ee728b)  -> (artifact id: 'b824a79433ae35fe4252e7a12ac00325') in 0.023355 seconds 
========================================================================
Received Import Request.
  Time since last request: 5.008135 seconds.
  path: Assets/Без названия (1).jfif
  artifactKey: Guid(f22f9c211909f49448fbd808c11049f6) Importer(815301076,1909f56bfc062723c751e8b465ee728b)
Start importing Assets/Без названия (1).jfif using Guid(f22f9c211909f49448fbd808c11049f6) Importer(815301076,1909f56bfc062723c751e8b465ee728b)  -> (artifact id: '1ebca61605b92b1cbcf21136ecca2d5e') in 0.020280 seconds 
========================================================================
Received Import Request.
  Time since last request: 20.485779 seconds.
  path: Assets/сердце.jfif
  artifactKey: Guid(f22f9c211909f49448fbd808c11049f6) Importer(815301076,1909f56bfc062723c751e8b465ee728b)
Start importing Assets/сердце.jfif using Guid(f22f9c211909f49448fbd808c11049f6) Importer(815301076,1909f56bfc062723c751e8b465ee728b)  -> (artifact id: '7f2755650b3f932a4dddb3b87450dbaf') in 0.026906 seconds 
========================================================================
Received Import Request.
  Time since last request: 59.447393 seconds.
  path: Assets/Heart.png
  artifactKey: Guid(a0da1019c7eef5244a40c993235f01d5) Importer(815301076,1909f56bfc062723c751e8b465ee728b)
Start importing Assets/Heart.png using Guid(a0da1019c7eef5244a40c993235f01d5) Importer(815301076,1909f56bfc062723c751e8b465ee728b)  -> (artifact id: '9ea6d82b37ec7b16f4f8c1a74226b2bc') in 0.076899 seconds 
========================================================================
Received Prepare
Registering precompiled user dll's ...
Registered in 0.009677 seconds.
Begin MonoManager ReloadAssembly
Symbol file LoadedFromMemory doesn't match image C:\Users\user\Documents\GitHub\3d-platformer3\Library\PackageCache\com.unity.visualscripting@1.7.8\Editor\VisualScripting.Core\Dependencies\YamlDotNet\Unity.VisualScripting.YamlDotNet.dll
Symbol file LoadedFromMemory doesn't match image C:\Users\user\Documents\GitHub\3d-platformer3\Library\PackageCache\com.unity.visualscripting@1.7.8\Editor\VisualScripting.Core\Dependencies\DotNetZip\Unity.VisualScripting.IonicZip.dll
Native extension for WindowsStandalone target not found
Refreshing native plugins compatible for Editor in 8.62 ms, found 3 plugins.
Preloading 0 native plugins for Editor in 0.00 ms.
Mono: successfully reloaded assembly
- Completed reload, in  4.944 seconds
Domain Reload Profiling:
	ReloadAssembly (4946ms)
		BeginReloadAssembly (293ms)
			ExecutionOrderSort (0ms)
			DisableScriptedObjects (11ms)
			BackupInstance (0ms)
			ReleaseScriptingObjects (0ms)
			CreateAndSetChildDomain (84ms)
		EndReloadAssembly (4382ms)
			LoadAssemblies (218ms)
			RebuildTransferFunctionScriptingTraits (0ms)
			SetupTypeCache (1282ms)
			ReleaseScriptCaches (11ms)
			RebuildScriptCaches (357ms)
			SetupLoadedEditorAssemblies (2050ms)
				LogAssemblyErrors (0ms)
				InitializePlatformSupportModulesInManaged (62ms)
				SetLoadedEditorAssemblies (1ms)
				RefreshPlugins (9ms)
				BeforeProcessingInitializeOnLoad (360ms)
				ProcessInitializeOnLoadAttributes (1442ms)
				ProcessInitializeOnLoadMethodAttributes (143ms)
				AfterProcessingInitializeOnLoad (32ms)
				EditorAssembliesLoaded (0ms)
			ExecutionOrderSort2 (0ms)
			AwakeInstancesAfterBackupRestoration (32ms)
Platform modules already initialized, skipping
Refreshing native plugins compatible for Editor in 7.93 ms, found 3 plugins.
Preloading 0 native plugins for Editor in 0.00 ms.
Unloading 3386 Unused Serialized files (Serialized files now loaded: 0)
Unloading 20 unused Assets / (79.2 KB). Loaded Objects now: 4243.
Memory consumption went from 128.5 MB to 128.4 MB.
Total: 15.178200 ms (FindLiveObjects: 0.778400 ms CreateObjectMapping: 0.514600 ms MarkObjects: 13.718800 ms  DeleteObjects: 0.163900 ms)

AssetImportParameters requested are different than current active one (requested -> active):
  custom:video-decoder-ogg-theora: a1e56fd34408186e4bbccfd4996cb3dc -> 
  custom:container-muxer-webm: aa71ff27fc2769a1b78a27578f13a17b -> 
  custom:container-demuxer-webm: 4f35f7cbe854078d1ac9338744f61a02 -> 
  custom:video-encoder-webm-vp8: eb34c28f22e8b96e1ab97ce403110664 -> 
  custom:audio-encoder-webm-vorbis: bf7c407c2cedff20999df2af8eb42d56 -> 
  custom:framework-win-MediaFoundation: 216162199b28c13a410421893ffa2e32 -> 
  custom:SearchIndexIgnoredProperties: e643bd26f0fe6173181afceb89e7c659 -> 
  custom:container-demuxer-ogg: 62fdf1f143b41e24485cea50d1cbac27 -> 
  custom:video-decoder-webm-vp8: 9c59270c3fd7afecdb556c50c9e8de78 -> 
  custom:audio-decoder-ogg-vorbis: bf7c407c2cedff20999df2af8eb42d56 -> 
========================================================================
Received Import Request.
  Time since last request: 223.869882 seconds.
  path: Assets/overtonight_throwaways_overtonight_-_mirrors_demo_slowed_(SkySound.cc).mp3
  artifactKey: Guid(28b3e7f796e59de4884c08914b9f2858) Importer(815301076,1909f56bfc062723c751e8b465ee728b)
Start importing Assets/overtonight_throwaways_overtonight_-_mirrors_demo_slowed_(SkySound.cc).mp3 using Guid(28b3e7f796e59de4884c08914b9f2858) Importer(815301076,1909f56bfc062723c751e8b465ee728b)  -> (artifact id: '408d0306545e8d69011b3fbb1ea66f39') in 0.144097 seconds 
========================================================================
Received Prepare
Registering precompiled user dll's ...
Registered in 0.008709 seconds.
Begin MonoManager ReloadAssembly
Symbol file LoadedFromMemory doesn't match image C:\Users\user\Documents\GitHub\3d-platformer3\Library\PackageCache\com.unity.visualscripting@1.7.8\Editor\VisualScripting.Core\Dependencies\YamlDotNet\Unity.VisualScripting.YamlDotNet.dll
Symbol file LoadedFromMemory doesn't match image C:\Users\user\Documents\GitHub\3d-platformer3\Library\PackageCache\com.unity.visualscripting@1.7.8\Editor\VisualScripting.Core\Dependencies\DotNetZip\Unity.VisualScripting.IonicZip.dll
Native extension for WindowsStandalone target not found
Refreshing native plugins compatible for Editor in 2.66 ms, found 3 plugins.
Preloading 0 native plugins for Editor in 0.00 ms.
Mono: successfully reloaded assembly
- Completed reload, in  3.343 seconds
Domain Reload Profiling:
	ReloadAssembly (3346ms)
		BeginReloadAssembly (299ms)
			ExecutionOrderSort (0ms)
			DisableScriptedObjects (14ms)
			BackupInstance (0ms)
			ReleaseScriptingObjects (0ms)
			CreateAndSetChildDomain (88ms)
		EndReloadAssembly (2800ms)
			LoadAssemblies (189ms)
			RebuildTransferFunctionScriptingTraits (0ms)
			SetupTypeCache (799ms)
			ReleaseScriptCaches (2ms)
			RebuildScriptCaches (174ms)
			SetupLoadedEditorAssemblies (1325ms)
				LogAssemblyErrors (0ms)
				InitializePlatformSupportModulesInManaged (54ms)
				SetLoadedEditorAssemblies (4ms)
				RefreshPlugins (3ms)
				BeforeProcessingInitializeOnLoad (255ms)
				ProcessInitializeOnLoadAttributes (848ms)
				ProcessInitializeOnLoadMethodAttributes (138ms)
				AfterProcessingInitializeOnLoad (23ms)
				EditorAssembliesLoaded (1ms)
			ExecutionOrderSort2 (0ms)
			AwakeInstancesAfterBackupRestoration (36ms)
Platform modules already initialized, skipping
Refreshing native plugins compatible for Editor in 4.93 ms, found 3 plugins.
Preloading 0 native plugins for Editor in 0.00 ms.
Unloading 3386 Unused Serialized files (Serialized files now loaded: 0)
Unloading 20 unused Assets / (79.2 KB). Loaded Objects now: 4246.
Memory consumption went from 128.5 MB to 128.4 MB.
Total: 5.589600 ms (FindLiveObjects: 0.407200 ms CreateObjectMapping: 0.288100 ms MarkObjects: 4.761200 ms  DeleteObjects: 0.131500 ms)

AssetImportParameters requested are different than current active one (requested -> active):
  custom:video-decoder-ogg-theora: a1e56fd34408186e4bbccfd4996cb3dc -> 
  custom:container-muxer-webm: aa71ff27fc2769a1b78a27578f13a17b -> 
  custom:container-demuxer-webm: 4f35f7cbe854078d1ac9338744f61a02 -> 
  custom:video-encoder-webm-vp8: eb34c28f22e8b96e1ab97ce403110664 -> 
  custom:audio-encoder-webm-vorbis: bf7c407c2cedff20999df2af8eb42d56 -> 
  custom:framework-win-MediaFoundation: 216162199b28c13a410421893ffa2e32 -> 
  custom:SearchIndexIgnoredProperties: e643bd26f0fe6173181afceb89e7c659 -> 
  custom:container-demuxer-ogg: 62fdf1f143b41e24485cea50d1cbac27 -> 
  custom:video-decoder-webm-vp8: 9c59270c3fd7afecdb556c50c9e8de78 -> 
  custom:audio-decoder-ogg-vorbis: bf7c407c2cedff20999df2af8eb42d56 -> 
========================================================================
Received Prepare
Registering precompiled user dll's ...
Registered in 0.009227 seconds.
Begin MonoManager ReloadAssembly
Symbol file LoadedFromMemory doesn't match image C:\Users\user\Documents\GitHub\3d-platformer3\Library\PackageCache\com.unity.visualscripting@1.7.8\Editor\VisualScripting.Core\Dependencies\YamlDotNet\Unity.VisualScripting.YamlDotNet.dll
Symbol file LoadedFromMemory doesn't match image C:\Users\user\Documents\GitHub\3d-platformer3\Library\PackageCache\com.unity.visualscripting@1.7.8\Editor\VisualScripting.Core\Dependencies\DotNetZip\Unity.VisualScripting.IonicZip.dll
Native extension for WindowsStandalone target not found
Refreshing native plugins compatible for Editor in 3.26 ms, found 3 plugins.
Preloading 0 native plugins for Editor in 0.00 ms.
Mono: successfully reloaded assembly
- Completed reload, in  3.481 seconds
Domain Reload Profiling:
	ReloadAssembly (3492ms)
		BeginReloadAssembly (278ms)
			ExecutionOrderSort (0ms)
			DisableScriptedObjects (15ms)
			BackupInstance (0ms)
			ReleaseScriptingObjects (0ms)
			CreateAndSetChildDomain (71ms)
		EndReloadAssembly (2977ms)
			LoadAssemblies (199ms)
			RebuildTransferFunctionScriptingTraits (0ms)
			SetupTypeCache (741ms)
			ReleaseScriptCaches (3ms)
			RebuildScriptCaches (175ms)
			SetupLoadedEditorAssemblies (1593ms)
				LogAssemblyErrors (0ms)
				InitializePlatformSupportModulesInManaged (48ms)
				SetLoadedEditorAssemblies (2ms)
				RefreshPlugins (3ms)
				BeforeProcessingInitializeOnLoad (245ms)
				ProcessInitializeOnLoadAttributes (1106ms)
				ProcessInitializeOnLoadMethodAttributes (170ms)
				AfterProcessingInitializeOnLoad (17ms)
				EditorAssembliesLoaded (1ms)
			ExecutionOrderSort2 (0ms)
			AwakeInstancesAfterBackupRestoration (23ms)
Platform modules already initialized, skipping
Refreshing native plugins compatible for Editor in 5.01 ms, found 3 plugins.
Preloading 0 native plugins for Editor in 0.00 ms.
Unloading 3386 Unused Serialized files (Serialized files now loaded: 0)
Unloading 20 unused Assets / (79.1 KB). Loaded Objects now: 4249.
Memory consumption went from 128.5 MB to 128.4 MB.
Total: 5.964700 ms (FindLiveObjects: 0.383900 ms CreateObjectMapping: 0.193800 ms MarkObjects: 5.207800 ms  DeleteObjects: 0.176700 ms)

AssetImportParameters requested are different than current active one (requested -> active):
  custom:video-decoder-ogg-theora: a1e56fd34408186e4bbccfd4996cb3dc -> 
  custom:container-muxer-webm: aa71ff27fc2769a1b78a27578f13a17b -> 
  custom:container-demuxer-webm: 4f35f7cbe854078d1ac9338744f61a02 -> 
  custom:video-encoder-webm-vp8: eb34c28f22e8b96e1ab97ce403110664 -> 
  custom:audio-encoder-webm-vorbis: bf7c407c2cedff20999df2af8eb42d56 -> 
  custom:framework-win-MediaFoundation: 216162199b28c13a410421893ffa2e32 -> 
  custom:SearchIndexIgnoredProperties: e643bd26f0fe6173181afceb89e7c659 -> 
  custom:container-demuxer-ogg: 62fdf1f143b41e24485cea50d1cbac27 -> 
  custom:video-decoder-webm-vp8: 9c59270c3fd7afecdb556c50c9e8de78 -> 
  custom:audio-decoder-ogg-vorbis: bf7c407c2cedff20999df2af8eb42d56 -> 
========================================================================
Received Prepare
Registering precompiled user dll's ...
Registered in 0.009461 seconds.
Begin MonoManager ReloadAssembly
Symbol file LoadedFromMemory doesn't match image C:\Users\user\Documents\GitHub\3d-platformer3\Library\PackageCache\com.unity.visualscripting@1.7.8\Editor\VisualScripting.Core\Dependencies\YamlDotNet\Unity.VisualScripting.YamlDotNet.dll
Symbol file LoadedFromMemory doesn't match image C:\Users\user\Documents\GitHub\3d-platformer3\Library\PackageCache\com.unity.visualscripting@1.7.8\Editor\VisualScripting.Core\Dependencies\DotNetZip\Unity.VisualScripting.IonicZip.dll
Native extension for WindowsStandalone target not found
Refreshing native plugins compatible for Editor in 2.07 ms, found 3 plugins.
Preloading 0 native plugins for Editor in 0.00 ms.
Mono: successfully reloaded assembly
- Completed reload, in  3.211 seconds
Domain Reload Profiling:
	ReloadAssembly (3213ms)
		BeginReloadAssembly (294ms)
			ExecutionOrderSort (0ms)
			DisableScriptedObjects (14ms)
			BackupInstance (0ms)
			ReleaseScriptingObjects (0ms)
			CreateAndSetChildDomain (86ms)
		EndReloadAssembly (2666ms)
			LoadAssemblies (181ms)
			RebuildTransferFunctionScriptingTraits (0ms)
			SetupTypeCache (665ms)
			ReleaseScriptCaches (4ms)
			RebuildScriptCaches (167ms)
			SetupLoadedEditorAssemblies (1396ms)
				LogAssemblyErrors (0ms)
				InitializePlatformSupportModulesInManaged (48ms)
				SetLoadedEditorAssemblies (3ms)
				RefreshPlugins (2ms)
				BeforeProcessingInitializeOnLoad (249ms)
				ProcessInitializeOnLoadAttributes (949ms)
				ProcessInitializeOnLoadMethodAttributes (125ms)
				AfterProcessingInitializeOnLoad (18ms)
				EditorAssembliesLoaded (2ms)
			ExecutionOrderSort2 (0ms)
			AwakeInstancesAfterBackupRestoration (23ms)
Platform modules already initialized, skipping
Refreshing native plugins compatible for Editor in 24.48 ms, found 3 plugins.
Preloading 0 native plugins for Editor in 0.00 ms.
Unloading 3386 Unused Serialized files (Serialized files now loaded: 0)
Unloading 20 unused Assets / (79.1 KB). Loaded Objects now: 4252.
Memory consumption went from 128.5 MB to 128.4 MB.
Total: 9.724500 ms (FindLiveObjects: 0.595000 ms CreateObjectMapping: 0.524300 ms MarkObjects: 8.367200 ms  DeleteObjects: 0.231200 ms)

AssetImportParameters requested are different than current active one (requested -> active):
  custom:video-decoder-ogg-theora: a1e56fd34408186e4bbccfd4996cb3dc -> 
  custom:container-muxer-webm: aa71ff27fc2769a1b78a27578f13a17b -> 
  custom:container-demuxer-webm: 4f35f7cbe854078d1ac9338744f61a02 -> 
  custom:video-encoder-webm-vp8: eb34c28f22e8b96e1ab97ce403110664 -> 
  custom:audio-encoder-webm-vorbis: bf7c407c2cedff20999df2af8eb42d56 -> 
  custom:framework-win-MediaFoundation: 216162199b28c13a410421893ffa2e32 -> 
  custom:SearchIndexIgnoredProperties: e643bd26f0fe6173181afceb89e7c659 -> 
  custom:container-demuxer-ogg: 62fdf1f143b41e24485cea50d1cbac27 -> 
  custom:video-decoder-webm-vp8: 9c59270c3fd7afecdb556c50c9e8de78 -> 
  custom:audio-decoder-ogg-vorbis: bf7c407c2cedff20999df2af8eb42d56 -> 
========================================================================
Received Import Request.
  Time since last request: 1083.917614 seconds.
  path: Assets/ва.scenetemplate
  artifactKey: Guid(2a4c0c24e952c5f40978c4aa6f846997) Importer(815301076,1909f56bfc062723c751e8b465ee728b)
Start importing Assets/ва.scenetemplate using Guid(2a4c0c24e952c5f40978c4aa6f846997) Importer(815301076,1909f56bfc062723c751e8b465ee728b) LightingSettings: switching bake backend from 1 to 0.
 -> (artifact id: '57a04987cf554ef05b4235660dccf0e5') in 0.676747 seconds 
