Using pre-set license
Built from '2021.3/staging' branch; Version is '2021.3.5f1 (40eb3a945986) revision 4254522'; Using compiler version '192829333'; Build Type 'Release'
OS: 'Windows 10  (10.0.19045) 64bit Core' Language: 'ru' Physical Memory: 8106 MB
BatchMode: 1, IsHumanControllingUs: 0, StartBugReporterOnCrash: 0, Is64bit: 1, IsPro: 1

COMMAND LINE ARGUMENTS:
C:\Program Files\Unity\Hub\Editor\2021.3.5f1\Editor\Unity.exe
-adb2
-batchMode
-noUpm
-name
AssetImportWorker1
-projectPath
C:/Users/user/Documents/GitHub/3d-platformer3
-logFile
Logs/AssetImportWorker1.log
-srvPort
49858
Successfully changed project path to: C:/Users/user/Documents/GitHub/3d-platformer3
C:/Users/user/Documents/GitHub/3d-platformer3
[UnityMemory] Configuration Parameters - Can be set up in boot.config
    "memorysetup-bucket-allocator-granularity=16"
    "memorysetup-bucket-allocator-bucket-count=8"
    "memorysetup-bucket-allocator-block-size=33554432"
    "memorysetup-bucket-allocator-block-count=8"
    "memorysetup-main-allocator-block-size=16777216"
    "memorysetup-thread-allocator-block-size=16777216"
    "memorysetup-gfx-main-allocator-block-size=16777216"
    "memorysetup-gfx-thread-allocator-block-size=16777216"
    "memorysetup-cache-allocator-block-size=4194304"
    "memorysetup-typetree-allocator-block-size=2097152"
    "memorysetup-profiler-bucket-allocator-granularity=16"
    "memorysetup-profiler-bucket-allocator-bucket-count=8"
    "memorysetup-profiler-bucket-allocator-block-size=33554432"
    "memorysetup-profiler-bucket-allocator-block-count=8"
    "memorysetup-profiler-allocator-block-size=16777216"
    "memorysetup-profiler-editor-allocator-block-size=1048576"
    "memorysetup-temp-allocator-size-main=16777216"
    "memorysetup-job-temp-allocator-block-size=2097152"
    "memorysetup-job-temp-allocator-block-size-background=1048576"
    "memorysetup-job-temp-allocator-reduction-small-platforms=262144"
    "memorysetup-temp-allocator-size-background-worker=32768"
    "memorysetup-temp-allocator-size-job-worker=262144"
    "memorysetup-temp-allocator-size-preload-manager=33554432"
    "memorysetup-temp-allocator-size-nav-mesh-worker=65536"
    "memorysetup-temp-allocator-size-audio-worker=65536"
    "memorysetup-temp-allocator-size-cloud-worker=32768"
    "memorysetup-temp-allocator-size-gi-baking-worker=262144"
    "memorysetup-temp-allocator-size-gfx=262144"
Refreshing native plugins compatible for Editor in 339.09 ms, found 3 plugins.
Preloading 0 native plugins for Editor in 0.00 ms.
Initialize engine version: 2021.3.5f1 (40eb3a945986)
[Subsystems] Discovering subsystems at path C:/Program Files/Unity/Hub/Editor/2021.3.5f1/Editor/Data/Resources/UnitySubsystems
[Subsystems] Discovering subsystems at path C:/Users/user/Documents/GitHub/3d-platformer3/Assets
GfxDevice: creating device client; threaded=0; jobified=0
Direct3D:
    Version:  Direct3D 11.0 [level 11.0]
    Renderer: NVIDIA GeForce 940M (ID=0x1347)
    Vendor:   NVIDIA
    VRAM:     2004 MB
    Driver:   25.21.14.2531
Initialize mono
Mono path[0] = 'C:/Program Files/Unity/Hub/Editor/2021.3.5f1/Editor/Data/Managed'
Mono path[1] = 'C:/Program Files/Unity/Hub/Editor/2021.3.5f1/Editor/Data/MonoBleedingEdge/lib/mono/unityjit-win32'
Mono config path = 'C:/Program Files/Unity/Hub/Editor/2021.3.5f1/Editor/Data/MonoBleedingEdge/etc'
Using monoOptions --debugger-agent=transport=dt_socket,embedding=1,server=y,suspend=n,address=127.0.0.1:56772
Begin MonoManager ReloadAssembly
Registering precompiled unity dll's ...
Register platform support module: C:/Program Files/Unity/Hub/Editor/2021.3.5f1/Editor/Data/PlaybackEngines/WindowsStandaloneSupport/UnityEditor.WindowsStandalone.Extensions.dll
Registered in 0.011947 seconds.
Native extension for WindowsStandalone target not found
Refreshing native plugins compatible for Editor in 308.80 ms, found 3 plugins.
Preloading 0 native plugins for Editor in 0.00 ms.
Mono: successfully reloaded assembly
- Completed reload, in  1.853 seconds
Domain Reload Profiling:
	ReloadAssembly (1855ms)
		BeginReloadAssembly (200ms)
			ExecutionOrderSort (0ms)
			DisableScriptedObjects (0ms)
			BackupInstance (0ms)
			ReleaseScriptingObjects (0ms)
			CreateAndSetChildDomain (2ms)
		EndReloadAssembly (1360ms)
			LoadAssemblies (195ms)
			RebuildTransferFunctionScriptingTraits (0ms)
			SetupTypeCache (332ms)
			ReleaseScriptCaches (0ms)
			RebuildScriptCaches (84ms)
			SetupLoadedEditorAssemblies (807ms)
				LogAssemblyErrors (0ms)
				InitializePlatformSupportModulesInManaged (19ms)
				SetLoadedEditorAssemblies (0ms)
				RefreshPlugins (309ms)
				BeforeProcessingInitializeOnLoad (3ms)
				ProcessInitializeOnLoadAttributes (344ms)
				ProcessInitializeOnLoadMethodAttributes (131ms)
				AfterProcessingInitializeOnLoad (0ms)
				EditorAssembliesLoaded (0ms)
			ExecutionOrderSort2 (0ms)
			AwakeInstancesAfterBackupRestoration (0ms)
Platform modules already initialized, skipping
Registering precompiled user dll's ...
Registered in 0.012842 seconds.
Begin MonoManager ReloadAssembly
Symbol file LoadedFromMemory doesn't match image C:\Users\user\Documents\GitHub\3d-platformer3\Library\PackageCache\com.unity.visualscripting@1.7.8\Editor\VisualScripting.Core\Dependencies\YamlDotNet\Unity.VisualScripting.YamlDotNet.dll
Symbol file LoadedFromMemory doesn't match image C:\Users\user\Documents\GitHub\3d-platformer3\Library\PackageCache\com.unity.visualscripting@1.7.8\Editor\VisualScripting.Core\Dependencies\DotNetZip\Unity.VisualScripting.IonicZip.dll
Native extension for WindowsStandalone target not found
Refreshing native plugins compatible for Editor in 2.02 ms, found 3 plugins.
Preloading 0 native plugins for Editor in 0.00 ms.
Mono: successfully reloaded assembly
- Completed reload, in  2.248 seconds
Domain Reload Profiling:
	ReloadAssembly (2250ms)
		BeginReloadAssembly (282ms)
			ExecutionOrderSort (0ms)
			DisableScriptedObjects (21ms)
			BackupInstance (0ms)
			ReleaseScriptingObjects (0ms)
			CreateAndSetChildDomain (44ms)
		EndReloadAssembly (1697ms)
			LoadAssemblies (178ms)
			RebuildTransferFunctionScriptingTraits (0ms)
			SetupTypeCache (568ms)
			ReleaseScriptCaches (1ms)
			RebuildScriptCaches (113ms)
			SetupLoadedEditorAssemblies (781ms)
				LogAssemblyErrors (0ms)
				InitializePlatformSupportModulesInManaged (14ms)
				SetLoadedEditorAssemblies (2ms)
				RefreshPlugins (2ms)
				BeforeProcessingInitializeOnLoad (167ms)
				ProcessInitializeOnLoadAttributes (523ms)
				ProcessInitializeOnLoadMethodAttributes (67ms)
				AfterProcessingInitializeOnLoad (7ms)
				EditorAssembliesLoaded (0ms)
			ExecutionOrderSort2 (0ms)
			AwakeInstancesAfterBackupRestoration (13ms)
Platform modules already initialized, skipping
========================================================================
Worker process is ready to serve import requests
Launched and connected shader compiler UnityShaderCompiler.exe after 0.11 seconds
Refreshing native plugins compatible for Editor in 2.45 ms, found 3 plugins.
Preloading 0 native plugins for Editor in 0.00 ms.
Unloading 3395 Unused Serialized files (Serialized files now loaded: 0)
Unloading 27 unused Assets / (111.5 KB). Loaded Objects now: 3859.
Memory consumption went from 122.5 MB to 122.4 MB.
Total: 14.913700 ms (FindLiveObjects: 1.724500 ms CreateObjectMapping: 0.913900 ms MarkObjects: 12.072600 ms  DeleteObjects: 0.200600 ms)

AssetImportParameters requested are different than current active one (requested -> active):
  custom:video-decoder-ogg-theora: a1e56fd34408186e4bbccfd4996cb3dc -> 
  custom:container-muxer-webm: aa71ff27fc2769a1b78a27578f13a17b -> 
  custom:container-demuxer-webm: 4f35f7cbe854078d1ac9338744f61a02 -> 
  custom:video-encoder-webm-vp8: eb34c28f22e8b96e1ab97ce403110664 -> 
  custom:audio-encoder-webm-vorbis: bf7c407c2cedff20999df2af8eb42d56 -> 
  custom:framework-win-MediaFoundation: 216162199b28c13a410421893ffa2e32 -> 
  custom:container-demuxer-ogg: 62fdf1f143b41e24485cea50d1cbac27 -> 
  custom:video-decoder-webm-vp8: 9c59270c3fd7afecdb556c50c9e8de78 -> 
  custom:audio-decoder-ogg-vorbis: bf7c407c2cedff20999df2af8eb42d56 -> 
========================================================================
Received Import Request.
  Time since last request: 2101820.981330 seconds.
  path: Assets/ThirdPart/Nature pack extended/naturePack_012.obj
  artifactKey: Guid(f481b21837faa7342928e269a9c5f3ae) Importer(2089858483,0ecaa5967403d082aa24f35e1b516d23)
Start importing Assets/ThirdPart/Nature pack extended/naturePack_012.obj using Guid(f481b21837faa7342928e269a9c5f3ae) Importer(2089858483,0ecaa5967403d082aa24f35e1b516d23) Generated GUIDs only implemented for interfaces!
 -> (artifact id: '79d9b2ff3a597b65dc4384e33cb5ecfa') in 1.148740 seconds 
========================================================================
Received Import Request.
  Time since last request: 0.000035 seconds.
  path: Assets/ThirdPart/Nature pack extended/naturePack_003.mtl
  artifactKey: Guid(630bde4076f83944ca6cee6fefa4d283) Importer(2089858483,0ecaa5967403d082aa24f35e1b516d23)
Start importing Assets/ThirdPart/Nature pack extended/naturePack_003.mtl using Guid(630bde4076f83944ca6cee6fefa4d283) Importer(2089858483,0ecaa5967403d082aa24f35e1b516d23) Generated GUIDs only implemented for interfaces!
 -> (artifact id: 'ad7826b53aed84ad3239f3b7feb9c86a') in 0.071804 seconds 
========================================================================
Received Import Request.
  Time since last request: 0.000046 seconds.
  path: Assets/ThirdPart/Nature pack extended/naturePack_010.obj
  artifactKey: Guid(0779e5d1277806848b714d6a6f32c6c6) Importer(2089858483,0ecaa5967403d082aa24f35e1b516d23)
Start importing Assets/ThirdPart/Nature pack extended/naturePack_010.obj using Guid(0779e5d1277806848b714d6a6f32c6c6) Importer(2089858483,0ecaa5967403d082aa24f35e1b516d23) Generated GUIDs only implemented for interfaces!
 -> (artifact id: '90eb540bf36796c852b4903b3495c713') in 0.128361 seconds 
========================================================================
Received Import Request.
  Time since last request: 0.000034 seconds.
  path: Assets/ThirdPart/Nature pack extended/naturePack_027.mtl
  artifactKey: Guid(50a79ae3cda809742866ee37c9678ce9) Importer(2089858483,0ecaa5967403d082aa24f35e1b516d23)
Start importing Assets/ThirdPart/Nature pack extended/naturePack_027.mtl using Guid(50a79ae3cda809742866ee37c9678ce9) Importer(2089858483,0ecaa5967403d082aa24f35e1b516d23) Generated GUIDs only implemented for interfaces!
 -> (artifact id: '42a400acb8e02ffbbc74e888e9f72ccd') in 0.052057 seconds 
========================================================================
Received Import Request.
  Time since last request: 0.000187 seconds.
  path: Assets/moon.cs
  artifactKey: Guid(cccc698c4d5c3f247884708381b605ee) Importer(2089858483,0ecaa5967403d082aa24f35e1b516d23)
Start importing Assets/moon.cs using Guid(cccc698c4d5c3f247884708381b605ee) Importer(2089858483,0ecaa5967403d082aa24f35e1b516d23) Generated GUIDs only implemented for interfaces!
 -> (artifact id: '220c5a510b744ae46d90afd2c6fd5d3d') in 0.093774 seconds 
========================================================================
Received Import Request.
  Time since last request: 0.000054 seconds.
  path: Assets/Levels/Models/Arrows.fbx
  artifactKey: Guid(2debf46a854eead4abdc01f0ab771ade) Importer(2089858483,0ecaa5967403d082aa24f35e1b516d23)
Start importing Assets/Levels/Models/Arrows.fbx using Guid(2debf46a854eead4abdc01f0ab771ade) Importer(2089858483,0ecaa5967403d082aa24f35e1b516d23) Generated GUIDs only implemented for interfaces!
 -> (artifact id: '25ca4eb6ceeef791441a5fcb3362f2d9') in 0.139136 seconds 
========================================================================
Received Import Request.
  Time since last request: 0.000058 seconds.
  path: Assets/ThirdPart/Nature pack extended/naturePack_022.mtl
  artifactKey: Guid(418e011130360a545a84a9ca07082439) Importer(2089858483,0ecaa5967403d082aa24f35e1b516d23)
Start importing Assets/ThirdPart/Nature pack extended/naturePack_022.mtl using Guid(418e011130360a545a84a9ca07082439) Importer(2089858483,0ecaa5967403d082aa24f35e1b516d23) Generated GUIDs only implemented for interfaces!
 -> (artifact id: 'fa912542394d07fec99cd9523d2fc13e') in 0.026608 seconds 
========================================================================
Received Import Request.
  Time since last request: 0.000040 seconds.
  path: Assets/ThirdPart/Nature pack extended/naturePack_032.mtl
  artifactKey: Guid(7054481c90b37ac42bd23f0d17f640ce) Importer(2089858483,0ecaa5967403d082aa24f35e1b516d23)
Start importing Assets/ThirdPart/Nature pack extended/naturePack_032.mtl using Guid(7054481c90b37ac42bd23f0d17f640ce) Importer(2089858483,0ecaa5967403d082aa24f35e1b516d23) Generated GUIDs only implemented for interfaces!
 -> (artifact id: '1f9fa9e278d8e87a4edd07dc47ab1781') in 0.035131 seconds 
========================================================================
Received Import Request.
  Time since last request: 0.000045 seconds.
  path: Assets/Materials/385c714ac511f678a29f960d76a2ce03.mat
  artifactKey: Guid(2b0d2d8a5258c20418b97a71ef0be001) Importer(2089858483,0ecaa5967403d082aa24f35e1b516d23)
Start importing Assets/Materials/385c714ac511f678a29f960d76a2ce03.mat using Guid(2b0d2d8a5258c20418b97a71ef0be001) Importer(2089858483,0ecaa5967403d082aa24f35e1b516d23) Generated GUIDs only implemented for interfaces!
 -> (artifact id: '1f387433b15a227d7b1f3c7433a3609c') in 0.373815 seconds 
========================================================================
Received Import Request.
  Time since last request: 0.000034 seconds.
  path: Assets/trampoline.cs
  artifactKey: Guid(47fd61479e7ce974b92bb3bfc9c92bf0) Importer(2089858483,0ecaa5967403d082aa24f35e1b516d23)
Start importing Assets/trampoline.cs using Guid(47fd61479e7ce974b92bb3bfc9c92bf0) Importer(2089858483,0ecaa5967403d082aa24f35e1b516d23) Generated GUIDs only implemented for interfaces!
 -> (artifact id: '12946ccd6f3c817c0311101ff7f609eb') in 0.032979 seconds 
========================================================================
Received Import Request.
  Time since last request: 0.000045 seconds.
  path: Assets/ThirdPart/Nature pack extended/naturePack_023.obj
  artifactKey: Guid(7b890c2408f392241a25d8720e198c50) Importer(2089858483,0ecaa5967403d082aa24f35e1b516d23)
Start importing Assets/ThirdPart/Nature pack extended/naturePack_023.obj using Guid(7b890c2408f392241a25d8720e198c50) Importer(2089858483,0ecaa5967403d082aa24f35e1b516d23) Generated GUIDs only implemented for interfaces!
 -> (artifact id: '74c4dc051c5146c9e416b0bc41c06d29') in 0.133308 seconds 
========================================================================
Received Import Request.
  Time since last request: 0.000285 seconds.
  path: Assets/ThirdPart/Nature pack extended/naturePack_018.mtl
  artifactKey: Guid(5050b5f96996a0e458459ca4f604ce74) Importer(2089858483,0ecaa5967403d082aa24f35e1b516d23)
Start importing Assets/ThirdPart/Nature pack extended/naturePack_018.mtl using Guid(5050b5f96996a0e458459ca4f604ce74) Importer(2089858483,0ecaa5967403d082aa24f35e1b516d23) Generated GUIDs only implemented for interfaces!
 -> (artifact id: '3f37c65224c37d87f025b1a15e82ff77') in 0.064211 seconds 
========================================================================
Received Import Request.
  Time since last request: 0.000040 seconds.
  path: Assets/ThirdPart/Nature pack extended/naturePack_042.obj
  artifactKey: Guid(57468eaef4f1eb045bafbaa38bf5fb6f) Importer(2089858483,0ecaa5967403d082aa24f35e1b516d23)
Start importing Assets/ThirdPart/Nature pack extended/naturePack_042.obj using Guid(57468eaef4f1eb045bafbaa38bf5fb6f) Importer(2089858483,0ecaa5967403d082aa24f35e1b516d23) Generated GUIDs only implemented for interfaces!
 -> (artifact id: '982ec4ed424eb8aec0b86ec334fea6d4') in 0.088282 seconds 
========================================================================
Received Import Request.
  Time since last request: 0.000049 seconds.
  path: Assets/ThirdPart/Nature pack extended/naturePack_043.mtl
  artifactKey: Guid(8f16514a283d6e540b4180d6f8de1d84) Importer(2089858483,0ecaa5967403d082aa24f35e1b516d23)
Start importing Assets/ThirdPart/Nature pack extended/naturePack_043.mtl using Guid(8f16514a283d6e540b4180d6f8de1d84) Importer(2089858483,0ecaa5967403d082aa24f35e1b516d23) Generated GUIDs only implemented for interfaces!
 -> (artifact id: '69c5843ba6f6df98665ee877c569897c') in 0.060396 seconds 
========================================================================
Received Import Request.
  Time since last request: 0.000033 seconds.
  path: Assets/ThirdPart/Nature pack extended/naturePack_042.mtl
  artifactKey: Guid(4e23cb033507e304dbd2e161befbfa2d) Importer(2089858483,0ecaa5967403d082aa24f35e1b516d23)
Start importing Assets/ThirdPart/Nature pack extended/naturePack_042.mtl using Guid(4e23cb033507e304dbd2e161befbfa2d) Importer(2089858483,0ecaa5967403d082aa24f35e1b516d23) Generated GUIDs only implemented for interfaces!
 -> (artifact id: 'a9653341b542f5d30efc50756c736743') in 0.039736 seconds 
========================================================================
Received Import Request.
  Time since last request: 0.000039 seconds.
  path: Assets/ThirdPart/Nature pack extended/naturePack_046.obj
  artifactKey: Guid(63fb86c466ee8f449adf0bd5c8badbdc) Importer(2089858483,0ecaa5967403d082aa24f35e1b516d23)
Start importing Assets/ThirdPart/Nature pack extended/naturePack_046.obj using Guid(63fb86c466ee8f449adf0bd5c8badbdc) Importer(2089858483,0ecaa5967403d082aa24f35e1b516d23) Generated GUIDs only implemented for interfaces!
 -> (artifact id: '7f51b1342654694b3ebd41f2cc1b3902') in 0.197039 seconds 
========================================================================
Received Import Request.
  Time since last request: 0.000438 seconds.
  path: Assets/ThirdPart/Nature pack extended/naturePack_040.mtl
  artifactKey: Guid(5de4bd521a4d8b049a96cab41ca697a2) Importer(2089858483,0ecaa5967403d082aa24f35e1b516d23)
Start importing Assets/ThirdPart/Nature pack extended/naturePack_040.mtl using Guid(5de4bd521a4d8b049a96cab41ca697a2) Importer(2089858483,0ecaa5967403d082aa24f35e1b516d23) Generated GUIDs only implemented for interfaces!
 -> (artifact id: '819657e8c9909bf3991a7c7ad0d8c175') in 0.091683 seconds 
========================================================================
Received Import Request.
  Time since last request: 0.000036 seconds.
  path: Assets/ThirdPart/Nature pack extended/naturePack_044.obj
  artifactKey: Guid(b160645b1533e21479de8e69292af997) Importer(2089858483,0ecaa5967403d082aa24f35e1b516d23)
Start importing Assets/ThirdPart/Nature pack extended/naturePack_044.obj using Guid(b160645b1533e21479de8e69292af997) Importer(2089858483,0ecaa5967403d082aa24f35e1b516d23) Generated GUIDs only implemented for interfaces!
 -> (artifact id: 'b1225b4109c9d0ae8f55ea77ad52e6f5') in 0.163434 seconds 
========================================================================
Received Import Request.
  Time since last request: 0.000203 seconds.
  path: Assets/ThirdPart/Nature pack extended/naturePack_039.obj
  artifactKey: Guid(70ec2981ed0356a43a979b204f2f73d2) Importer(2089858483,0ecaa5967403d082aa24f35e1b516d23)
Start importing Assets/ThirdPart/Nature pack extended/naturePack_039.obj using Guid(70ec2981ed0356a43a979b204f2f73d2) Importer(2089858483,0ecaa5967403d082aa24f35e1b516d23) Generated GUIDs only implemented for interfaces!
 -> (artifact id: '77fa1d997c1d943bdff145e681f9155d') in 0.345164 seconds 
========================================================================
Received Import Request.
  Time since last request: 0.000049 seconds.
  path: Assets/ThirdPart/Nature pack extended/naturePack_001.obj
  artifactKey: Guid(36d01a7e99983034f9107d2cacf55bbe) Importer(2089858483,0ecaa5967403d082aa24f35e1b516d23)
Start importing Assets/ThirdPart/Nature pack extended/naturePack_001.obj using Guid(36d01a7e99983034f9107d2cacf55bbe) Importer(2089858483,0ecaa5967403d082aa24f35e1b516d23) Generated GUIDs only implemented for interfaces!
 -> (artifact id: '2e1df00f2420b723d8d1924f09063f07') in 0.173554 seconds 
========================================================================
Received Import Request.
  Time since last request: 0.000317 seconds.
  path: Assets/ThirdPart/Nature pack extended/naturePack_021.obj
  artifactKey: Guid(5ed0abfa58266b74f8b8fb8540f73dda) Importer(2089858483,0ecaa5967403d082aa24f35e1b516d23)
Start importing Assets/ThirdPart/Nature pack extended/naturePack_021.obj using Guid(5ed0abfa58266b74f8b8fb8540f73dda) Importer(2089858483,0ecaa5967403d082aa24f35e1b516d23) Generated GUIDs only implemented for interfaces!
 -> (artifact id: '22a8856422422feadcdd121729cecef8') in 0.081909 seconds 
========================================================================
Received Import Request.
  Time since last request: 0.000048 seconds.
  path: Assets/ThirdPart/Nature pack extended/naturePack_047.obj
  artifactKey: Guid(99bc05d4705c096418bf818637eb877c) Importer(2089858483,0ecaa5967403d082aa24f35e1b516d23)
Start importing Assets/ThirdPart/Nature pack extended/naturePack_047.obj using Guid(99bc05d4705c096418bf818637eb877c) Importer(2089858483,0ecaa5967403d082aa24f35e1b516d23) Generated GUIDs only implemented for interfaces!
 -> (artifact id: '3855ba4ae2f1122be91fcfa4e81f2063') in 0.181744 seconds 
========================================================================
Received Import Request.
  Time since last request: 0.000388 seconds.
  path: Assets/Art/Materials/Teleport.mat
  artifactKey: Guid(9b9a89cb182c46749bc84b89d373b264) Importer(2089858483,0ecaa5967403d082aa24f35e1b516d23)
Start importing Assets/Art/Materials/Teleport.mat using Guid(9b9a89cb182c46749bc84b89d373b264) Importer(2089858483,0ecaa5967403d082aa24f35e1b516d23) Generated GUIDs only implemented for interfaces!
 -> (artifact id: '765ce5e4c3c3a8eabe1c1b615348d482') in 0.156907 seconds 
========================================================================
Received Import Request.
  Time since last request: 0.000034 seconds.
  path: Assets/ThirdPart/Nature pack extended/naturePack_030.mtl
  artifactKey: Guid(652a9c9fb1b20a74f8a7af5f314c65e9) Importer(2089858483,0ecaa5967403d082aa24f35e1b516d23)
Start importing Assets/ThirdPart/Nature pack extended/naturePack_030.mtl using Guid(652a9c9fb1b20a74f8a7af5f314c65e9) Importer(2089858483,0ecaa5967403d082aa24f35e1b516d23) Generated GUIDs only implemented for interfaces!
 -> (artifact id: '5f523e883a46e57e6c5fabee1189a3b5') in 0.229232 seconds 
========================================================================
Received Import Request.
  Time since last request: 0.000061 seconds.
  path: Assets/ThirdPart/Nature pack extended/naturePack_048.mtl
  artifactKey: Guid(f70c24910b4a0cf47ad494f9416cab99) Importer(2089858483,0ecaa5967403d082aa24f35e1b516d23)
Start importing Assets/ThirdPart/Nature pack extended/naturePack_048.mtl using Guid(f70c24910b4a0cf47ad494f9416cab99) Importer(2089858483,0ecaa5967403d082aa24f35e1b516d23) Generated GUIDs only implemented for interfaces!
 -> (artifact id: '4ae25b958d010639917f1f092516ce21') in 0.051024 seconds 
========================================================================
Received Import Request.
  Time since last request: 0.000054 seconds.
  path: Assets/FireEffect/Prefabs/FireEffect.prefab
  artifactKey: Guid(af6c1e3f046eecd4d81330aeb285600f) Importer(2089858483,0ecaa5967403d082aa24f35e1b516d23)
Start importing Assets/FireEffect/Prefabs/FireEffect.prefab using Guid(af6c1e3f046eecd4d81330aeb285600f) Importer(2089858483,0ecaa5967403d082aa24f35e1b516d23) Generated GUIDs only implemented for interfaces!
 -> (artifact id: '152d256691ebec8658f0edcce1cbb9b7') in 0.872059 seconds 
========================================================================
Received Import Request.
  Time since last request: 0.000048 seconds.
  path: Assets/ThirdPart/Nature pack extended/naturePack_058.obj
  artifactKey: Guid(39d6ae54ad541364ea2081cbc5cd22cb) Importer(2089858483,0ecaa5967403d082aa24f35e1b516d23)
Start importing Assets/ThirdPart/Nature pack extended/naturePack_058.obj using Guid(39d6ae54ad541364ea2081cbc5cd22cb) Importer(2089858483,0ecaa5967403d082aa24f35e1b516d23) Generated GUIDs only implemented for interfaces!
 -> (artifact id: 'e73385911467df8466e08fefd75b7530') in 0.137221 seconds 
========================================================================
Received Import Request.
  Time since last request: 0.000055 seconds.
  path: Assets/ThirdPart/Nature pack extended/naturePack_054.mtl
  artifactKey: Guid(4bc5760f66ab8f54d8de4289ca5024f2) Importer(2089858483,0ecaa5967403d082aa24f35e1b516d23)
Start importing Assets/ThirdPart/Nature pack extended/naturePack_054.mtl using Guid(4bc5760f66ab8f54d8de4289ca5024f2) Importer(2089858483,0ecaa5967403d082aa24f35e1b516d23) Generated GUIDs only implemented for interfaces!
 -> (artifact id: '37b58d36704ca93cce098ff7f64740c0') in 0.077363 seconds 
========================================================================
Received Import Request.
  Time since last request: 0.000042 seconds.
  path: Assets/ThirdPart/Nature pack extended/naturePack_056.mtl
  artifactKey: Guid(e3d213e2f53fadc4da1de1f2479ab8d7) Importer(2089858483,0ecaa5967403d082aa24f35e1b516d23)
Start importing Assets/ThirdPart/Nature pack extended/naturePack_056.mtl using Guid(e3d213e2f53fadc4da1de1f2479ab8d7) Importer(2089858483,0ecaa5967403d082aa24f35e1b516d23) Generated GUIDs only implemented for interfaces!
 -> (artifact id: '250f7c96f3e8a4a1650485c17611c4ab') in 0.063276 seconds 
========================================================================
Received Import Request.
  Time since last request: 0.000048 seconds.
  path: Assets/ThirdPart/Nature pack extended/naturePack_034.mtl
  artifactKey: Guid(8527f10df9a7e5744a09deb3d5a3cb1a) Importer(2089858483,0ecaa5967403d082aa24f35e1b516d23)
Start importing Assets/ThirdPart/Nature pack extended/naturePack_034.mtl using Guid(8527f10df9a7e5744a09deb3d5a3cb1a) Importer(2089858483,0ecaa5967403d082aa24f35e1b516d23) Generated GUIDs only implemented for interfaces!
 -> (artifact id: 'c7855ac35dfa4f2de6d41b87c3f2cc98') in 0.077324 seconds 
========================================================================
Received Import Request.
  Time since last request: 0.000060 seconds.
  path: Assets/ThirdPart/Nature pack extended/naturePack_002.obj
  artifactKey: Guid(3d5f662ee8f060b4aabc729f0a5962c4) Importer(2089858483,0ecaa5967403d082aa24f35e1b516d23)
Start importing Assets/ThirdPart/Nature pack extended/naturePack_002.obj using Guid(3d5f662ee8f060b4aabc729f0a5962c4) Importer(2089858483,0ecaa5967403d082aa24f35e1b516d23) Generated GUIDs only implemented for interfaces!
 -> (artifact id: '95b13550804ec79906b9dc496d7ed234') in 0.417969 seconds 
========================================================================
Received Import Request.
  Time since last request: 0.000037 seconds.
  path: Assets/ThirdPart/Nature pack extended/naturePack_046.mtl
  artifactKey: Guid(a499d24d7488a9e4eb3a8389df3a10ee) Importer(2089858483,0ecaa5967403d082aa24f35e1b516d23)
Start importing Assets/ThirdPart/Nature pack extended/naturePack_046.mtl using Guid(a499d24d7488a9e4eb3a8389df3a10ee) Importer(2089858483,0ecaa5967403d082aa24f35e1b516d23) Generated GUIDs only implemented for interfaces!
 -> (artifact id: '5142105f5cd669a5893d2fe5335ae180') in 0.049202 seconds 
========================================================================
Received Import Request.
  Time since last request: 0.000879 seconds.
  path: Assets/ThirdPart/Nature pack extended/naturePack_010.mtl
  artifactKey: Guid(e60d9a832b422854ea8bcca6eafcfad3) Importer(2089858483,0ecaa5967403d082aa24f35e1b516d23)
Start importing Assets/ThirdPart/Nature pack extended/naturePack_010.mtl using Guid(e60d9a832b422854ea8bcca6eafcfad3) Importer(2089858483,0ecaa5967403d082aa24f35e1b516d23) Generated GUIDs only implemented for interfaces!
 -> (artifact id: '4375f60de65e5cc8dc4957516f1e0bff') in 0.026213 seconds 
========================================================================
Received Import Request.
  Time since last request: 0.000205 seconds.
  path: Assets/ThirdPart/Nature pack extended/naturePack_023.mtl
  artifactKey: Guid(f1834eb2c9f60da4ca8c9991c1d6c022) Importer(2089858483,0ecaa5967403d082aa24f35e1b516d23)
Start importing Assets/ThirdPart/Nature pack extended/naturePack_023.mtl using Guid(f1834eb2c9f60da4ca8c9991c1d6c022) Importer(2089858483,0ecaa5967403d082aa24f35e1b516d23) Generated GUIDs only implemented for interfaces!
 -> (artifact id: 'dd9278316d58a154442adda99e40ab7e') in 0.101940 seconds 
========================================================================
Received Import Request.
  Time since last request: 0.000041 seconds.
  path: Assets/ThirdPart/Nature pack extended/naturePack_019.obj
  artifactKey: Guid(7028cc1249fcee548a99e287c7b22c41) Importer(2089858483,0ecaa5967403d082aa24f35e1b516d23)
Start importing Assets/ThirdPart/Nature pack extended/naturePack_019.obj using Guid(7028cc1249fcee548a99e287c7b22c41) Importer(2089858483,0ecaa5967403d082aa24f35e1b516d23) Generated GUIDs only implemented for interfaces!
 -> (artifact id: 'aab356dbefc578713077960726f0b418') in 0.165887 seconds 
========================================================================
Received Import Request.
  Time since last request: 0.000049 seconds.
  path: Assets/ва.unity
  artifactKey: Guid(c199b4176fadf8e4db53d3e0ada64e78) Importer(2089858483,0ecaa5967403d082aa24f35e1b516d23)
Start importing Assets/ва.unity using Guid(c199b4176fadf8e4db53d3e0ada64e78) Importer(2089858483,0ecaa5967403d082aa24f35e1b516d23) Generated GUIDs only implemented for interfaces!
 -> (artifact id: '77d2091fd6ff114ee1cffd75391f8e94') in 0.051839 seconds 
========================================================================
Received Import Request.
  Time since last request: 0.001535 seconds.
  path: Assets/ThirdPart/Nature pack extended/naturePack_051.mtl
  artifactKey: Guid(c1bc32ac71092bd42a3608b090afe6f8) Importer(2089858483,0ecaa5967403d082aa24f35e1b516d23)
Start importing Assets/ThirdPart/Nature pack extended/naturePack_051.mtl using Guid(c1bc32ac71092bd42a3608b090afe6f8) Importer(2089858483,0ecaa5967403d082aa24f35e1b516d23) Generated GUIDs only implemented for interfaces!
 -> (artifact id: '35299604726db5c7daad55dc4d233824') in 0.034402 seconds 
========================================================================
Received Import Request.
  Time since last request: 0.000511 seconds.
  path: Assets/ThirdPart/Nature pack extended/naturePack_025.mtl
  artifactKey: Guid(f9a07b5525d4b1549aa337c47699673a) Importer(2089858483,0ecaa5967403d082aa24f35e1b516d23)
Start importing Assets/ThirdPart/Nature pack extended/naturePack_025.mtl using Guid(f9a07b5525d4b1549aa337c47699673a) Importer(2089858483,0ecaa5967403d082aa24f35e1b516d23) Generated GUIDs only implemented for interfaces!
 -> (artifact id: '20693d4e7fe6bd99ef620938de43c309') in 0.277529 seconds 
========================================================================
Received Import Request.
  Time since last request: 0.000346 seconds.
  path: Assets/ThirdPart/Nature pack extended/naturePack_067.obj
  artifactKey: Guid(c478c00864de2df4cbb2395702dc44d8) Importer(2089858483,0ecaa5967403d082aa24f35e1b516d23)
Start importing Assets/ThirdPart/Nature pack extended/naturePack_067.obj using Guid(c478c00864de2df4cbb2395702dc44d8) Importer(2089858483,0ecaa5967403d082aa24f35e1b516d23) Generated GUIDs only implemented for interfaces!
 -> (artifact id: '56257711d14e179b2b8cc8ceb54df6dc') in 0.805574 seconds 
========================================================================
Received Import Request.
  Time since last request: 0.009073 seconds.
  path: Assets/ThirdPart/Nature pack extended/naturePack_065.obj
  artifactKey: Guid(8c6c7c16b3657434593e92af26aa1fff) Importer(2089858483,0ecaa5967403d082aa24f35e1b516d23)
Start importing Assets/ThirdPart/Nature pack extended/naturePack_065.obj using Guid(8c6c7c16b3657434593e92af26aa1fff) Importer(2089858483,0ecaa5967403d082aa24f35e1b516d23) Generated GUIDs only implemented for interfaces!
 -> (artifact id: 'f26ee3dc3a3b54d57cf2f51817856e43') in 0.680033 seconds 
========================================================================
Received Import Request.
  Time since last request: 0.123123 seconds.
  path: Assets/ThirdPart/Nature pack extended/naturePack_070.obj
  artifactKey: Guid(e542a887ad815e144bb260665eb205bd) Importer(2089858483,0ecaa5967403d082aa24f35e1b516d23)
Start importing Assets/ThirdPart/Nature pack extended/naturePack_070.obj using Guid(e542a887ad815e144bb260665eb205bd) Importer(2089858483,0ecaa5967403d082aa24f35e1b516d23) Generated GUIDs only implemented for interfaces!
 -> (artifact id: 'ba6dd99fe1244ea6d7f5f707afc175a3') in 1.077794 seconds 
========================================================================
Received Import Request.
  Time since last request: 0.000056 seconds.
  path: Assets/ThirdPart/Nature pack extended/naturePack_063.mtl
  artifactKey: Guid(c6c1d0628ce3a8149b0b8663f2c561c5) Importer(2089858483,0ecaa5967403d082aa24f35e1b516d23)
Start importing Assets/ThirdPart/Nature pack extended/naturePack_063.mtl using Guid(c6c1d0628ce3a8149b0b8663f2c561c5) Importer(2089858483,0ecaa5967403d082aa24f35e1b516d23) Generated GUIDs only implemented for interfaces!
 -> (artifact id: 'ba1b3fab25dfafef82338065abf3c3ab') in 0.307665 seconds 
========================================================================
Received Import Request.
  Time since last request: 0.040005 seconds.
  path: Assets/ThirdPart/Nature pack extended/naturePack_072.obj
  artifactKey: Guid(9e63af71ee92ece4480b71b0a849a933) Importer(2089858483,0ecaa5967403d082aa24f35e1b516d23)
Start importing Assets/ThirdPart/Nature pack extended/naturePack_072.obj using Guid(9e63af71ee92ece4480b71b0a849a933) Importer(2089858483,0ecaa5967403d082aa24f35e1b516d23) Generated GUIDs only implemented for interfaces!
 -> (artifact id: '10a38f2a1ba44ee9188c2ce6765c1767') in 0.242824 seconds 
========================================================================
Received Import Request.
  Time since last request: 0.000044 seconds.
  path: Assets/ThirdPart/Nature pack extended/naturePack_072.mtl
  artifactKey: Guid(b94f1aebc59d60f40877c1ca9f6b118d) Importer(2089858483,0ecaa5967403d082aa24f35e1b516d23)
Start importing Assets/ThirdPart/Nature pack extended/naturePack_072.mtl using Guid(b94f1aebc59d60f40877c1ca9f6b118d) Importer(2089858483,0ecaa5967403d082aa24f35e1b516d23) Generated GUIDs only implemented for interfaces!
 -> (artifact id: 'abd87e3c1569d8fe1f3bb50388c5cd77') in 0.209041 seconds 
========================================================================
Received Import Request.
  Time since last request: 0.000197 seconds.
  path: Assets/ThirdPart/Nature pack extended/naturePack_068.obj
  artifactKey: Guid(7014393cc33c2d94c990b5220a2bbef3) Importer(2089858483,0ecaa5967403d082aa24f35e1b516d23)
Start importing Assets/ThirdPart/Nature pack extended/naturePack_068.obj using Guid(7014393cc33c2d94c990b5220a2bbef3) Importer(2089858483,0ecaa5967403d082aa24f35e1b516d23) Generated GUIDs only implemented for interfaces!
 -> (artifact id: 'ae98780e7042fd2d0ce6ff152c94f819') in 0.302951 seconds 
========================================================================
Received Import Request.
  Time since last request: 0.000500 seconds.
  path: Assets/ThirdPart/Nature pack extended/naturePack_076.obj
  artifactKey: Guid(ab14c898eaf012f4b95344ca5446db48) Importer(2089858483,0ecaa5967403d082aa24f35e1b516d23)
Start importing Assets/ThirdPart/Nature pack extended/naturePack_076.obj using Guid(ab14c898eaf012f4b95344ca5446db48) Importer(2089858483,0ecaa5967403d082aa24f35e1b516d23) Generated GUIDs only implemented for interfaces!
 -> (artifact id: '5bc2745a70a54c0665166d7080e8aff9') in 3.578520 seconds 
========================================================================
Received Import Request.
  Time since last request: 0.000056 seconds.
  path: Assets/ThirdPart/Nature pack extended/naturePack_079.mtl
  artifactKey: Guid(dd8b198d4cbded24ab1263ab681cb678) Importer(2089858483,0ecaa5967403d082aa24f35e1b516d23)
Start importing Assets/ThirdPart/Nature pack extended/naturePack_079.mtl using Guid(dd8b198d4cbded24ab1263ab681cb678) Importer(2089858483,0ecaa5967403d082aa24f35e1b516d23) Generated GUIDs only implemented for interfaces!
 -> (artifact id: '50a5e88c22db312430edb80dc875694d') in 0.086200 seconds 
========================================================================
Received Import Request.
  Time since last request: 0.000040 seconds.
  path: Assets/ThirdPart/Nature pack extended/naturePack_061.obj
  artifactKey: Guid(deff8b43f54c262428f235daf0e87a98) Importer(2089858483,0ecaa5967403d082aa24f35e1b516d23)
Start importing Assets/ThirdPart/Nature pack extended/naturePack_061.obj using Guid(deff8b43f54c262428f235daf0e87a98) Importer(2089858483,0ecaa5967403d082aa24f35e1b516d23) Generated GUIDs only implemented for interfaces!
 -> (artifact id: 'd11cf29140dc1eaf68e187894ef6a562') in 1.582453 seconds 
========================================================================
Received Import Request.
  Time since last request: 0.000394 seconds.
  path: Assets/ThirdPart/Nature pack extended/naturePack_078.obj
  artifactKey: Guid(9ecbf57df6fb0944293a3b91f91f3723) Importer(2089858483,0ecaa5967403d082aa24f35e1b516d23)
Start importing Assets/ThirdPart/Nature pack extended/naturePack_078.obj using Guid(9ecbf57df6fb0944293a3b91f91f3723) Importer(2089858483,0ecaa5967403d082aa24f35e1b516d23) Generated GUIDs only implemented for interfaces!
 -> (artifact id: 'b519242016792bd5c78deca311da33a4') in 1.354776 seconds 
========================================================================
Received Import Request.
  Time since last request: 0.000426 seconds.
  path: Assets/ThirdPart/Nature pack extended/naturePack_078.mtl
  artifactKey: Guid(ef29914ac8b19024cb7c8e42157e74ea) Importer(2089858483,0ecaa5967403d082aa24f35e1b516d23)
Start importing Assets/ThirdPart/Nature pack extended/naturePack_078.mtl using Guid(ef29914ac8b19024cb7c8e42157e74ea) Importer(2089858483,0ecaa5967403d082aa24f35e1b516d23) Generated GUIDs only implemented for interfaces!
 -> (artifact id: '892134e1f2d77abc06db29b2c2b86f5b') in 0.140723 seconds 
========================================================================
Received Import Request.
  Time since last request: 0.000054 seconds.
  path: Assets/ThirdPart/Nature pack extended/naturePack_044.mtl
  artifactKey: Guid(b4f2047312fe0c04fb423eca77cec955) Importer(2089858483,0ecaa5967403d082aa24f35e1b516d23)
Start importing Assets/ThirdPart/Nature pack extended/naturePack_044.mtl using Guid(b4f2047312fe0c04fb423eca77cec955) Importer(2089858483,0ecaa5967403d082aa24f35e1b516d23) Generated GUIDs only implemented for interfaces!
 -> (artifact id: 'c411d9376faab85429a67c300793b15f') in 0.043439 seconds 
========================================================================
Received Import Request.
  Time since last request: 0.000037 seconds.
  path: Assets/ThirdPart/Nature pack extended/naturePack_020.obj
  artifactKey: Guid(12bef70509e03454798b3e8313fbf3ab) Importer(2089858483,0ecaa5967403d082aa24f35e1b516d23)
Start importing Assets/ThirdPart/Nature pack extended/naturePack_020.obj using Guid(12bef70509e03454798b3e8313fbf3ab) Importer(2089858483,0ecaa5967403d082aa24f35e1b516d23) Generated GUIDs only implemented for interfaces!
 -> (artifact id: '19661305c1a51afa68d1169c142b8a92') in 0.204534 seconds 
========================================================================
Received Import Request.
  Time since last request: 0.000039 seconds.
  path: Assets/ThirdPart/Nature pack extended/naturePack_018.obj
  artifactKey: Guid(9d0c5de286406214099b96a7fb8d1c69) Importer(2089858483,0ecaa5967403d082aa24f35e1b516d23)
Start importing Assets/ThirdPart/Nature pack extended/naturePack_018.obj using Guid(9d0c5de286406214099b96a7fb8d1c69) Importer(2089858483,0ecaa5967403d082aa24f35e1b516d23) Generated GUIDs only implemented for interfaces!
 -> (artifact id: '23d33ae4ce5fa7436e20c2c97c86f890') in 0.210830 seconds 
========================================================================
Received Import Request.
  Time since last request: 0.000057 seconds.
  path: Assets/ThirdPart/Nature pack extended/naturePack_007.obj
  artifactKey: Guid(b79f6cadd15f0d74189e915531146d3c) Importer(2089858483,0ecaa5967403d082aa24f35e1b516d23)
Start importing Assets/ThirdPart/Nature pack extended/naturePack_007.obj using Guid(b79f6cadd15f0d74189e915531146d3c) Importer(2089858483,0ecaa5967403d082aa24f35e1b516d23) Generated GUIDs only implemented for interfaces!
 -> (artifact id: '2969d6fbf66a04f214b0e8f130f0cab2') in 0.234195 seconds 
========================================================================
Received Import Request.
  Time since last request: 0.000045 seconds.
  path: Assets/ThirdPart/Nature pack extended/naturePack_025.obj
  artifactKey: Guid(ceb5dc489a3122b4c8ea890bf1f45015) Importer(2089858483,0ecaa5967403d082aa24f35e1b516d23)
Start importing Assets/ThirdPart/Nature pack extended/naturePack_025.obj using Guid(ceb5dc489a3122b4c8ea890bf1f45015) Importer(2089858483,0ecaa5967403d082aa24f35e1b516d23) Generated GUIDs only implemented for interfaces!
 -> (artifact id: '8a919c70974c7c374da1482e1471fca0') in 0.195023 seconds 
========================================================================
Received Import Request.
  Time since last request: 0.000058 seconds.
  path: Assets/Art/Materials/Gates.mat
  artifactKey: Guid(472d7005e992c104e9b1c4a8557bb09e) Importer(2089858483,0ecaa5967403d082aa24f35e1b516d23)
Start importing Assets/Art/Materials/Gates.mat using Guid(472d7005e992c104e9b1c4a8557bb09e) Importer(2089858483,0ecaa5967403d082aa24f35e1b516d23) Generated GUIDs only implemented for interfaces!
 -> (artifact id: '1cf7d0a82523a2c435d5b01540f1b1c1') in 0.049171 seconds 
========================================================================
Received Import Request.
  Time since last request: 0.000052 seconds.
  path: Assets/Levels/Models/Button.fbx
  artifactKey: Guid(ae19129b164823c4bbc9aa892a02373d) Importer(2089858483,0ecaa5967403d082aa24f35e1b516d23)
Start importing Assets/Levels/Models/Button.fbx using Guid(ae19129b164823c4bbc9aa892a02373d) Importer(2089858483,0ecaa5967403d082aa24f35e1b516d23) Generated GUIDs only implemented for interfaces!
 -> (artifact id: 'b138db2932af35cd2a53cea677d6e00c') in 0.218634 seconds 
========================================================================
Received Import Request.
  Time since last request: 0.000044 seconds.
  path: Assets/ThirdPart/Nature pack extended/naturePack_068.mtl
  artifactKey: Guid(b311b87235dc62842a55f658f172784e) Importer(2089858483,0ecaa5967403d082aa24f35e1b516d23)
Start importing Assets/ThirdPart/Nature pack extended/naturePack_068.mtl using Guid(b311b87235dc62842a55f658f172784e) Importer(2089858483,0ecaa5967403d082aa24f35e1b516d23) Generated GUIDs only implemented for interfaces!
 -> (artifact id: '5fdbf499252120fde540bb191d2be6a3') in 0.071436 seconds 
========================================================================
Received Import Request.
  Time since last request: 0.000054 seconds.
  path: Assets/ThirdPart/Nature pack extended/naturePack_045.mtl
  artifactKey: Guid(d5e4c99abaed71745a9b28a1217b8df8) Importer(2089858483,0ecaa5967403d082aa24f35e1b516d23)
Start importing Assets/ThirdPart/Nature pack extended/naturePack_045.mtl using Guid(d5e4c99abaed71745a9b28a1217b8df8) Importer(2089858483,0ecaa5967403d082aa24f35e1b516d23) Generated GUIDs only implemented for interfaces!
 -> (artifact id: '84be3b6ba6785e605a4b5f97497516ac') in 0.034784 seconds 
========================================================================
Received Import Request.
  Time since last request: 0.000034 seconds.
  path: Assets/ThirdPart/Nature pack extended/naturePack_077.obj
  artifactKey: Guid(75f74dffd71c8ff4e9c5c71059eb1d13) Importer(2089858483,0ecaa5967403d082aa24f35e1b516d23)
Start importing Assets/ThirdPart/Nature pack extended/naturePack_077.obj using Guid(75f74dffd71c8ff4e9c5c71059eb1d13) Importer(2089858483,0ecaa5967403d082aa24f35e1b516d23) Generated GUIDs only implemented for interfaces!
 -> (artifact id: '652c1f3646c1732dd1d301f328d43b74') in 0.112292 seconds 
========================================================================
Received Import Request.
  Time since last request: 0.000068 seconds.
  path: Assets/ThirdPart/Nature pack extended/naturePack_059.mtl
  artifactKey: Guid(c9f1ea1412cdb844cbc3b9c729dbfd07) Importer(2089858483,0ecaa5967403d082aa24f35e1b516d23)
Start importing Assets/ThirdPart/Nature pack extended/naturePack_059.mtl using Guid(c9f1ea1412cdb844cbc3b9c729dbfd07) Importer(2089858483,0ecaa5967403d082aa24f35e1b516d23) Generated GUIDs only implemented for interfaces!
 -> (artifact id: 'a1a9a19c756f69e7d53a31e0d2c4c43d') in 0.319895 seconds 
========================================================================
Received Import Request.
  Time since last request: 0.000047 seconds.
  path: Assets/ThirdPart/Nature pack extended/naturePack_070.mtl
  artifactKey: Guid(e3fbc35c2fee5b74cad19e4ee259bddd) Importer(2089858483,0ecaa5967403d082aa24f35e1b516d23)
Start importing Assets/ThirdPart/Nature pack extended/naturePack_070.mtl using Guid(e3fbc35c2fee5b74cad19e4ee259bddd) Importer(2089858483,0ecaa5967403d082aa24f35e1b516d23) Generated GUIDs only implemented for interfaces!
 -> (artifact id: 'f184265349e0548115f28cd666512c98') in 0.050095 seconds 
========================================================================
Received Import Request.
  Time since last request: 0.000053 seconds.
  path: Assets/ThirdPart/Nature pack extended/naturePack_096.obj
  artifactKey: Guid(71d33c8d74d1e61408b663026711b546) Importer(2089858483,0ecaa5967403d082aa24f35e1b516d23)
Start importing Assets/ThirdPart/Nature pack extended/naturePack_096.obj using Guid(71d33c8d74d1e61408b663026711b546) Importer(2089858483,0ecaa5967403d082aa24f35e1b516d23) Generated GUIDs only implemented for interfaces!
 -> (artifact id: '6576f192e51ff671a8c4c9572715ab8f') in 0.558487 seconds 
========================================================================
Received Import Request.
  Time since last request: 0.001079 seconds.
  path: Assets/ThirdPart/Nature pack extended/naturePack_094.mtl
  artifactKey: Guid(ec0126c840a3be145a4e1d3ae286c8d9) Importer(2089858483,0ecaa5967403d082aa24f35e1b516d23)
Start importing Assets/ThirdPart/Nature pack extended/naturePack_094.mtl using Guid(ec0126c840a3be145a4e1d3ae286c8d9) Importer(2089858483,0ecaa5967403d082aa24f35e1b516d23) Generated GUIDs only implemented for interfaces!
 -> (artifact id: '6a13f26253bba193768f62753d6a8a2f') in 0.720219 seconds 
========================================================================
Received Import Request.
  Time since last request: 0.000055 seconds.
  path: Assets/ThirdPart/Nature pack extended/naturePack_085.obj
  artifactKey: Guid(a49abf763b08d7642aac13cafd45f972) Importer(2089858483,0ecaa5967403d082aa24f35e1b516d23)
Start importing Assets/ThirdPart/Nature pack extended/naturePack_085.obj using Guid(a49abf763b08d7642aac13cafd45f972) Importer(2089858483,0ecaa5967403d082aa24f35e1b516d23) Generated GUIDs only implemented for interfaces!
 -> (artifact id: '44fa75056f8ec614a4aaa1374d6c0db4') in 0.229873 seconds 
========================================================================
Received Import Request.
  Time since last request: 0.000040 seconds.
  path: Assets/ThirdPart/Nature pack extended/naturePack_100.mtl
  artifactKey: Guid(492da34faa31a6c4f920169e34c40d99) Importer(2089858483,0ecaa5967403d082aa24f35e1b516d23)
Start importing Assets/ThirdPart/Nature pack extended/naturePack_100.mtl using Guid(492da34faa31a6c4f920169e34c40d99) Importer(2089858483,0ecaa5967403d082aa24f35e1b516d23) Generated GUIDs only implemented for interfaces!
 -> (artifact id: '80d61b26f92a0c35640863cf50d8f25e') in 0.087296 seconds 
========================================================================
Received Import Request.
  Time since last request: 0.000052 seconds.
  path: Assets/ThirdPart/Nature pack extended/naturePack_098.mtl
  artifactKey: Guid(240eaa01190f2ae4e80087b9911c6573) Importer(2089858483,0ecaa5967403d082aa24f35e1b516d23)
Start importing Assets/ThirdPart/Nature pack extended/naturePack_098.mtl using Guid(240eaa01190f2ae4e80087b9911c6573) Importer(2089858483,0ecaa5967403d082aa24f35e1b516d23) Generated GUIDs only implemented for interfaces!
 -> (artifact id: '716a27cba0c741faeed6b5ec216d1e33') in 0.109248 seconds 
========================================================================
Received Import Request.
  Time since last request: 0.000039 seconds.
  path: Assets/ThirdPart/Nature pack extended/naturePack_055.obj
  artifactKey: Guid(6c5366741ec1b584bb7cd3bcbce34ad2) Importer(2089858483,0ecaa5967403d082aa24f35e1b516d23)
Start importing Assets/ThirdPart/Nature pack extended/naturePack_055.obj using Guid(6c5366741ec1b584bb7cd3bcbce34ad2) Importer(2089858483,0ecaa5967403d082aa24f35e1b516d23) Generated GUIDs only implemented for interfaces!
 -> (artifact id: '9ca28c68b2a1b04aca686a5a7d845b68') in 0.181487 seconds 
========================================================================
Received Import Request.
  Time since last request: 0.000043 seconds.
  path: Assets/Levels/Prefabs/Button.prefab
  artifactKey: Guid(1e70e3ead0ae86b40b730eb8bb504d0d) Importer(2089858483,0ecaa5967403d082aa24f35e1b516d23)
Start importing Assets/Levels/Prefabs/Button.prefab using Guid(1e70e3ead0ae86b40b730eb8bb504d0d) Importer(2089858483,0ecaa5967403d082aa24f35e1b516d23) Generated GUIDs only implemented for interfaces!
 -> (artifact id: '551943c14fd7ed899b4444e87402b901') in 0.131734 seconds 
========================================================================
Received Import Request.
  Time since last request: 0.000053 seconds.
  path: Assets/ThirdPart/Nature pack extended/naturePack_003.obj
  artifactKey: Guid(18ac72f38a44da141b32da447e47f279) Importer(2089858483,0ecaa5967403d082aa24f35e1b516d23)
Start importing Assets/ThirdPart/Nature pack extended/naturePack_003.obj using Guid(18ac72f38a44da141b32da447e47f279) Importer(2089858483,0ecaa5967403d082aa24f35e1b516d23) Generated GUIDs only implemented for interfaces!
 -> (artifact id: '7a92f1c4ced28e9879fda32ac6a9000e') in 0.282908 seconds 
========================================================================
Received Import Request.
  Time since last request: 0.000041 seconds.
  path: Assets/ThirdPart/Nature pack extended/naturePack_093.mtl
  artifactKey: Guid(fe01aaa3e0245cd4a80d191b0ede8dc5) Importer(2089858483,0ecaa5967403d082aa24f35e1b516d23)
Start importing Assets/ThirdPart/Nature pack extended/naturePack_093.mtl using Guid(fe01aaa3e0245cd4a80d191b0ede8dc5) Importer(2089858483,0ecaa5967403d082aa24f35e1b516d23) Generated GUIDs only implemented for interfaces!
 -> (artifact id: 'fc700529faef98b658e5f1d7a087d2d3') in 0.055360 seconds 
========================================================================
Received Import Request.
  Time since last request: 0.000054 seconds.
  path: Assets/ThirdPart/Nature pack extended/naturePack_088.obj
  artifactKey: Guid(4ec40b93935213c44bad98613705de28) Importer(2089858483,0ecaa5967403d082aa24f35e1b516d23)
Start importing Assets/ThirdPart/Nature pack extended/naturePack_088.obj using Guid(4ec40b93935213c44bad98613705de28) Importer(2089858483,0ecaa5967403d082aa24f35e1b516d23) Generated GUIDs only implemented for interfaces!
 -> (artifact id: '729bdc16d41626202806d18739b4527c') in 0.207973 seconds 
========================================================================
Received Import Request.
  Time since last request: 0.000314 seconds.
  path: Assets/ThirdPart/Nature pack extended/naturePack_014.obj
  artifactKey: Guid(f5469b8d5cb17ab42ad0affdfe745bd0) Importer(2089858483,0ecaa5967403d082aa24f35e1b516d23)
Start importing Assets/ThirdPart/Nature pack extended/naturePack_014.obj using Guid(f5469b8d5cb17ab42ad0affdfe745bd0) Importer(2089858483,0ecaa5967403d082aa24f35e1b516d23) Generated GUIDs only implemented for interfaces!
 -> (artifact id: 'c2777672325d641130a5d59a43379970') in 0.106985 seconds 
========================================================================
Received Import Request.
  Time since last request: 0.000053 seconds.
  path: Assets/ThirdPart/Nature pack extended/naturePack_061.mtl
  artifactKey: Guid(ffd3f589eeaadaa45af4920b8e52438c) Importer(2089858483,0ecaa5967403d082aa24f35e1b516d23)
Start importing Assets/ThirdPart/Nature pack extended/naturePack_061.mtl using Guid(ffd3f589eeaadaa45af4920b8e52438c) Importer(2089858483,0ecaa5967403d082aa24f35e1b516d23) Generated GUIDs only implemented for interfaces!
 -> (artifact id: '0326810d45816764d7d76c7fd7b27c69') in 0.589663 seconds 
========================================================================
Received Import Request.
  Time since last request: 0.000643 seconds.
  path: Assets/ThirdPart/Nature pack extended/naturePack_077.mtl
  artifactKey: Guid(45bac84e199457e44aa8c2009fa4048d) Importer(2089858483,0ecaa5967403d082aa24f35e1b516d23)
Start importing Assets/ThirdPart/Nature pack extended/naturePack_077.mtl using Guid(45bac84e199457e44aa8c2009fa4048d) Importer(2089858483,0ecaa5967403d082aa24f35e1b516d23) Generated GUIDs only implemented for interfaces!
 -> (artifact id: 'bd6c801d439a92d7ae9419d2e8562b16') in 0.098406 seconds 
========================================================================
Received Import Request.
  Time since last request: 0.000320 seconds.
  path: Assets/ThirdPart/Nature pack extended/naturePack_016.mtl
  artifactKey: Guid(837b425dc10b9ff41833ce05b15d98d8) Importer(2089858483,0ecaa5967403d082aa24f35e1b516d23)
Start importing Assets/ThirdPart/Nature pack extended/naturePack_016.mtl using Guid(837b425dc10b9ff41833ce05b15d98d8) Importer(2089858483,0ecaa5967403d082aa24f35e1b516d23) Generated GUIDs only implemented for interfaces!
 -> (artifact id: '7a71950b141f849ddfd9e4393d763e02') in 0.363092 seconds 
========================================================================
Received Import Request.
  Time since last request: 0.000037 seconds.
  path: Assets/ThirdPart/Nature pack extended/naturePack_104.obj
  artifactKey: Guid(3c63ee322fabd8140a7c44836cc91604) Importer(2089858483,0ecaa5967403d082aa24f35e1b516d23)
Start importing Assets/ThirdPart/Nature pack extended/naturePack_104.obj using Guid(3c63ee322fabd8140a7c44836cc91604) Importer(2089858483,0ecaa5967403d082aa24f35e1b516d23) Generated GUIDs only implemented for interfaces!
 -> (artifact id: '6285aab8deaaa0a3e31bc96a7278f174') in 1.840073 seconds 
========================================================================
Received Import Request.
  Time since last request: 0.000050 seconds.
  path: Assets/ThirdPart/Nature pack extended/naturePack_108.mtl
  artifactKey: Guid(bbe0a90b1ba83f74b8d44f33f6844a5e) Importer(2089858483,0ecaa5967403d082aa24f35e1b516d23)
Start importing Assets/ThirdPart/Nature pack extended/naturePack_108.mtl using Guid(bbe0a90b1ba83f74b8d44f33f6844a5e) Importer(2089858483,0ecaa5967403d082aa24f35e1b516d23) Generated GUIDs only implemented for interfaces!
 -> (artifact id: '054dfdb42b44534794b74463e092d883') in 1.386277 seconds 
========================================================================
Received Import Request.
  Time since last request: 0.073030 seconds.
  path: Assets/ThirdPart/Nature pack extended/naturePack_112.mtl
  artifactKey: Guid(f493531463df36941b35e4dd71723321) Importer(2089858483,0ecaa5967403d082aa24f35e1b516d23)
Start importing Assets/ThirdPart/Nature pack extended/naturePack_112.mtl using Guid(f493531463df36941b35e4dd71723321) Importer(2089858483,0ecaa5967403d082aa24f35e1b516d23) Generated GUIDs only implemented for interfaces!
 -> (artifact id: 'c47a063ea97fea6191594e3cca204761') in 0.507443 seconds 
========================================================================
Received Import Request.
  Time since last request: 0.000460 seconds.
  path: Assets/ThirdPart/Nature pack extended/naturePack_114.obj
  artifactKey: Guid(04a6876120efbf64ab6d98ccc8c8bc0c) Importer(2089858483,0ecaa5967403d082aa24f35e1b516d23)
Start importing Assets/ThirdPart/Nature pack extended/naturePack_114.obj using Guid(04a6876120efbf64ab6d98ccc8c8bc0c) Importer(2089858483,0ecaa5967403d082aa24f35e1b516d23) Generated GUIDs only implemented for interfaces!
 -> (artifact id: 'bdb08e49ac07d9b5b14081d1c1fa3a1a') in 0.415478 seconds 
========================================================================
Received Import Request.
  Time since last request: 0.000049 seconds.
  path: Assets/ThirdPart/Nature pack extended/naturePack_115.obj
  artifactKey: Guid(7ed1525fb77c4214aadfb2631fb0aa62) Importer(2089858483,0ecaa5967403d082aa24f35e1b516d23)
Start importing Assets/ThirdPart/Nature pack extended/naturePack_115.obj using Guid(7ed1525fb77c4214aadfb2631fb0aa62) Importer(2089858483,0ecaa5967403d082aa24f35e1b516d23) Generated GUIDs only implemented for interfaces!
 -> (artifact id: '8376fe67b510643294c9a6d008a40fa0') in 0.118151 seconds 
========================================================================
Received Import Request.
  Time since last request: 0.000038 seconds.
  path: Assets/ThirdPart/Nature pack extended/naturePack_115.mtl
  artifactKey: Guid(1ccf085c85435974f82e68deb67a21dc) Importer(2089858483,0ecaa5967403d082aa24f35e1b516d23)
Start importing Assets/ThirdPart/Nature pack extended/naturePack_115.mtl using Guid(1ccf085c85435974f82e68deb67a21dc) Importer(2089858483,0ecaa5967403d082aa24f35e1b516d23) Generated GUIDs only implemented for interfaces!
 -> (artifact id: '22c0f1d41b86004e660cb36ab01a81bd') in 0.027752 seconds 
========================================================================
Received Import Request.
  Time since last request: 0.000035 seconds.
  path: Assets/ThirdPart/Nature pack extended/naturePack_110.mtl
  artifactKey: Guid(0d7a98d3f9cf42547ac0745d7195d699) Importer(2089858483,0ecaa5967403d082aa24f35e1b516d23)
Start importing Assets/ThirdPart/Nature pack extended/naturePack_110.mtl using Guid(0d7a98d3f9cf42547ac0745d7195d699) Importer(2089858483,0ecaa5967403d082aa24f35e1b516d23) Generated GUIDs only implemented for interfaces!
 -> (artifact id: '1f990d18e5f8c4b4ad69e5f2f573f188') in 0.032074 seconds 
========================================================================
Received Import Request.
  Time since last request: 0.000042 seconds.
  path: Assets/ThirdPart/Nature pack extended/naturePack_101.mtl
  artifactKey: Guid(d6b793f82a07fc34782c43d203f44bff) Importer(2089858483,0ecaa5967403d082aa24f35e1b516d23)
Start importing Assets/ThirdPart/Nature pack extended/naturePack_101.mtl using Guid(d6b793f82a07fc34782c43d203f44bff) Importer(2089858483,0ecaa5967403d082aa24f35e1b516d23) Generated GUIDs only implemented for interfaces!
 -> (artifact id: '9f2400fc0159c0ad47f97a4b4f9d3377') in 1.224888 seconds 
========================================================================
Received Import Request.
  Time since last request: 0.000049 seconds.
  path: Assets/ThirdPart/Nature pack extended/naturePack_094.obj
  artifactKey: Guid(fb5409f8b8c348c4b8a8c012558e9df8) Importer(2089858483,0ecaa5967403d082aa24f35e1b516d23)
Start importing Assets/ThirdPart/Nature pack extended/naturePack_094.obj using Guid(fb5409f8b8c348c4b8a8c012558e9df8) Importer(2089858483,0ecaa5967403d082aa24f35e1b516d23) Generated GUIDs only implemented for interfaces!
 -> (artifact id: '03b51c6ed6d9e5537195bf5c63b01a11') in 0.109193 seconds 
========================================================================
Received Import Request.
  Time since last request: 0.000036 seconds.
  path: Assets/ThirdPart/Nature pack extended/naturePack_111.mtl
  artifactKey: Guid(b369a0eec53942b4e908c0402c96c7fd) Importer(2089858483,0ecaa5967403d082aa24f35e1b516d23)
Start importing Assets/ThirdPart/Nature pack extended/naturePack_111.mtl using Guid(b369a0eec53942b4e908c0402c96c7fd) Importer(2089858483,0ecaa5967403d082aa24f35e1b516d23) Generated GUIDs only implemented for interfaces!
 -> (artifact id: '8b62270d83445ea5612791101e870697') in 0.030991 seconds 
========================================================================
Received Import Request.
  Time since last request: 0.000036 seconds.
  path: Assets/ThirdPart/Nature pack extended/naturePack_112.obj
  artifactKey: Guid(8d0cccbd7c2140a45bfc4752d856a529) Importer(2089858483,0ecaa5967403d082aa24f35e1b516d23)
Start importing Assets/ThirdPart/Nature pack extended/naturePack_112.obj using Guid(8d0cccbd7c2140a45bfc4752d856a529) Importer(2089858483,0ecaa5967403d082aa24f35e1b516d23) Generated GUIDs only implemented for interfaces!
 -> (artifact id: '418666975439d0cf904bd161e872baa8') in 0.249702 seconds 
========================================================================
Received Import Request.
  Time since last request: 0.000182 seconds.
  path: Assets/ThirdPart/Nature pack extended/naturePack_104.mtl
  artifactKey: Guid(7d464b43b0f7ad443ab78a60cc3be3c4) Importer(2089858483,0ecaa5967403d082aa24f35e1b516d23)
Start importing Assets/ThirdPart/Nature pack extended/naturePack_104.mtl using Guid(7d464b43b0f7ad443ab78a60cc3be3c4) Importer(2089858483,0ecaa5967403d082aa24f35e1b516d23) Generated GUIDs only implemented for interfaces!
 -> (artifact id: '9e468174da994226c38b38dedba5f6c7') in 0.035928 seconds 
========================================================================
Received Import Request.
  Time since last request: 0.000037 seconds.
  path: Assets/ThirdPart/Nature pack extended/naturePack_121.mtl
  artifactKey: Guid(890cd171da8dcdc4fad113a15ab4847c) Importer(2089858483,0ecaa5967403d082aa24f35e1b516d23)
Start importing Assets/ThirdPart/Nature pack extended/naturePack_121.mtl using Guid(890cd171da8dcdc4fad113a15ab4847c) Importer(2089858483,0ecaa5967403d082aa24f35e1b516d23) Generated GUIDs only implemented for interfaces!
 -> (artifact id: '404992b5a28c5b4909ad2000f9d62218') in 0.038267 seconds 
========================================================================
Received Import Request.
  Time since last request: 0.000034 seconds.
  path: Assets/ThirdPart/Nature pack extended/naturePack_126.mtl
  artifactKey: Guid(59c7505aef7cd894b956f4df49c030c6) Importer(2089858483,0ecaa5967403d082aa24f35e1b516d23)
Start importing Assets/ThirdPart/Nature pack extended/naturePack_126.mtl using Guid(59c7505aef7cd894b956f4df49c030c6) Importer(2089858483,0ecaa5967403d082aa24f35e1b516d23) Generated GUIDs only implemented for interfaces!
 -> (artifact id: '320a543f6b8eec25500f040b5312be03') in 0.044435 seconds 
========================================================================
Received Import Request.
  Time since last request: 0.000039 seconds.
  path: Assets/ThirdPart/Nature pack extended/naturePack_124.obj
  artifactKey: Guid(0df0efd9f58acd144b54209561ea2c44) Importer(2089858483,0ecaa5967403d082aa24f35e1b516d23)
Start importing Assets/ThirdPart/Nature pack extended/naturePack_124.obj using Guid(0df0efd9f58acd144b54209561ea2c44) Importer(2089858483,0ecaa5967403d082aa24f35e1b516d23) Generated GUIDs only implemented for interfaces!
 -> (artifact id: '7bc0a4cafa949f87abc6f35c0b45a116') in 0.225199 seconds 
========================================================================
Received Import Request.
  Time since last request: 0.000035 seconds.
  path: Assets/ThirdPart/Nature pack extended/naturePack_120.obj
  artifactKey: Guid(8c888acf8ad1e2f429a4bccfca285f11) Importer(2089858483,0ecaa5967403d082aa24f35e1b516d23)
Start importing Assets/ThirdPart/Nature pack extended/naturePack_120.obj using Guid(8c888acf8ad1e2f429a4bccfca285f11) Importer(2089858483,0ecaa5967403d082aa24f35e1b516d23) Generated GUIDs only implemented for interfaces!
 -> (artifact id: 'cd0bd01a94c45e1ac223c0a7ed5a4ba8') in 0.311678 seconds 
========================================================================
Received Import Request.
  Time since last request: 0.000053 seconds.
  path: Assets/ThirdPart/Nature pack extended/naturePack_117.obj
  artifactKey: Guid(828d75de00ef6f746a9f63db3f2b24de) Importer(2089858483,0ecaa5967403d082aa24f35e1b516d23)
Start importing Assets/ThirdPart/Nature pack extended/naturePack_117.obj using Guid(828d75de00ef6f746a9f63db3f2b24de) Importer(2089858483,0ecaa5967403d082aa24f35e1b516d23) Generated GUIDs only implemented for interfaces!
 -> (artifact id: 'cbbd2ccebe52f047f05b3a1970195515') in 0.235439 seconds 
========================================================================
Received Import Request.
  Time since last request: 0.000038 seconds.
  path: Assets/ThirdPart/Nature pack extended/naturePack_122.obj
  artifactKey: Guid(f2ac4abad5ccf2a4a826800d1301893e) Importer(2089858483,0ecaa5967403d082aa24f35e1b516d23)
Start importing Assets/ThirdPart/Nature pack extended/naturePack_122.obj using Guid(f2ac4abad5ccf2a4a826800d1301893e) Importer(2089858483,0ecaa5967403d082aa24f35e1b516d23) Generated GUIDs only implemented for interfaces!
 -> (artifact id: '66ca00bfe13a7886c4274e2a9ec4c9b0') in 0.129667 seconds 
========================================================================
Received Import Request.
  Time since last request: 0.000052 seconds.
  path: Assets/ThirdPart/Nature pack extended/naturePack_106.obj
  artifactKey: Guid(ef88d7fdd02fd98488bc233cde8ff7b3) Importer(2089858483,0ecaa5967403d082aa24f35e1b516d23)
Start importing Assets/ThirdPart/Nature pack extended/naturePack_106.obj using Guid(ef88d7fdd02fd98488bc233cde8ff7b3) Importer(2089858483,0ecaa5967403d082aa24f35e1b516d23) Generated GUIDs only implemented for interfaces!
 -> (artifact id: 'e11baecc14229f5813339a362528dcc8') in 0.074590 seconds 
========================================================================
Received Import Request.
  Time since last request: 0.000034 seconds.
  path: Assets/ThirdPart/Nature pack extended/naturePack_120.mtl
  artifactKey: Guid(cf2cf40daf52efe4a92244caa5e97cd2) Importer(2089858483,0ecaa5967403d082aa24f35e1b516d23)
Start importing Assets/ThirdPart/Nature pack extended/naturePack_120.mtl using Guid(cf2cf40daf52efe4a92244caa5e97cd2) Importer(2089858483,0ecaa5967403d082aa24f35e1b516d23) Generated GUIDs only implemented for interfaces!
 -> (artifact id: 'a90425bcffaa5fc80f7cec828e0e9ed8') in 0.059223 seconds 
========================================================================
Received Import Request.
  Time since last request: 0.000046 seconds.
  path: Assets/ThirdPart/Nature pack extended/naturePack_091.obj
  artifactKey: Guid(93f046ba317f4e04e83de46bb4fe0199) Importer(2089858483,0ecaa5967403d082aa24f35e1b516d23)
Start importing Assets/ThirdPart/Nature pack extended/naturePack_091.obj using Guid(93f046ba317f4e04e83de46bb4fe0199) Importer(2089858483,0ecaa5967403d082aa24f35e1b516d23) Generated GUIDs only implemented for interfaces!
 -> (artifact id: '612d5690d9cd2042b537fc636af150ac') in 0.096448 seconds 
========================================================================
Received Import Request.
  Time since last request: 0.000045 seconds.
  path: Assets/ThirdPart/Nature pack extended/naturePack_119.obj
  artifactKey: Guid(958152b8e73955d4593bd72b8aa0f57c) Importer(2089858483,0ecaa5967403d082aa24f35e1b516d23)
Start importing Assets/ThirdPart/Nature pack extended/naturePack_119.obj using Guid(958152b8e73955d4593bd72b8aa0f57c) Importer(2089858483,0ecaa5967403d082aa24f35e1b516d23) Generated GUIDs only implemented for interfaces!
 -> (artifact id: '0f2c2a1d7ff223cb1e465577726335cb') in 0.232491 seconds 
========================================================================
Received Import Request.
  Time since last request: 0.000072 seconds.
  path: Assets/ThirdPart/Nature pack extended/naturePack_071.obj
  artifactKey: Guid(76e4e50ab0788a64f95b653fd9ff10b5) Importer(2089858483,0ecaa5967403d082aa24f35e1b516d23)
Start importing Assets/ThirdPart/Nature pack extended/naturePack_071.obj using Guid(76e4e50ab0788a64f95b653fd9ff10b5) Importer(2089858483,0ecaa5967403d082aa24f35e1b516d23) Generated GUIDs only implemented for interfaces!
 -> (artifact id: '220a49693dd468ebff64ee5664261028') in 0.102574 seconds 
========================================================================
Received Import Request.
  Time since last request: 0.000044 seconds.
  path: Assets/ThirdPart/Nature pack extended/naturePack_053.obj
  artifactKey: Guid(20b46c387e157e749a3ae5967c749fe2) Importer(2089858483,0ecaa5967403d082aa24f35e1b516d23)
Start importing Assets/ThirdPart/Nature pack extended/naturePack_053.obj using Guid(20b46c387e157e749a3ae5967c749fe2) Importer(2089858483,0ecaa5967403d082aa24f35e1b516d23) Generated GUIDs only implemented for interfaces!
 -> (artifact id: '0d0450175c59eb7c0895e472482c9bb0') in 0.135210 seconds 
========================================================================
Received Import Request.
  Time since last request: 0.000037 seconds.
  path: Assets/Levels/Prefabs/Chest.prefab
  artifactKey: Guid(ca5b0431c3b7f2f45a1a7bed07c71913) Importer(2089858483,0ecaa5967403d082aa24f35e1b516d23)
Start importing Assets/Levels/Prefabs/Chest.prefab using Guid(ca5b0431c3b7f2f45a1a7bed07c71913) Importer(2089858483,0ecaa5967403d082aa24f35e1b516d23) Generated GUIDs only implemented for interfaces!
 -> (artifact id: '2fef867be317cf7c0edf65cef3574ff8') in 0.105250 seconds 
========================================================================
Received Import Request.
  Time since last request: 0.000049 seconds.
  path: Assets/ThirdPart/Nature pack extended/naturePack_030.obj
  artifactKey: Guid(99a3793ad6e25da4790edb76c31bc3ed) Importer(2089858483,0ecaa5967403d082aa24f35e1b516d23)
Start importing Assets/ThirdPart/Nature pack extended/naturePack_030.obj using Guid(99a3793ad6e25da4790edb76c31bc3ed) Importer(2089858483,0ecaa5967403d082aa24f35e1b516d23) Generated GUIDs only implemented for interfaces!
 -> (artifact id: '1d0dd4b1f66b8fe055bb26bcbdd5e615') in 0.102165 seconds 
========================================================================
Received Import Request.
  Time since last request: 0.000045 seconds.
  path: Assets/ThirdPart/Nature pack extended/naturePack_083.obj
  artifactKey: Guid(9890c4d014574af4d953937bbf39455a) Importer(2089858483,0ecaa5967403d082aa24f35e1b516d23)
Start importing Assets/ThirdPart/Nature pack extended/naturePack_083.obj using Guid(9890c4d014574af4d953937bbf39455a) Importer(2089858483,0ecaa5967403d082aa24f35e1b516d23) Generated GUIDs only implemented for interfaces!
 -> (artifact id: '96ab6e358e4c215f7143b57f1cbd62ed') in 0.133078 seconds 
========================================================================
Received Import Request.
  Time since last request: 0.000042 seconds.
  path: Assets/ThirdPart/Nature pack extended/naturePack_102.mtl
  artifactKey: Guid(23dab76ba0a5ca44f9d5b2b38565e2f2) Importer(2089858483,0ecaa5967403d082aa24f35e1b516d23)
Start importing Assets/ThirdPart/Nature pack extended/naturePack_102.mtl using Guid(23dab76ba0a5ca44f9d5b2b38565e2f2) Importer(2089858483,0ecaa5967403d082aa24f35e1b516d23) Generated GUIDs only implemented for interfaces!
 -> (artifact id: 'bdbb71c333f6131e9cef37b47e7aa2a3') in 0.030067 seconds 
========================================================================
Received Import Request.
  Time since last request: 0.000070 seconds.
  path: Assets/ThirdPart/Nature pack extended/naturePack_026.mtl
  artifactKey: Guid(49b002d76c277e9478623e4033dd88ae) Importer(2089858483,0ecaa5967403d082aa24f35e1b516d23)
Start importing Assets/ThirdPart/Nature pack extended/naturePack_026.mtl using Guid(49b002d76c277e9478623e4033dd88ae) Importer(2089858483,0ecaa5967403d082aa24f35e1b516d23) Generated GUIDs only implemented for interfaces!
 -> (artifact id: '9744ecc3dfb69172bb5b5f3f53b96de4') in 0.022740 seconds 
========================================================================
Received Import Request.
  Time since last request: 0.000036 seconds.
  path: Assets/ThirdPart/Nature pack extended/naturePack_058.mtl
  artifactKey: Guid(06804ef93ce06b346923f294d34d9c40) Importer(2089858483,0ecaa5967403d082aa24f35e1b516d23)
Start importing Assets/ThirdPart/Nature pack extended/naturePack_058.mtl using Guid(06804ef93ce06b346923f294d34d9c40) Importer(2089858483,0ecaa5967403d082aa24f35e1b516d23) Generated GUIDs only implemented for interfaces!
 -> (artifact id: '00f9e1f66fb533fc556421333239926a') in 0.025207 seconds 
========================================================================
Received Import Request.
  Time since last request: 0.000035 seconds.
  path: Assets/ThirdPart/Nature pack extended/naturePack_135.mtl
  artifactKey: Guid(e5e1b18f6e2a43141b603d58a51813fe) Importer(2089858483,0ecaa5967403d082aa24f35e1b516d23)
Start importing Assets/ThirdPart/Nature pack extended/naturePack_135.mtl using Guid(e5e1b18f6e2a43141b603d58a51813fe) Importer(2089858483,0ecaa5967403d082aa24f35e1b516d23) Generated GUIDs only implemented for interfaces!
 -> (artifact id: '5825b15c490439eede0cf470b8abf142') in 0.028412 seconds 
========================================================================
Received Import Request.
  Time since last request: 0.000038 seconds.
  path: Assets/ThirdPart/Nature pack extended/naturePack_140.obj
  artifactKey: Guid(c85d5c45b6d5c424c88e9f5f60c0d5dd) Importer(2089858483,0ecaa5967403d082aa24f35e1b516d23)
Start importing Assets/ThirdPart/Nature pack extended/naturePack_140.obj using Guid(c85d5c45b6d5c424c88e9f5f60c0d5dd) Importer(2089858483,0ecaa5967403d082aa24f35e1b516d23) Generated GUIDs only implemented for interfaces!
 -> (artifact id: '0318bc0df5dbd6b7069b0f3ae82b9475') in 0.214867 seconds 
========================================================================
Received Import Request.
  Time since last request: 0.000033 seconds.
  path: Assets/ThirdPart/Nature pack extended/naturePack_142.mtl
  artifactKey: Guid(cbeada034055e224c9582c332d286de6) Importer(2089858483,0ecaa5967403d082aa24f35e1b516d23)
Start importing Assets/ThirdPart/Nature pack extended/naturePack_142.mtl using Guid(cbeada034055e224c9582c332d286de6) Importer(2089858483,0ecaa5967403d082aa24f35e1b516d23) Generated GUIDs only implemented for interfaces!
 -> (artifact id: '3955b4eae842062b7f42717642a52614') in 0.055161 seconds 
========================================================================
Received Import Request.
  Time since last request: 0.000048 seconds.
  path: Assets/ThirdPart/Nature pack extended/naturePack_126.obj
  artifactKey: Guid(f878e7284121b084980a1c28b38da710) Importer(2089858483,0ecaa5967403d082aa24f35e1b516d23)
Start importing Assets/ThirdPart/Nature pack extended/naturePack_126.obj using Guid(f878e7284121b084980a1c28b38da710) Importer(2089858483,0ecaa5967403d082aa24f35e1b516d23) Generated GUIDs only implemented for interfaces!
 -> (artifact id: '66510fcc80555b0d7213358ac56e77b0') in 0.089017 seconds 
========================================================================
Received Import Request.
  Time since last request: 0.000045 seconds.
  path: Assets/ThirdPart/Nature pack extended/naturePack_131.obj
  artifactKey: Guid(932eaa682e3b6084b83c6297eeceb983) Importer(2089858483,0ecaa5967403d082aa24f35e1b516d23)
Start importing Assets/ThirdPart/Nature pack extended/naturePack_131.obj using Guid(932eaa682e3b6084b83c6297eeceb983) Importer(2089858483,0ecaa5967403d082aa24f35e1b516d23) Generated GUIDs only implemented for interfaces!
 -> (artifact id: 'c63957f91061d9e4dc89032f2aa04b7e') in 0.133836 seconds 
========================================================================
Received Import Request.
  Time since last request: 0.000038 seconds.
  path: Assets/ThirdPart/Nature pack extended/naturePack_133.obj
  artifactKey: Guid(20149d3e8a2ec2f409daabb4e590105d) Importer(2089858483,0ecaa5967403d082aa24f35e1b516d23)
Start importing Assets/ThirdPart/Nature pack extended/naturePack_133.obj using Guid(20149d3e8a2ec2f409daabb4e590105d) Importer(2089858483,0ecaa5967403d082aa24f35e1b516d23) Generated GUIDs only implemented for interfaces!
 -> (artifact id: 'e5270f4747b3adbe1bb974bfe11d7cc2') in 0.122476 seconds 
========================================================================
Received Import Request.
  Time since last request: 0.000048 seconds.
  path: Assets/ThirdPart/Nature pack extended/naturePack_136.mtl
  artifactKey: Guid(7266b0bf87a3b7549b2b01f2ccd823cb) Importer(2089858483,0ecaa5967403d082aa24f35e1b516d23)
Start importing Assets/ThirdPart/Nature pack extended/naturePack_136.mtl using Guid(7266b0bf87a3b7549b2b01f2ccd823cb) Importer(2089858483,0ecaa5967403d082aa24f35e1b516d23) Generated GUIDs only implemented for interfaces!
 -> (artifact id: '82118a54f168215def613e838f3bfd28') in 0.035635 seconds 
========================================================================
Received Import Request.
  Time since last request: 0.000038 seconds.
  path: Assets/ThirdPart/Nature pack extended/naturePack_143.obj
  artifactKey: Guid(f5df55304d0c05a45913158665cf4064) Importer(2089858483,0ecaa5967403d082aa24f35e1b516d23)
Start importing Assets/ThirdPart/Nature pack extended/naturePack_143.obj using Guid(f5df55304d0c05a45913158665cf4064) Importer(2089858483,0ecaa5967403d082aa24f35e1b516d23) Generated GUIDs only implemented for interfaces!
 -> (artifact id: '21a1dee943a5f8469ecb8e865886d019') in 0.088859 seconds 
========================================================================
Received Import Request.
  Time since last request: 0.000033 seconds.
  path: Assets/ThirdPart/Nature pack extended/naturePack_145.obj
  artifactKey: Guid(a848aaef9c023594ca3f91955bc0e5b6) Importer(2089858483,0ecaa5967403d082aa24f35e1b516d23)
Start importing Assets/ThirdPart/Nature pack extended/naturePack_145.obj using Guid(a848aaef9c023594ca3f91955bc0e5b6) Importer(2089858483,0ecaa5967403d082aa24f35e1b516d23) Generated GUIDs only implemented for interfaces!
 -> (artifact id: '5b21bdf5bea6d0632ad6ff06b4bae314') in 0.104743 seconds 
========================================================================
Received Import Request.
  Time since last request: 0.000039 seconds.
  path: Assets/ThirdPart/Nature pack extended/naturePack_139.mtl
  artifactKey: Guid(3b26b336efbe2b742b95dfd55a9244f2) Importer(2089858483,0ecaa5967403d082aa24f35e1b516d23)
Start importing Assets/ThirdPart/Nature pack extended/naturePack_139.mtl using Guid(3b26b336efbe2b742b95dfd55a9244f2) Importer(2089858483,0ecaa5967403d082aa24f35e1b516d23) Generated GUIDs only implemented for interfaces!
 -> (artifact id: '5533a2b41863c119690bf2d71c52d2b1') in 0.049237 seconds 
========================================================================
Received Import Request.
  Time since last request: 0.000044 seconds.
  path: Assets/ThirdPart/Nature pack extended/naturePack_142.obj
  artifactKey: Guid(b6999928a8a21054b942370d8c426ceb) Importer(2089858483,0ecaa5967403d082aa24f35e1b516d23)
Start importing Assets/ThirdPart/Nature pack extended/naturePack_142.obj using Guid(b6999928a8a21054b942370d8c426ceb) Importer(2089858483,0ecaa5967403d082aa24f35e1b516d23) Generated GUIDs only implemented for interfaces!
 -> (artifact id: 'da13c49eecfaea14b4bbe69bc0eaa879') in 0.091087 seconds 
========================================================================
Received Import Request.
  Time since last request: 0.000037 seconds.
  path: Assets/ThirdPart/Nature pack extended/naturePack_138.obj
  artifactKey: Guid(4cb895a60f92b674384c5e3695479306) Importer(2089858483,0ecaa5967403d082aa24f35e1b516d23)
Start importing Assets/ThirdPart/Nature pack extended/naturePack_138.obj using Guid(4cb895a60f92b674384c5e3695479306) Importer(2089858483,0ecaa5967403d082aa24f35e1b516d23) Generated GUIDs only implemented for interfaces!
 -> (artifact id: 'f0bf87950c809ad3a3ded6d2c83d92fd') in 0.750967 seconds 
========================================================================
Received Import Request.
  Time since last request: 0.000037 seconds.
  path: Assets/ThirdPart/Nature pack extended/naturePack_129.mtl
  artifactKey: Guid(d5ba30e881006f94c9ab5b59bc490150) Importer(2089858483,0ecaa5967403d082aa24f35e1b516d23)
Start importing Assets/ThirdPart/Nature pack extended/naturePack_129.mtl using Guid(d5ba30e881006f94c9ab5b59bc490150) Importer(2089858483,0ecaa5967403d082aa24f35e1b516d23) Generated GUIDs only implemented for interfaces!
 -> (artifact id: '55db41a560556ed26352d8efbf02e485') in 0.077673 seconds 
========================================================================
Received Import Request.
  Time since last request: 0.000044 seconds.
  path: Assets/ThirdPart/Nature pack extended/naturePack_140.mtl
  artifactKey: Guid(15a3ba8f37c07c24dad7957d2ca6b746) Importer(2089858483,0ecaa5967403d082aa24f35e1b516d23)
Start importing Assets/ThirdPart/Nature pack extended/naturePack_140.mtl using Guid(15a3ba8f37c07c24dad7957d2ca6b746) Importer(2089858483,0ecaa5967403d082aa24f35e1b516d23) Generated GUIDs only implemented for interfaces!
 -> (artifact id: '93dec8a6f1d7e5b5b68c878f9bcf0167') in 0.073160 seconds 
========================================================================
Received Import Request.
  Time since last request: 0.000533 seconds.
  path: Assets/ThirdPart/Nature pack extended/naturePack_141.mtl
  artifactKey: Guid(7673a86924bc855478092d7bfbb2a8b9) Importer(2089858483,0ecaa5967403d082aa24f35e1b516d23)
Start importing Assets/ThirdPart/Nature pack extended/naturePack_141.mtl using Guid(7673a86924bc855478092d7bfbb2a8b9) Importer(2089858483,0ecaa5967403d082aa24f35e1b516d23) Generated GUIDs only implemented for interfaces!
 -> (artifact id: '09916ccb40cb6ff35ae4d1337f4f97f8') in 0.082173 seconds 
========================================================================
Received Import Request.
  Time since last request: 0.003431 seconds.
  path: Assets/ThirdPart/Nature pack extended/naturePack_134.mtl
  artifactKey: Guid(8197f6d18a26cc64e8b299105ebcf0f3) Importer(2089858483,0ecaa5967403d082aa24f35e1b516d23)
Start importing Assets/ThirdPart/Nature pack extended/naturePack_134.mtl using Guid(8197f6d18a26cc64e8b299105ebcf0f3) Importer(2089858483,0ecaa5967403d082aa24f35e1b516d23) Generated GUIDs only implemented for interfaces!
 -> (artifact id: 'd9d14e481873926d50b56b9a26f2beca') in 0.056123 seconds 
========================================================================
Received Import Request.
  Time since last request: 0.000053 seconds.
  path: Assets/ThirdPart/Nature pack extended/naturePack_150.mtl
  artifactKey: Guid(7e233be32864a9642a25483f7cbc370f) Importer(2089858483,0ecaa5967403d082aa24f35e1b516d23)
Start importing Assets/ThirdPart/Nature pack extended/naturePack_150.mtl using Guid(7e233be32864a9642a25483f7cbc370f) Importer(2089858483,0ecaa5967403d082aa24f35e1b516d23) Generated GUIDs only implemented for interfaces!
 -> (artifact id: '4238c337f5771eb020ddb5c9568148da') in 0.034761 seconds 
========================================================================
Received Import Request.
  Time since last request: 0.000045 seconds.
  path: Assets/ThirdPart/Nature pack extended/naturePack_157.obj
  artifactKey: Guid(1ec7148d8e74a864e827db0c85f41d94) Importer(2089858483,0ecaa5967403d082aa24f35e1b516d23)
Start importing Assets/ThirdPart/Nature pack extended/naturePack_157.obj using Guid(1ec7148d8e74a864e827db0c85f41d94) Importer(2089858483,0ecaa5967403d082aa24f35e1b516d23) Generated GUIDs only implemented for interfaces!
 -> (artifact id: 'ea7883802da870abe160b4da5e09c3fc') in 0.655104 seconds 
========================================================================
Received Import Request.
  Time since last request: 0.000508 seconds.
  path: Assets/ThirdPart/Nature pack extended/naturePack_148.mtl
  artifactKey: Guid(a08df972a8131534b9fd6b8f683d6211) Importer(2089858483,0ecaa5967403d082aa24f35e1b516d23)
Start importing Assets/ThirdPart/Nature pack extended/naturePack_148.mtl using Guid(a08df972a8131534b9fd6b8f683d6211) Importer(2089858483,0ecaa5967403d082aa24f35e1b516d23) Generated GUIDs only implemented for interfaces!
 -> (artifact id: 'f381df3447d8b73b76de160f0ccbab44') in 0.063458 seconds 
========================================================================
Received Import Request.
  Time since last request: 0.000053 seconds.
  path: Assets/ThirdPart/Nature pack extended/naturePack_146.obj
  artifactKey: Guid(0b83082f84d579b47a4c3a161da1b5ab) Importer(2089858483,0ecaa5967403d082aa24f35e1b516d23)
Start importing Assets/ThirdPart/Nature pack extended/naturePack_146.obj using Guid(0b83082f84d579b47a4c3a161da1b5ab) Importer(2089858483,0ecaa5967403d082aa24f35e1b516d23) Generated GUIDs only implemented for interfaces!
 -> (artifact id: 'c7e6712c7e6aeca5fe858a8310887913') in 0.174610 seconds 
========================================================================
Received Import Request.
  Time since last request: 0.000039 seconds.
  path: Assets/ThirdPart/Nature pack extended/naturePack_146.mtl
  artifactKey: Guid(3aeb8ea7ad6416a4bbdfa3107602cbba) Importer(2089858483,0ecaa5967403d082aa24f35e1b516d23)
Start importing Assets/ThirdPart/Nature pack extended/naturePack_146.mtl using Guid(3aeb8ea7ad6416a4bbdfa3107602cbba) Importer(2089858483,0ecaa5967403d082aa24f35e1b516d23) Generated GUIDs only implemented for interfaces!
 -> (artifact id: '7ac7ca4d2b9013af2358f6c519716c2e') in 0.118776 seconds 
========================================================================
Received Import Request.
  Time since last request: 0.000053 seconds.
  path: Assets/ThirdPart/Nature pack extended/naturePack_160.mtl
  artifactKey: Guid(27cba221da18cc6449cd205510be8595) Importer(2089858483,0ecaa5967403d082aa24f35e1b516d23)
Start importing Assets/ThirdPart/Nature pack extended/naturePack_160.mtl using Guid(27cba221da18cc6449cd205510be8595) Importer(2089858483,0ecaa5967403d082aa24f35e1b516d23) Generated GUIDs only implemented for interfaces!
 -> (artifact id: '7c45f6357fd1b72e376b958a7b0428ac') in 0.055894 seconds 
========================================================================
Received Import Request.
  Time since last request: 0.000042 seconds.
  path: Assets/ThirdPart/Nature pack extended/naturePack_153.obj
  artifactKey: Guid(53f91ba3df838384b853a42e9ca24f89) Importer(2089858483,0ecaa5967403d082aa24f35e1b516d23)
Start importing Assets/ThirdPart/Nature pack extended/naturePack_153.obj using Guid(53f91ba3df838384b853a42e9ca24f89) Importer(2089858483,0ecaa5967403d082aa24f35e1b516d23) Generated GUIDs only implemented for interfaces!
 -> (artifact id: 'd33fa8134b19c90c19ed8c1d5509c7d8') in 0.775377 seconds 
========================================================================
Received Import Request.
  Time since last request: 0.000182 seconds.
  path: Assets/ThirdPart/Nature pack extended/naturePack_148.obj
  artifactKey: Guid(da10ec8ec56aab040b31a218ea442378) Importer(2089858483,0ecaa5967403d082aa24f35e1b516d23)
Start importing Assets/ThirdPart/Nature pack extended/naturePack_148.obj using Guid(da10ec8ec56aab040b31a218ea442378) Importer(2089858483,0ecaa5967403d082aa24f35e1b516d23) Generated GUIDs only implemented for interfaces!
 -> (artifact id: '44dff5804c1738ac5da3927336e7c3f3') in 0.256072 seconds 
========================================================================
Received Import Request.
  Time since last request: 0.000044 seconds.
  path: Assets/ThirdPart/Nature pack extended/naturePack_162.mtl
  artifactKey: Guid(50f415ca280ad1a4a9ced08154b60e80) Importer(2089858483,0ecaa5967403d082aa24f35e1b516d23)
Start importing Assets/ThirdPart/Nature pack extended/naturePack_162.mtl using Guid(50f415ca280ad1a4a9ced08154b60e80) Importer(2089858483,0ecaa5967403d082aa24f35e1b516d23) Generated GUIDs only implemented for interfaces!
 -> (artifact id: 'a326cfab80a5b3c896b29504ef94cf31') in 0.038497 seconds 
========================================================================
Received Import Request.
  Time since last request: 0.000037 seconds.
  path: Assets/ThirdPart/Nature pack extended/naturePack_168.mtl
  artifactKey: Guid(4cd6e7f7864f6d147af4ee0b23204b76) Importer(2089858483,0ecaa5967403d082aa24f35e1b516d23)
Start importing Assets/ThirdPart/Nature pack extended/naturePack_168.mtl using Guid(4cd6e7f7864f6d147af4ee0b23204b76) Importer(2089858483,0ecaa5967403d082aa24f35e1b516d23) Generated GUIDs only implemented for interfaces!
 -> (artifact id: 'e0f701b055ad7cc4309de8b288b772d7') in 0.052721 seconds 
========================================================================
Received Import Request.
  Time since last request: 0.000040 seconds.
  path: Assets/ThirdPart/Nature pack extended/naturePack_164.mtl
  artifactKey: Guid(6452073339eeb0041a762bc6f9214906) Importer(2089858483,0ecaa5967403d082aa24f35e1b516d23)
Start importing Assets/ThirdPart/Nature pack extended/naturePack_164.mtl using Guid(6452073339eeb0041a762bc6f9214906) Importer(2089858483,0ecaa5967403d082aa24f35e1b516d23) Generated GUIDs only implemented for interfaces!
 -> (artifact id: '95f7295e36784364a0cb1cd6ffb2d756') in 0.632857 seconds 
========================================================================
Received Import Request.
  Time since last request: 0.000349 seconds.
  path: Assets/ThirdPart/Nature pack extended/naturePack_163.obj
  artifactKey: Guid(85ecba51cca78af44842aa1cee7b5594) Importer(2089858483,0ecaa5967403d082aa24f35e1b516d23)
Start importing Assets/ThirdPart/Nature pack extended/naturePack_163.obj using Guid(85ecba51cca78af44842aa1cee7b5594) Importer(2089858483,0ecaa5967403d082aa24f35e1b516d23) Generated GUIDs only implemented for interfaces!
 -> (artifact id: '5ac1bd6890e4156f3b2a42e5d4925b34') in 0.921726 seconds 
========================================================================
Received Import Request.
  Time since last request: 0.000045 seconds.
  path: Assets/ThirdPart/Nature pack extended/naturePack_152.mtl
  artifactKey: Guid(c4583482907e7614f9eab77f2852f1b1) Importer(2089858483,0ecaa5967403d082aa24f35e1b516d23)
Start importing Assets/ThirdPart/Nature pack extended/naturePack_152.mtl using Guid(c4583482907e7614f9eab77f2852f1b1) Importer(2089858483,0ecaa5967403d082aa24f35e1b516d23) Generated GUIDs only implemented for interfaces!
 -> (artifact id: '788c3c95fae2e255c19aea8ce5573d0d') in 0.044120 seconds 
========================================================================
Received Import Request.
  Time since last request: 0.000057 seconds.
  path: Assets/ThirdPart/Nature pack extended/naturePack_165.mtl
  artifactKey: Guid(1fdf48655ff17c24abd05aa881d550a0) Importer(2089858483,0ecaa5967403d082aa24f35e1b516d23)
Start importing Assets/ThirdPart/Nature pack extended/naturePack_165.mtl using Guid(1fdf48655ff17c24abd05aa881d550a0) Importer(2089858483,0ecaa5967403d082aa24f35e1b516d23) Generated GUIDs only implemented for interfaces!
 -> (artifact id: '2f76dc6fa761d991970d8a7bc82b04a2') in 0.050347 seconds 
========================================================================
Received Import Request.
  Time since last request: 0.000035 seconds.
  path: Assets/ThirdPart/Nature pack extended/naturePack_154.obj
  artifactKey: Guid(c3116c6b7bb78d3449c961c366096de5) Importer(2089858483,0ecaa5967403d082aa24f35e1b516d23)
Start importing Assets/ThirdPart/Nature pack extended/naturePack_154.obj using Guid(c3116c6b7bb78d3449c961c366096de5) Importer(2089858483,0ecaa5967403d082aa24f35e1b516d23) Generated GUIDs only implemented for interfaces!
 -> (artifact id: '0ef197925cbf1e2e8256f8f1248570aa') in 1.708243 seconds 
========================================================================
Received Import Request.
  Time since last request: 0.000039 seconds.
  path: Assets/ThirdPart/Nature pack extended/naturePack_173.mtl
  artifactKey: Guid(4d6c3fd94dbf2344796f2c3ff1507685) Importer(2089858483,0ecaa5967403d082aa24f35e1b516d23)
Start importing Assets/ThirdPart/Nature pack extended/naturePack_173.mtl using Guid(4d6c3fd94dbf2344796f2c3ff1507685) Importer(2089858483,0ecaa5967403d082aa24f35e1b516d23) Generated GUIDs only implemented for interfaces!
 -> (artifact id: '73d450a896e02b9355440fb158254414') in 0.030824 seconds 
========================================================================
Received Import Request.
  Time since last request: 0.000044 seconds.
  path: Assets/ThirdPart/Nature pack extended/naturePack_169.obj
  artifactKey: Guid(1b9a7f29ee483124896fe9e2d19a50ba) Importer(2089858483,0ecaa5967403d082aa24f35e1b516d23)
Start importing Assets/ThirdPart/Nature pack extended/naturePack_169.obj using Guid(1b9a7f29ee483124896fe9e2d19a50ba) Importer(2089858483,0ecaa5967403d082aa24f35e1b516d23) Generated GUIDs only implemented for interfaces!
 -> (artifact id: 'd185e8fd6bf5276e549e27aa0544049d') in 0.161204 seconds 
========================================================================
Received Import Request.
  Time since last request: 0.000477 seconds.
  path: Assets/ThirdPart/Nature pack extended/naturePack_149.obj
  artifactKey: Guid(66be1c7d506eebb4db8d01bd875eecac) Importer(2089858483,0ecaa5967403d082aa24f35e1b516d23)
Start importing Assets/ThirdPart/Nature pack extended/naturePack_149.obj using Guid(66be1c7d506eebb4db8d01bd875eecac) Importer(2089858483,0ecaa5967403d082aa24f35e1b516d23) Generated GUIDs only implemented for interfaces!
 -> (artifact id: '40b9b4710aa6d3ae8c24164287c8ab82') in 0.117755 seconds 
========================================================================
Received Import Request.
  Time since last request: 0.000043 seconds.
  path: Assets/ThirdPart/Nature pack extended/naturePack_163.mtl
  artifactKey: Guid(99ee103656b5ef1458699d32c9cfad78) Importer(2089858483,0ecaa5967403d082aa24f35e1b516d23)
Start importing Assets/ThirdPart/Nature pack extended/naturePack_163.mtl using Guid(99ee103656b5ef1458699d32c9cfad78) Importer(2089858483,0ecaa5967403d082aa24f35e1b516d23) Generated GUIDs only implemented for interfaces!
 -> (artifact id: '49cb57baabe9991783cd2c2362d60517') in 0.108562 seconds 
========================================================================
Received Import Request.
  Time since last request: 0.000054 seconds.
  path: Assets/ThirdPart/Nature pack extended/naturePack_171.mtl
  artifactKey: Guid(172babc087eb5964facbcb849fa34a66) Importer(2089858483,0ecaa5967403d082aa24f35e1b516d23)
Start importing Assets/ThirdPart/Nature pack extended/naturePack_171.mtl using Guid(172babc087eb5964facbcb849fa34a66) Importer(2089858483,0ecaa5967403d082aa24f35e1b516d23) Generated GUIDs only implemented for interfaces!
 -> (artifact id: '715c8fb99f0b887d9cc7d1c722b2d5b0') in 0.022804 seconds 
========================================================================
Received Import Request.
  Time since last request: 0.000037 seconds.
  path: Assets/ThirdPart/Nature pack extended/naturePack_152.obj
  artifactKey: Guid(50d221c6c065e65429c2e7480e0f1030) Importer(2089858483,0ecaa5967403d082aa24f35e1b516d23)
Start importing Assets/ThirdPart/Nature pack extended/naturePack_152.obj using Guid(50d221c6c065e65429c2e7480e0f1030) Importer(2089858483,0ecaa5967403d082aa24f35e1b516d23) Generated GUIDs only implemented for interfaces!
 -> (artifact id: '4026f96d44122d4c51c3ea358abacf80') in 0.206708 seconds 
========================================================================
Received Import Request.
  Time since last request: 0.000047 seconds.
  path: Assets/ThirdPart/Nature pack extended/naturePack_160.obj
  artifactKey: Guid(7d668df7f9bb4bb40b87604dc5835474) Importer(2089858483,0ecaa5967403d082aa24f35e1b516d23)
Start importing Assets/ThirdPart/Nature pack extended/naturePack_160.obj using Guid(7d668df7f9bb4bb40b87604dc5835474) Importer(2089858483,0ecaa5967403d082aa24f35e1b516d23) Generated GUIDs only implemented for interfaces!
 -> (artifact id: '331083f4f7684f5dbddc9d4cddd152aa') in 0.375825 seconds 
========================================================================
Received Import Request.
  Time since last request: 0.000048 seconds.
  path: Assets/ThirdPart/Nature pack extended/naturePack_flat_003.mtl
  artifactKey: Guid(a6f06008ef2cb5f4e86879f314f491e8) Importer(2089858483,0ecaa5967403d082aa24f35e1b516d23)
Start importing Assets/ThirdPart/Nature pack extended/naturePack_flat_003.mtl using Guid(a6f06008ef2cb5f4e86879f314f491e8) Importer(2089858483,0ecaa5967403d082aa24f35e1b516d23) Generated GUIDs only implemented for interfaces!
 -> (artifact id: '1bcd0e913ece5b873d542da6e79c9584') in 0.128933 seconds 
========================================================================
Received Import Request.
  Time since last request: 0.000046 seconds.
  path: Assets/ThirdPart/Nature pack extended/naturePack_flat_004.obj
  artifactKey: Guid(9b9db1746adc10347906be9bd953f592) Importer(2089858483,0ecaa5967403d082aa24f35e1b516d23)
Start importing Assets/ThirdPart/Nature pack extended/naturePack_flat_004.obj using Guid(9b9db1746adc10347906be9bd953f592) Importer(2089858483,0ecaa5967403d082aa24f35e1b516d23) Generated GUIDs only implemented for interfaces!
 -> (artifact id: '568c43b037c2f28c3c17cac6ac9a9133') in 0.138117 seconds 
========================================================================
Received Import Request.
  Time since last request: 0.000039 seconds.
  path: Assets/ThirdPart/Nature pack extended/naturePack_flat_004.mtl
  artifactKey: Guid(ed700615ce71a01489e928e982101aed) Importer(2089858483,0ecaa5967403d082aa24f35e1b516d23)
Start importing Assets/ThirdPart/Nature pack extended/naturePack_flat_004.mtl using Guid(ed700615ce71a01489e928e982101aed) Importer(2089858483,0ecaa5967403d082aa24f35e1b516d23) Generated GUIDs only implemented for interfaces!
 -> (artifact id: '21b24aad6ee4c27b89bf9b4c3f12a7e9') in 0.031253 seconds 
========================================================================
Received Import Request.
  Time since last request: 0.000050 seconds.
  path: Assets/ThirdPart/Nature pack extended/naturePack_flat_005.mtl
  artifactKey: Guid(ced5993efa4e16346b142309223ea03f) Importer(2089858483,0ecaa5967403d082aa24f35e1b516d23)
Start importing Assets/ThirdPart/Nature pack extended/naturePack_flat_005.mtl using Guid(ced5993efa4e16346b142309223ea03f) Importer(2089858483,0ecaa5967403d082aa24f35e1b516d23) Generated GUIDs only implemented for interfaces!
 -> (artifact id: '8995ae918c35e627460cf0a11b73df63') in 0.028710 seconds 
========================================================================
Received Import Request.
  Time since last request: 0.000038 seconds.
  path: Assets/ThirdPart/Nature pack extended/naturePack_flat_005.obj
  artifactKey: Guid(8cbfa08be247abf409f09a70468aa6dc) Importer(2089858483,0ecaa5967403d082aa24f35e1b516d23)
Start importing Assets/ThirdPart/Nature pack extended/naturePack_flat_005.obj using Guid(8cbfa08be247abf409f09a70468aa6dc) Importer(2089858483,0ecaa5967403d082aa24f35e1b516d23) Generated GUIDs only implemented for interfaces!
 -> (artifact id: '003034d0db00e9638dcc1a7f68490bcd') in 0.160810 seconds 
========================================================================
Received Import Request.
  Time since last request: 0.000048 seconds.
  path: Assets/ThirdPart/Nature pack extended/naturePack_flat_006.mtl
  artifactKey: Guid(3952534729dc99248b75ceaf2bf1967c) Importer(2089858483,0ecaa5967403d082aa24f35e1b516d23)
Start importing Assets/ThirdPart/Nature pack extended/naturePack_flat_006.mtl using Guid(3952534729dc99248b75ceaf2bf1967c) Importer(2089858483,0ecaa5967403d082aa24f35e1b516d23) Generated GUIDs only implemented for interfaces!
 -> (artifact id: '273b1504e8ffe18e622f35d60ca38836') in 0.050624 seconds 
========================================================================
Received Import Request.
  Time since last request: 0.000044 seconds.
  path: Assets/ThirdPart/Nature pack extended/naturePack_164.obj
  artifactKey: Guid(83f4b7293e6baff46ae331c0172ca5bb) Importer(2089858483,0ecaa5967403d082aa24f35e1b516d23)
Start importing Assets/ThirdPart/Nature pack extended/naturePack_164.obj using Guid(83f4b7293e6baff46ae331c0172ca5bb) Importer(2089858483,0ecaa5967403d082aa24f35e1b516d23) Generated GUIDs only implemented for interfaces!
 -> (artifact id: '3148362a5a87b3b37e0d51da404f844e') in 0.463530 seconds 
========================================================================
Received Import Request.
  Time since last request: 0.000462 seconds.
  path: Assets/ThirdPart/Nature pack extended/naturePack_flat_001.obj
  artifactKey: Guid(3b65de07e7e0332469fd446e928febb1) Importer(2089858483,0ecaa5967403d082aa24f35e1b516d23)
Start importing Assets/ThirdPart/Nature pack extended/naturePack_flat_001.obj using Guid(3b65de07e7e0332469fd446e928febb1) Importer(2089858483,0ecaa5967403d082aa24f35e1b516d23) Generated GUIDs only implemented for interfaces!
 -> (artifact id: '31920a0573e857af1ab30547efcb1914') in 0.264652 seconds 
========================================================================
Received Import Request.
  Time since last request: 0.001728 seconds.
  path: Assets/ThirdPart/Nature pack extended/naturePack_172.mtl
  artifactKey: Guid(c58454dfeee9b1c458e8800c418c7710) Importer(2089858483,0ecaa5967403d082aa24f35e1b516d23)
Start importing Assets/ThirdPart/Nature pack extended/naturePack_172.mtl using Guid(c58454dfeee9b1c458e8800c418c7710) Importer(2089858483,0ecaa5967403d082aa24f35e1b516d23) Generated GUIDs only implemented for interfaces!
 -> (artifact id: '51850d66800a594eb647cd52240e5ecf') in 0.240968 seconds 
========================================================================
Received Import Request.
  Time since last request: 0.000749 seconds.
  path: Assets/ThirdPart/Nature pack extended/naturePack_154.mtl
  artifactKey: Guid(6719c86c1ca373c4aa3a5df0c7f63524) Importer(2089858483,0ecaa5967403d082aa24f35e1b516d23)
Start importing Assets/ThirdPart/Nature pack extended/naturePack_154.mtl using Guid(6719c86c1ca373c4aa3a5df0c7f63524) Importer(2089858483,0ecaa5967403d082aa24f35e1b516d23) Generated GUIDs only implemented for interfaces!
 -> (artifact id: 'd1d74a36d821a7a4e09a8f946e11bed3') in 0.059736 seconds 
========================================================================
Received Import Request.
  Time since last request: 0.000044 seconds.
  path: Assets/ThirdPart/Nature pack extended/naturePack_158.mtl
  artifactKey: Guid(bbeb94753142660429038fccfe11b73d) Importer(2089858483,0ecaa5967403d082aa24f35e1b516d23)
Start importing Assets/ThirdPart/Nature pack extended/naturePack_158.mtl using Guid(bbeb94753142660429038fccfe11b73d) Importer(2089858483,0ecaa5967403d082aa24f35e1b516d23) Generated GUIDs only implemented for interfaces!
 -> (artifact id: '8bb20a670d695bd504675500885bd141') in 0.070622 seconds 
========================================================================
Received Import Request.
  Time since last request: 0.000036 seconds.
  path: Assets/ThirdPart/Nature pack extended/naturePack_161.mtl
  artifactKey: Guid(2b28ca9b18ed12a4695ce757f7cbf05f) Importer(2089858483,0ecaa5967403d082aa24f35e1b516d23)
Start importing Assets/ThirdPart/Nature pack extended/naturePack_161.mtl using Guid(2b28ca9b18ed12a4695ce757f7cbf05f) Importer(2089858483,0ecaa5967403d082aa24f35e1b516d23) Generated GUIDs only implemented for interfaces!
 -> (artifact id: 'f26efdaeb01840fd4d8443e7ec8081a1') in 0.052841 seconds 
========================================================================
Received Import Request.
  Time since last request: 0.000051 seconds.
  path: Assets/FireEffect/OtherAssets/Graphics/cfxr aura rays hdr ab nosp.mat
  artifactKey: Guid(59b66e1956031654985c136e6927a7d8) Importer(2089858483,0ecaa5967403d082aa24f35e1b516d23)
Start importing Assets/FireEffect/OtherAssets/Graphics/cfxr aura rays hdr ab nosp.mat using Guid(59b66e1956031654985c136e6927a7d8) Importer(2089858483,0ecaa5967403d082aa24f35e1b516d23) Generated GUIDs only implemented for interfaces!
 -> (artifact id: '44d570a9cced23d6cbd424c9d0076567') in 0.150899 seconds 
========================================================================
Received Import Request.
  Time since last request: 0.000530 seconds.
  path: Assets/ThirdPart/Nature pack extended/naturePack_flat_013.mtl
  artifactKey: Guid(c233e8be76c162b4aaa35d6173a9563d) Importer(2089858483,0ecaa5967403d082aa24f35e1b516d23)
Start importing Assets/ThirdPart/Nature pack extended/naturePack_flat_013.mtl using Guid(c233e8be76c162b4aaa35d6173a9563d) Importer(2089858483,0ecaa5967403d082aa24f35e1b516d23) Generated GUIDs only implemented for interfaces!
 -> (artifact id: '99d93fcbfb5536b42726c4076bd7b520') in 0.070460 seconds 
========================================================================
Received Prepare
Registering precompiled user dll's ...
Registered in 0.009871 seconds.
Begin MonoManager ReloadAssembly
Symbol file LoadedFromMemory doesn't match image C:\Users\user\Documents\GitHub\3d-platformer3\Library\PackageCache\com.unity.visualscripting@1.7.8\Editor\VisualScripting.Core\Dependencies\YamlDotNet\Unity.VisualScripting.YamlDotNet.dll
Symbol file LoadedFromMemory doesn't match image C:\Users\user\Documents\GitHub\3d-platformer3\Library\PackageCache\com.unity.visualscripting@1.7.8\Editor\VisualScripting.Core\Dependencies\DotNetZip\Unity.VisualScripting.IonicZip.dll
Native extension for WindowsStandalone target not found
Refreshing native plugins compatible for Editor in 1.34 ms, found 3 plugins.
Preloading 0 native plugins for Editor in 0.00 ms.
Mono: successfully reloaded assembly
- Completed reload, in  1.922 seconds
Domain Reload Profiling:
	ReloadAssembly (1923ms)
		BeginReloadAssembly (320ms)
			ExecutionOrderSort (0ms)
			DisableScriptedObjects (14ms)
			BackupInstance (0ms)
			ReleaseScriptingObjects (0ms)
			CreateAndSetChildDomain (100ms)
		EndReloadAssembly (1434ms)
			LoadAssemblies (187ms)
			RebuildTransferFunctionScriptingTraits (1ms)
			SetupTypeCache (520ms)
			ReleaseScriptCaches (2ms)
			RebuildScriptCaches (92ms)
			SetupLoadedEditorAssemblies (589ms)
				LogAssemblyErrors (0ms)
				InitializePlatformSupportModulesInManaged (23ms)
				SetLoadedEditorAssemblies (1ms)
				RefreshPlugins (1ms)
				BeforeProcessingInitializeOnLoad (128ms)
				ProcessInitializeOnLoadAttributes (376ms)
				ProcessInitializeOnLoadMethodAttributes (51ms)
				AfterProcessingInitializeOnLoad (8ms)
				EditorAssembliesLoaded (0ms)
			ExecutionOrderSort2 (0ms)
			AwakeInstancesAfterBackupRestoration (10ms)
Platform modules already initialized, skipping
Refreshing native plugins compatible for Editor in 5.50 ms, found 3 plugins.
Preloading 0 native plugins for Editor in 0.00 ms.
Unloading 3385 Unused Serialized files (Serialized files now loaded: 0)
Unloading 20 unused Assets / (79.1 KB). Loaded Objects now: 3862.
Memory consumption went from 122.6 MB to 122.5 MB.
Total: 5.019400 ms (FindLiveObjects: 0.442800 ms CreateObjectMapping: 0.412600 ms MarkObjects: 4.019700 ms  DeleteObjects: 0.142100 ms)

AssetImportParameters requested are different than current active one (requested -> active):
  custom:video-decoder-ogg-theora: a1e56fd34408186e4bbccfd4996cb3dc -> 
  custom:container-muxer-webm: aa71ff27fc2769a1b78a27578f13a17b -> 
  custom:container-demuxer-webm: 4f35f7cbe854078d1ac9338744f61a02 -> 
  custom:video-encoder-webm-vp8: eb34c28f22e8b96e1ab97ce403110664 -> 
  custom:audio-encoder-webm-vorbis: bf7c407c2cedff20999df2af8eb42d56 -> 
  custom:framework-win-MediaFoundation: 216162199b28c13a410421893ffa2e32 -> 
  custom:SearchIndexIgnoredProperties: e643bd26f0fe6173181afceb89e7c659 -> 
  custom:container-demuxer-ogg: 62fdf1f143b41e24485cea50d1cbac27 -> 
  custom:video-decoder-webm-vp8: 9c59270c3fd7afecdb556c50c9e8de78 -> 
  custom:audio-decoder-ogg-vorbis: bf7c407c2cedff20999df2af8eb42d56 -> 
========================================================================
Received Prepare
Registering precompiled user dll's ...
Registered in 0.007997 seconds.
Begin MonoManager ReloadAssembly
Symbol file LoadedFromMemory doesn't match image C:\Users\user\Documents\GitHub\3d-platformer3\Library\PackageCache\com.unity.visualscripting@1.7.8\Editor\VisualScripting.Core\Dependencies\YamlDotNet\Unity.VisualScripting.YamlDotNet.dll
Symbol file LoadedFromMemory doesn't match image C:\Users\user\Documents\GitHub\3d-platformer3\Library\PackageCache\com.unity.visualscripting@1.7.8\Editor\VisualScripting.Core\Dependencies\DotNetZip\Unity.VisualScripting.IonicZip.dll
Native extension for WindowsStandalone target not found
Refreshing native plugins compatible for Editor in 1.15 ms, found 3 plugins.
Preloading 0 native plugins for Editor in 0.00 ms.
Mono: successfully reloaded assembly
- Completed reload, in  1.902 seconds
Domain Reload Profiling:
	ReloadAssembly (1903ms)
		BeginReloadAssembly (419ms)
			ExecutionOrderSort (0ms)
			DisableScriptedObjects (9ms)
			BackupInstance (0ms)
			ReleaseScriptingObjects (0ms)
			CreateAndSetChildDomain (121ms)
		EndReloadAssembly (1303ms)
			LoadAssemblies (270ms)
			RebuildTransferFunctionScriptingTraits (0ms)
			SetupTypeCache (454ms)
			ReleaseScriptCaches (1ms)
			RebuildScriptCaches (78ms)
			SetupLoadedEditorAssemblies (563ms)
				LogAssemblyErrors (0ms)
				InitializePlatformSupportModulesInManaged (22ms)
				SetLoadedEditorAssemblies (1ms)
				RefreshPlugins (1ms)
				BeforeProcessingInitializeOnLoad (111ms)
				ProcessInitializeOnLoadAttributes (369ms)
				ProcessInitializeOnLoadMethodAttributes (53ms)
				AfterProcessingInitializeOnLoad (7ms)
				EditorAssembliesLoaded (0ms)
			ExecutionOrderSort2 (0ms)
			AwakeInstancesAfterBackupRestoration (10ms)
Platform modules already initialized, skipping
Refreshing native plugins compatible for Editor in 2.84 ms, found 3 plugins.
Preloading 0 native plugins for Editor in 0.00 ms.
Unloading 3385 Unused Serialized files (Serialized files now loaded: 0)
Unloading 20 unused Assets / (79.1 KB). Loaded Objects now: 3865.
Memory consumption went from 122.6 MB to 122.5 MB.
Total: 4.159900 ms (FindLiveObjects: 0.321700 ms CreateObjectMapping: 0.309300 ms MarkObjects: 3.403100 ms  DeleteObjects: 0.124200 ms)

AssetImportParameters requested are different than current active one (requested -> active):
  custom:video-decoder-ogg-theora: a1e56fd34408186e4bbccfd4996cb3dc -> 
  custom:container-muxer-webm: aa71ff27fc2769a1b78a27578f13a17b -> 
  custom:container-demuxer-webm: 4f35f7cbe854078d1ac9338744f61a02 -> 
  custom:video-encoder-webm-vp8: eb34c28f22e8b96e1ab97ce403110664 -> 
  custom:audio-encoder-webm-vorbis: bf7c407c2cedff20999df2af8eb42d56 -> 
  custom:framework-win-MediaFoundation: 216162199b28c13a410421893ffa2e32 -> 
  custom:SearchIndexIgnoredProperties: e643bd26f0fe6173181afceb89e7c659 -> 
  custom:container-demuxer-ogg: 62fdf1f143b41e24485cea50d1cbac27 -> 
  custom:video-decoder-webm-vp8: 9c59270c3fd7afecdb556c50c9e8de78 -> 
  custom:audio-decoder-ogg-vorbis: bf7c407c2cedff20999df2af8eb42d56 -> 
========================================================================
Received Prepare
Registering precompiled user dll's ...
Registered in 0.014298 seconds.
Begin MonoManager ReloadAssembly
Symbol file LoadedFromMemory doesn't match image C:\Users\user\Documents\GitHub\3d-platformer3\Library\PackageCache\com.unity.visualscripting@1.7.8\Editor\VisualScripting.Core\Dependencies\YamlDotNet\Unity.VisualScripting.YamlDotNet.dll
Symbol file LoadedFromMemory doesn't match image C:\Users\user\Documents\GitHub\3d-platformer3\Library\PackageCache\com.unity.visualscripting@1.7.8\Editor\VisualScripting.Core\Dependencies\DotNetZip\Unity.VisualScripting.IonicZip.dll
Native extension for WindowsStandalone target not found
Refreshing native plugins compatible for Editor in 2.66 ms, found 3 plugins.
Preloading 0 native plugins for Editor in 0.00 ms.
Mono: successfully reloaded assembly
- Completed reload, in  3.855 seconds
Domain Reload Profiling:
	ReloadAssembly (3858ms)
		BeginReloadAssembly (293ms)
			ExecutionOrderSort (0ms)
			DisableScriptedObjects (13ms)
			BackupInstance (0ms)
			ReleaseScriptingObjects (0ms)
			CreateAndSetChildDomain (83ms)
		EndReloadAssembly (3288ms)
			LoadAssemblies (238ms)
			RebuildTransferFunctionScriptingTraits (0ms)
			SetupTypeCache (1048ms)
			ReleaseScriptCaches (3ms)
			RebuildScriptCaches (185ms)
			SetupLoadedEditorAssemblies (1461ms)
				LogAssemblyErrors (0ms)
				InitializePlatformSupportModulesInManaged (92ms)
				SetLoadedEditorAssemblies (3ms)
				RefreshPlugins (3ms)
				BeforeProcessingInitializeOnLoad (273ms)
				ProcessInitializeOnLoadAttributes (925ms)
				ProcessInitializeOnLoadMethodAttributes (142ms)
				AfterProcessingInitializeOnLoad (22ms)
				EditorAssembliesLoaded (1ms)
			ExecutionOrderSort2 (0ms)
			AwakeInstancesAfterBackupRestoration (33ms)
Platform modules already initialized, skipping
Refreshing native plugins compatible for Editor in 11.17 ms, found 3 plugins.
Preloading 0 native plugins for Editor in 0.00 ms.
Unloading 3385 Unused Serialized files (Serialized files now loaded: 0)
Unloading 20 unused Assets / (79.2 KB). Loaded Objects now: 3868.
Memory consumption went from 122.6 MB to 122.5 MB.
Total: 16.200200 ms (FindLiveObjects: 1.073800 ms CreateObjectMapping: 1.553300 ms MarkObjects: 12.696900 ms  DeleteObjects: 0.874200 ms)

AssetImportParameters requested are different than current active one (requested -> active):
  custom:video-decoder-ogg-theora: a1e56fd34408186e4bbccfd4996cb3dc -> 
  custom:container-muxer-webm: aa71ff27fc2769a1b78a27578f13a17b -> 
  custom:container-demuxer-webm: 4f35f7cbe854078d1ac9338744f61a02 -> 
  custom:video-encoder-webm-vp8: eb34c28f22e8b96e1ab97ce403110664 -> 
  custom:audio-encoder-webm-vorbis: bf7c407c2cedff20999df2af8eb42d56 -> 
  custom:framework-win-MediaFoundation: 216162199b28c13a410421893ffa2e32 -> 
  custom:SearchIndexIgnoredProperties: e643bd26f0fe6173181afceb89e7c659 -> 
  custom:container-demuxer-ogg: 62fdf1f143b41e24485cea50d1cbac27 -> 
  custom:video-decoder-webm-vp8: 9c59270c3fd7afecdb556c50c9e8de78 -> 
  custom:audio-decoder-ogg-vorbis: bf7c407c2cedff20999df2af8eb42d56 -> 
========================================================================
Received Import Request.
  Time since last request: 1563.964475 seconds.
  path: Assets/ThirdPart/Mini First Person Controller/Audio/Crouch/Crouch end 2.wav
  artifactKey: Guid(e6f44b6fce71be34dbbd6d12cb3d3b8c) Importer(815301076,1909f56bfc062723c751e8b465ee728b)
Start importing Assets/ThirdPart/Mini First Person Controller/Audio/Crouch/Crouch end 2.wav using Guid(e6f44b6fce71be34dbbd6d12cb3d3b8c) Importer(815301076,1909f56bfc062723c751e8b465ee728b)  -> (artifact id: 'bcc19ac32b52879fd665c3acc6fe6abd') in 0.557011 seconds 
========================================================================
Received Import Request.
  Time since last request: 0.000299 seconds.
  path: Assets/ThirdPart/Mini First Person Controller/Audio/Steps.wav
  artifactKey: Guid(f8c14f2814b4b124a894a65c32c44987) Importer(815301076,1909f56bfc062723c751e8b465ee728b)
Start importing Assets/ThirdPart/Mini First Person Controller/Audio/Steps.wav using Guid(f8c14f2814b4b124a894a65c32c44987) Importer(815301076,1909f56bfc062723c751e8b465ee728b)  -> (artifact id: 'ec9c5d75e45657b9b9e711a90a07e4a4') in 0.088231 seconds 
========================================================================
Received Import Request.
  Time since last request: 0.000050 seconds.
  path: Assets/ThirdPart/Mini First Person Controller/Audio/Landing/Landing 1.wav
  artifactKey: Guid(9fcb6dc763cd0354da305b5de2091287) Importer(815301076,1909f56bfc062723c751e8b465ee728b)
Start importing Assets/ThirdPart/Mini First Person Controller/Audio/Landing/Landing 1.wav using Guid(9fcb6dc763cd0354da305b5de2091287) Importer(815301076,1909f56bfc062723c751e8b465ee728b)  -> (artifact id: '492fad60354e60aa7eca7db7c4403f6e') in 0.056616 seconds 
========================================================================
Received Import Request.
  Time since last request: 0.000040 seconds.
  path: Assets/ThirdPart/Mini First Person Controller/Audio/Crouch/Crouch start 2.wav
  artifactKey: Guid(8a49e3e94b1e34e47bc5f47c5233c5a5) Importer(815301076,1909f56bfc062723c751e8b465ee728b)
Start importing Assets/ThirdPart/Mini First Person Controller/Audio/Crouch/Crouch start 2.wav using Guid(8a49e3e94b1e34e47bc5f47c5233c5a5) Importer(815301076,1909f56bfc062723c751e8b465ee728b)  -> (artifact id: 'eafa2598c22e8c081dfdda236f2169aa') in 0.227471 seconds 
========================================================================
Received Import Request.
  Time since last request: 0.000034 seconds.
  path: Assets/ThirdPart/Mini First Person Controller/Audio/Jump/Jump 3.wav
  artifactKey: Guid(b16dc74b7376aca46bd0c6be96c940fa) Importer(815301076,1909f56bfc062723c751e8b465ee728b)
Start importing Assets/ThirdPart/Mini First Person Controller/Audio/Jump/Jump 3.wav using Guid(b16dc74b7376aca46bd0c6be96c940fa) Importer(815301076,1909f56bfc062723c751e8b465ee728b)  -> (artifact id: 'e49106e169eab8465686efb09cd40cf3') in 0.188878 seconds 
========================================================================
Received Import Request.
  Time since last request: 0.000048 seconds.
  path: Assets/ThirdPart/Mini First Person Controller/Audio/Landing/Landing 3.wav
  artifactKey: Guid(50b288ce0d5ac1e439827c5365c74c31) Importer(815301076,1909f56bfc062723c751e8b465ee728b)
Start importing Assets/ThirdPart/Mini First Person Controller/Audio/Landing/Landing 3.wav using Guid(50b288ce0d5ac1e439827c5365c74c31) Importer(815301076,1909f56bfc062723c751e8b465ee728b)  -> (artifact id: '564f1f35b05f2057660be22a508d3ccf') in 0.066274 seconds 
========================================================================
Received Prepare
Registering precompiled user dll's ...
Registered in 0.009747 seconds.
Begin MonoManager ReloadAssembly
Symbol file LoadedFromMemory doesn't match image C:\Users\user\Documents\GitHub\3d-platformer3\Library\PackageCache\com.unity.visualscripting@1.7.8\Editor\VisualScripting.Core\Dependencies\YamlDotNet\Unity.VisualScripting.YamlDotNet.dll
Symbol file LoadedFromMemory doesn't match image C:\Users\user\Documents\GitHub\3d-platformer3\Library\PackageCache\com.unity.visualscripting@1.7.8\Editor\VisualScripting.Core\Dependencies\DotNetZip\Unity.VisualScripting.IonicZip.dll
Native extension for WindowsStandalone target not found
Refreshing native plugins compatible for Editor in 3.59 ms, found 3 plugins.
Preloading 0 native plugins for Editor in 0.00 ms.
Mono: successfully reloaded assembly
- Completed reload, in  3.714 seconds
Domain Reload Profiling:
	ReloadAssembly (3718ms)
		BeginReloadAssembly (305ms)
			ExecutionOrderSort (0ms)
			DisableScriptedObjects (12ms)
			BackupInstance (0ms)
			ReleaseScriptingObjects (0ms)
			CreateAndSetChildDomain (91ms)
		EndReloadAssembly (3167ms)
			LoadAssemblies (213ms)
			RebuildTransferFunctionScriptingTraits (0ms)
			SetupTypeCache (1031ms)
			ReleaseScriptCaches (3ms)
			RebuildScriptCaches (166ms)
			SetupLoadedEditorAssemblies (1485ms)
				LogAssemblyErrors (0ms)
				InitializePlatformSupportModulesInManaged (83ms)
				SetLoadedEditorAssemblies (1ms)
				RefreshPlugins (4ms)
				BeforeProcessingInitializeOnLoad (272ms)
				ProcessInitializeOnLoadAttributes (968ms)
				ProcessInitializeOnLoadMethodAttributes (136ms)
				AfterProcessingInitializeOnLoad (20ms)
				EditorAssembliesLoaded (0ms)
			ExecutionOrderSort2 (0ms)
			AwakeInstancesAfterBackupRestoration (25ms)
Platform modules already initialized, skipping
Refreshing native plugins compatible for Editor in 7.46 ms, found 3 plugins.
Preloading 0 native plugins for Editor in 0.00 ms.
Unloading 3385 Unused Serialized files (Serialized files now loaded: 0)
Unloading 20 unused Assets / (79.2 KB). Loaded Objects now: 3879.
Memory consumption went from 127.0 MB to 126.9 MB.
Total: 9.513300 ms (FindLiveObjects: 1.031600 ms CreateObjectMapping: 0.524100 ms MarkObjects: 7.655800 ms  DeleteObjects: 0.299600 ms)

AssetImportParameters requested are different than current active one (requested -> active):
  custom:video-decoder-ogg-theora: a1e56fd34408186e4bbccfd4996cb3dc -> 
  custom:container-muxer-webm: aa71ff27fc2769a1b78a27578f13a17b -> 
  custom:container-demuxer-webm: 4f35f7cbe854078d1ac9338744f61a02 -> 
  custom:video-encoder-webm-vp8: eb34c28f22e8b96e1ab97ce403110664 -> 
  custom:audio-encoder-webm-vorbis: bf7c407c2cedff20999df2af8eb42d56 -> 
  custom:framework-win-MediaFoundation: 216162199b28c13a410421893ffa2e32 -> 
  custom:SearchIndexIgnoredProperties: e643bd26f0fe6173181afceb89e7c659 -> 
  custom:container-demuxer-ogg: 62fdf1f143b41e24485cea50d1cbac27 -> 
  custom:video-decoder-webm-vp8: 9c59270c3fd7afecdb556c50c9e8de78 -> 
  custom:audio-decoder-ogg-vorbis: bf7c407c2cedff20999df2af8eb42d56 -> 
========================================================================
Received Prepare
Registering precompiled user dll's ...
Registered in 0.016504 seconds.
Begin MonoManager ReloadAssembly
Symbol file LoadedFromMemory doesn't match image C:\Users\user\Documents\GitHub\3d-platformer3\Library\PackageCache\com.unity.visualscripting@1.7.8\Editor\VisualScripting.Core\Dependencies\YamlDotNet\Unity.VisualScripting.YamlDotNet.dll
Symbol file LoadedFromMemory doesn't match image C:\Users\user\Documents\GitHub\3d-platformer3\Library\PackageCache\com.unity.visualscripting@1.7.8\Editor\VisualScripting.Core\Dependencies\DotNetZip\Unity.VisualScripting.IonicZip.dll
Native extension for WindowsStandalone target not found
Refreshing native plugins compatible for Editor in 1.85 ms, found 3 plugins.
Preloading 0 native plugins for Editor in 0.00 ms.
Mono: successfully reloaded assembly
- Completed reload, in  3.976 seconds
Domain Reload Profiling:
	ReloadAssembly (3978ms)
		BeginReloadAssembly (472ms)
			ExecutionOrderSort (0ms)
			DisableScriptedObjects (19ms)
			BackupInstance (0ms)
			ReleaseScriptingObjects (0ms)
			CreateAndSetChildDomain (88ms)
		EndReloadAssembly (2969ms)
			LoadAssemblies (296ms)
			RebuildTransferFunctionScriptingTraits (0ms)
			SetupTypeCache (581ms)
			ReleaseScriptCaches (2ms)
			RebuildScriptCaches (269ms)
			SetupLoadedEditorAssemblies (1632ms)
				LogAssemblyErrors (0ms)
				InitializePlatformSupportModulesInManaged (34ms)
				SetLoadedEditorAssemblies (2ms)
				RefreshPlugins (2ms)
				BeforeProcessingInitializeOnLoad (363ms)
				ProcessInitializeOnLoadAttributes (1171ms)
				ProcessInitializeOnLoadMethodAttributes (52ms)
				AfterProcessingInitializeOnLoad (8ms)
				EditorAssembliesLoaded (0ms)
			ExecutionOrderSort2 (0ms)
			AwakeInstancesAfterBackupRestoration (13ms)
Platform modules already initialized, skipping
Refreshing native plugins compatible for Editor in 5.26 ms, found 3 plugins.
Preloading 0 native plugins for Editor in 0.00 ms.
Unloading 3386 Unused Serialized files (Serialized files now loaded: 0)
Unloading 20 unused Assets / (79.3 KB). Loaded Objects now: 3883.
Memory consumption went from 127.0 MB to 126.9 MB.
Total: 8.275400 ms (FindLiveObjects: 0.561900 ms CreateObjectMapping: 0.449800 ms MarkObjects: 7.091300 ms  DeleteObjects: 0.170800 ms)

AssetImportParameters requested are different than current active one (requested -> active):
  custom:video-decoder-ogg-theora: a1e56fd34408186e4bbccfd4996cb3dc -> 
  custom:container-muxer-webm: aa71ff27fc2769a1b78a27578f13a17b -> 
  custom:container-demuxer-webm: 4f35f7cbe854078d1ac9338744f61a02 -> 
  custom:video-encoder-webm-vp8: eb34c28f22e8b96e1ab97ce403110664 -> 
  custom:audio-encoder-webm-vorbis: bf7c407c2cedff20999df2af8eb42d56 -> 
  custom:framework-win-MediaFoundation: 216162199b28c13a410421893ffa2e32 -> 
  custom:SearchIndexIgnoredProperties: e643bd26f0fe6173181afceb89e7c659 -> 
  custom:container-demuxer-ogg: 62fdf1f143b41e24485cea50d1cbac27 -> 
  custom:video-decoder-webm-vp8: 9c59270c3fd7afecdb556c50c9e8de78 -> 
  custom:audio-decoder-ogg-vorbis: bf7c407c2cedff20999df2af8eb42d56 -> 
========================================================================
Received Prepare
Registering precompiled user dll's ...
Registered in 0.008028 seconds.
Begin MonoManager ReloadAssembly
Symbol file LoadedFromMemory doesn't match image C:\Users\user\Documents\GitHub\3d-platformer3\Library\PackageCache\com.unity.visualscripting@1.7.8\Editor\VisualScripting.Core\Dependencies\YamlDotNet\Unity.VisualScripting.YamlDotNet.dll
Symbol file LoadedFromMemory doesn't match image C:\Users\user\Documents\GitHub\3d-platformer3\Library\PackageCache\com.unity.visualscripting@1.7.8\Editor\VisualScripting.Core\Dependencies\DotNetZip\Unity.VisualScripting.IonicZip.dll
Native extension for WindowsStandalone target not found
Refreshing native plugins compatible for Editor in 1.13 ms, found 3 plugins.
Preloading 0 native plugins for Editor in 0.00 ms.
Mono: successfully reloaded assembly
- Completed reload, in  1.856 seconds
Domain Reload Profiling:
	ReloadAssembly (1857ms)
		BeginReloadAssembly (282ms)
			ExecutionOrderSort (0ms)
			DisableScriptedObjects (15ms)
			BackupInstance (0ms)
			ReleaseScriptingObjects (0ms)
			CreateAndSetChildDomain (81ms)
		EndReloadAssembly (1400ms)
			LoadAssemblies (190ms)
			RebuildTransferFunctionScriptingTraits (0ms)
			SetupTypeCache (474ms)
			ReleaseScriptCaches (2ms)
			RebuildScriptCaches (80ms)
			SetupLoadedEditorAssemblies (592ms)
				LogAssemblyErrors (0ms)
				InitializePlatformSupportModulesInManaged (22ms)
				SetLoadedEditorAssemblies (1ms)
				RefreshPlugins (1ms)
				BeforeProcessingInitializeOnLoad (136ms)
				ProcessInitializeOnLoadAttributes (371ms)
				ProcessInitializeOnLoadMethodAttributes (51ms)
				AfterProcessingInitializeOnLoad (9ms)
				EditorAssembliesLoaded (0ms)
			ExecutionOrderSort2 (0ms)
			AwakeInstancesAfterBackupRestoration (10ms)
Platform modules already initialized, skipping
Refreshing native plugins compatible for Editor in 4.81 ms, found 3 plugins.
Preloading 0 native plugins for Editor in 0.00 ms.
Unloading 3386 Unused Serialized files (Serialized files now loaded: 0)
Unloading 20 unused Assets / (79.3 KB). Loaded Objects now: 3886.
Memory consumption went from 127.0 MB to 126.9 MB.
Total: 6.895600 ms (FindLiveObjects: 0.343800 ms CreateObjectMapping: 0.269300 ms MarkObjects: 6.143100 ms  DeleteObjects: 0.137700 ms)

AssetImportParameters requested are different than current active one (requested -> active):
  custom:video-decoder-ogg-theora: a1e56fd34408186e4bbccfd4996cb3dc -> 
  custom:container-muxer-webm: aa71ff27fc2769a1b78a27578f13a17b -> 
  custom:container-demuxer-webm: 4f35f7cbe854078d1ac9338744f61a02 -> 
  custom:video-encoder-webm-vp8: eb34c28f22e8b96e1ab97ce403110664 -> 
  custom:audio-encoder-webm-vorbis: bf7c407c2cedff20999df2af8eb42d56 -> 
  custom:framework-win-MediaFoundation: 216162199b28c13a410421893ffa2e32 -> 
  custom:SearchIndexIgnoredProperties: e643bd26f0fe6173181afceb89e7c659 -> 
  custom:container-demuxer-ogg: 62fdf1f143b41e24485cea50d1cbac27 -> 
  custom:video-decoder-webm-vp8: 9c59270c3fd7afecdb556c50c9e8de78 -> 
  custom:audio-decoder-ogg-vorbis: bf7c407c2cedff20999df2af8eb42d56 -> 
========================================================================
Received Prepare
Registering precompiled user dll's ...
Registered in 0.010133 seconds.
Begin MonoManager ReloadAssembly
Symbol file LoadedFromMemory doesn't match image C:\Users\user\Documents\GitHub\3d-platformer3\Library\PackageCache\com.unity.visualscripting@1.7.8\Editor\VisualScripting.Core\Dependencies\YamlDotNet\Unity.VisualScripting.YamlDotNet.dll
Symbol file LoadedFromMemory doesn't match image C:\Users\user\Documents\GitHub\3d-platformer3\Library\PackageCache\com.unity.visualscripting@1.7.8\Editor\VisualScripting.Core\Dependencies\DotNetZip\Unity.VisualScripting.IonicZip.dll
Native extension for WindowsStandalone target not found
Refreshing native plugins compatible for Editor in 2.81 ms, found 3 plugins.
Preloading 0 native plugins for Editor in 0.00 ms.
Mono: successfully reloaded assembly
- Completed reload, in  3.477 seconds
Domain Reload Profiling:
	ReloadAssembly (3478ms)
		BeginReloadAssembly (342ms)
			ExecutionOrderSort (0ms)
			DisableScriptedObjects (14ms)
			BackupInstance (0ms)
			ReleaseScriptingObjects (0ms)
			CreateAndSetChildDomain (85ms)
		EndReloadAssembly (2900ms)
			LoadAssemblies (218ms)
			RebuildTransferFunctionScriptingTraits (0ms)
			SetupTypeCache (852ms)
			ReleaseScriptCaches (4ms)
			RebuildScriptCaches (200ms)
			SetupLoadedEditorAssemblies (1406ms)
				LogAssemblyErrors (0ms)
				InitializePlatformSupportModulesInManaged (57ms)
				SetLoadedEditorAssemblies (2ms)
				RefreshPlugins (3ms)
				BeforeProcessingInitializeOnLoad (234ms)
				ProcessInitializeOnLoadAttributes (957ms)
				ProcessInitializeOnLoadMethodAttributes (143ms)
				AfterProcessingInitializeOnLoad (9ms)
				EditorAssembliesLoaded (0ms)
			ExecutionOrderSort2 (0ms)
			AwakeInstancesAfterBackupRestoration (21ms)
Platform modules already initialized, skipping
Refreshing native plugins compatible for Editor in 5.41 ms, found 3 plugins.
Preloading 0 native plugins for Editor in 0.00 ms.
Unloading 3386 Unused Serialized files (Serialized files now loaded: 0)
Unloading 20 unused Assets / (79.1 KB). Loaded Objects now: 3889.
Memory consumption went from 127.0 MB to 126.9 MB.
Total: 10.007700 ms (FindLiveObjects: 0.919800 ms CreateObjectMapping: 0.453500 ms MarkObjects: 8.372100 ms  DeleteObjects: 0.260500 ms)

AssetImportParameters requested are different than current active one (requested -> active):
  custom:video-decoder-ogg-theora: a1e56fd34408186e4bbccfd4996cb3dc -> 
  custom:container-muxer-webm: aa71ff27fc2769a1b78a27578f13a17b -> 
  custom:container-demuxer-webm: 4f35f7cbe854078d1ac9338744f61a02 -> 
  custom:video-encoder-webm-vp8: eb34c28f22e8b96e1ab97ce403110664 -> 
  custom:audio-encoder-webm-vorbis: bf7c407c2cedff20999df2af8eb42d56 -> 
  custom:framework-win-MediaFoundation: 216162199b28c13a410421893ffa2e32 -> 
  custom:SearchIndexIgnoredProperties: e643bd26f0fe6173181afceb89e7c659 -> 
  custom:container-demuxer-ogg: 62fdf1f143b41e24485cea50d1cbac27 -> 
  custom:video-decoder-webm-vp8: 9c59270c3fd7afecdb556c50c9e8de78 -> 
  custom:audio-decoder-ogg-vorbis: bf7c407c2cedff20999df2af8eb42d56 -> 
========================================================================
Received Import Request.
  Time since last request: 2135.696519 seconds.
  path: Assets/Art/Materials/Spikes.mat
  artifactKey: Guid(6184e72cc1323ca438860ff0d385e8f7) Importer(815301076,1909f56bfc062723c751e8b465ee728b)
Start importing Assets/Art/Materials/Spikes.mat using Guid(6184e72cc1323ca438860ff0d385e8f7) Importer(815301076,1909f56bfc062723c751e8b465ee728b)  -> (artifact id: '7ff6db3ac2ae2f10a73d37d883e0d6fe') in 0.224440 seconds 
========================================================================
Received Prepare
Registering precompiled user dll's ...
Registered in 0.008638 seconds.
Begin MonoManager ReloadAssembly
Symbol file LoadedFromMemory doesn't match image C:\Users\user\Documents\GitHub\3d-platformer3\Library\PackageCache\com.unity.visualscripting@1.7.8\Editor\VisualScripting.Core\Dependencies\YamlDotNet\Unity.VisualScripting.YamlDotNet.dll
Symbol file LoadedFromMemory doesn't match image C:\Users\user\Documents\GitHub\3d-platformer3\Library\PackageCache\com.unity.visualscripting@1.7.8\Editor\VisualScripting.Core\Dependencies\DotNetZip\Unity.VisualScripting.IonicZip.dll
Native extension for WindowsStandalone target not found
Refreshing native plugins compatible for Editor in 2.88 ms, found 3 plugins.
Preloading 0 native plugins for Editor in 0.00 ms.
Mono: successfully reloaded assembly
- Completed reload, in  3.066 seconds
Domain Reload Profiling:
	ReloadAssembly (3068ms)
		BeginReloadAssembly (282ms)
			ExecutionOrderSort (0ms)
			DisableScriptedObjects (9ms)
			BackupInstance (0ms)
			ReleaseScriptingObjects (0ms)
			CreateAndSetChildDomain (80ms)
		EndReloadAssembly (2549ms)
			LoadAssemblies (191ms)
			RebuildTransferFunctionScriptingTraits (0ms)
			SetupTypeCache (691ms)
			ReleaseScriptCaches (2ms)
			RebuildScriptCaches (110ms)
			SetupLoadedEditorAssemblies (1311ms)
				LogAssemblyErrors (0ms)
				InitializePlatformSupportModulesInManaged (52ms)
				SetLoadedEditorAssemblies (2ms)
				RefreshPlugins (3ms)
				BeforeProcessingInitializeOnLoad (260ms)
				ProcessInitializeOnLoadAttributes (848ms)
				ProcessInitializeOnLoadMethodAttributes (128ms)
				AfterProcessingInitializeOnLoad (17ms)
				EditorAssembliesLoaded (0ms)
			ExecutionOrderSort2 (0ms)
			AwakeInstancesAfterBackupRestoration (29ms)
Platform modules already initialized, skipping
Refreshing native plugins compatible for Editor in 15.54 ms, found 3 plugins.
Preloading 0 native plugins for Editor in 0.00 ms.
Unloading 3386 Unused Serialized files (Serialized files now loaded: 0)
Unloading 20 unused Assets / (79.0 KB). Loaded Objects now: 3925.
Memory consumption went from 127.2 MB to 127.2 MB.
Total: 17.273100 ms (FindLiveObjects: 0.728100 ms CreateObjectMapping: 0.612200 ms MarkObjects: 15.614000 ms  DeleteObjects: 0.316500 ms)

AssetImportParameters requested are different than current active one (requested -> active):
  custom:video-decoder-ogg-theora: a1e56fd34408186e4bbccfd4996cb3dc -> 
  custom:container-muxer-webm: aa71ff27fc2769a1b78a27578f13a17b -> 
  custom:container-demuxer-webm: 4f35f7cbe854078d1ac9338744f61a02 -> 
  custom:video-encoder-webm-vp8: eb34c28f22e8b96e1ab97ce403110664 -> 
  custom:audio-encoder-webm-vorbis: bf7c407c2cedff20999df2af8eb42d56 -> 
  custom:framework-win-MediaFoundation: 216162199b28c13a410421893ffa2e32 -> 
  custom:SearchIndexIgnoredProperties: e643bd26f0fe6173181afceb89e7c659 -> 
  custom:container-demuxer-ogg: 62fdf1f143b41e24485cea50d1cbac27 -> 
  custom:video-decoder-webm-vp8: 9c59270c3fd7afecdb556c50c9e8de78 -> 
  custom:audio-decoder-ogg-vorbis: bf7c407c2cedff20999df2af8eb42d56 -> 
========================================================================
Received Prepare
Registering precompiled user dll's ...
Registered in 0.006625 seconds.
Begin MonoManager ReloadAssembly
Symbol file LoadedFromMemory doesn't match image C:\Users\user\Documents\GitHub\3d-platformer3\Library\PackageCache\com.unity.visualscripting@1.7.8\Editor\VisualScripting.Core\Dependencies\YamlDotNet\Unity.VisualScripting.YamlDotNet.dll
Symbol file LoadedFromMemory doesn't match image C:\Users\user\Documents\GitHub\3d-platformer3\Library\PackageCache\com.unity.visualscripting@1.7.8\Editor\VisualScripting.Core\Dependencies\DotNetZip\Unity.VisualScripting.IonicZip.dll
Native extension for WindowsStandalone target not found
Refreshing native plugins compatible for Editor in 3.90 ms, found 3 plugins.
Preloading 0 native plugins for Editor in 0.00 ms.
Mono: successfully reloaded assembly
- Completed reload, in  3.091 seconds
Domain Reload Profiling:
	ReloadAssembly (3094ms)
		BeginReloadAssembly (284ms)
			ExecutionOrderSort (0ms)
			DisableScriptedObjects (16ms)
			BackupInstance (0ms)
			ReleaseScriptingObjects (0ms)
			CreateAndSetChildDomain (73ms)
		EndReloadAssembly (2569ms)
			LoadAssemblies (211ms)
			RebuildTransferFunctionScriptingTraits (0ms)
			SetupTypeCache (661ms)
			ReleaseScriptCaches (2ms)
			RebuildScriptCaches (105ms)
			SetupLoadedEditorAssemblies (1374ms)
				LogAssemblyErrors (0ms)
				InitializePlatformSupportModulesInManaged (57ms)
				SetLoadedEditorAssemblies (2ms)
				RefreshPlugins (4ms)
				BeforeProcessingInitializeOnLoad (295ms)
				ProcessInitializeOnLoadAttributes (872ms)
				ProcessInitializeOnLoadMethodAttributes (124ms)
				AfterProcessingInitializeOnLoad (19ms)
				EditorAssembliesLoaded (1ms)
			ExecutionOrderSort2 (0ms)
			AwakeInstancesAfterBackupRestoration (28ms)
Platform modules already initialized, skipping
Refreshing native plugins compatible for Editor in 11.70 ms, found 3 plugins.
Preloading 0 native plugins for Editor in 0.00 ms.
Unloading 3386 Unused Serialized files (Serialized files now loaded: 0)
Unloading 20 unused Assets / (79.3 KB). Loaded Objects now: 3928.
Memory consumption went from 127.3 MB to 127.2 MB.
Total: 9.194900 ms (FindLiveObjects: 0.503700 ms CreateObjectMapping: 0.543800 ms MarkObjects: 7.986800 ms  DeleteObjects: 0.158500 ms)

AssetImportParameters requested are different than current active one (requested -> active):
  custom:video-decoder-ogg-theora: a1e56fd34408186e4bbccfd4996cb3dc -> 
  custom:container-muxer-webm: aa71ff27fc2769a1b78a27578f13a17b -> 
  custom:container-demuxer-webm: 4f35f7cbe854078d1ac9338744f61a02 -> 
  custom:video-encoder-webm-vp8: eb34c28f22e8b96e1ab97ce403110664 -> 
  custom:audio-encoder-webm-vorbis: bf7c407c2cedff20999df2af8eb42d56 -> 
  custom:framework-win-MediaFoundation: 216162199b28c13a410421893ffa2e32 -> 
  custom:SearchIndexIgnoredProperties: e643bd26f0fe6173181afceb89e7c659 -> 
  custom:container-demuxer-ogg: 62fdf1f143b41e24485cea50d1cbac27 -> 
  custom:video-decoder-webm-vp8: 9c59270c3fd7afecdb556c50c9e8de78 -> 
  custom:audio-decoder-ogg-vorbis: bf7c407c2cedff20999df2af8eb42d56 -> 
========================================================================
Received Prepare
Registering precompiled user dll's ...
Registered in 0.008725 seconds.
Begin MonoManager ReloadAssembly
Symbol file LoadedFromMemory doesn't match image C:\Users\user\Documents\GitHub\3d-platformer3\Library\PackageCache\com.unity.visualscripting@1.7.8\Editor\VisualScripting.Core\Dependencies\YamlDotNet\Unity.VisualScripting.YamlDotNet.dll
Symbol file LoadedFromMemory doesn't match image C:\Users\user\Documents\GitHub\3d-platformer3\Library\PackageCache\com.unity.visualscripting@1.7.8\Editor\VisualScripting.Core\Dependencies\DotNetZip\Unity.VisualScripting.IonicZip.dll
Native extension for WindowsStandalone target not found
Refreshing native plugins compatible for Editor in 3.25 ms, found 3 plugins.
Preloading 0 native plugins for Editor in 0.00 ms.
Mono: successfully reloaded assembly
- Completed reload, in  3.123 seconds
Domain Reload Profiling:
	ReloadAssembly (3125ms)
		BeginReloadAssembly (272ms)
			ExecutionOrderSort (0ms)
			DisableScriptedObjects (11ms)
			BackupInstance (0ms)
			ReleaseScriptingObjects (0ms)
			CreateAndSetChildDomain (67ms)
		EndReloadAssembly (2598ms)
			LoadAssemblies (194ms)
			RebuildTransferFunctionScriptingTraits (0ms)
			SetupTypeCache (775ms)
			ReleaseScriptCaches (3ms)
			RebuildScriptCaches (149ms)
			SetupLoadedEditorAssemblies (1263ms)
				LogAssemblyErrors (0ms)
				InitializePlatformSupportModulesInManaged (45ms)
				SetLoadedEditorAssemblies (1ms)
				RefreshPlugins (4ms)
				BeforeProcessingInitializeOnLoad (257ms)
				ProcessInitializeOnLoadAttributes (822ms)
				ProcessInitializeOnLoadMethodAttributes (112ms)
				AfterProcessingInitializeOnLoad (20ms)
				EditorAssembliesLoaded (1ms)
			ExecutionOrderSort2 (0ms)
			AwakeInstancesAfterBackupRestoration (19ms)
Platform modules already initialized, skipping
Refreshing native plugins compatible for Editor in 5.52 ms, found 3 plugins.
Preloading 0 native plugins for Editor in 0.00 ms.
Unloading 3386 Unused Serialized files (Serialized files now loaded: 0)
Unloading 20 unused Assets / (79.2 KB). Loaded Objects now: 3931.
Memory consumption went from 127.3 MB to 127.2 MB.
Total: 8.058500 ms (FindLiveObjects: 0.341200 ms CreateObjectMapping: 1.132700 ms MarkObjects: 6.240400 ms  DeleteObjects: 0.342200 ms)

AssetImportParameters requested are different than current active one (requested -> active):
  custom:video-decoder-ogg-theora: a1e56fd34408186e4bbccfd4996cb3dc -> 
  custom:container-muxer-webm: aa71ff27fc2769a1b78a27578f13a17b -> 
  custom:container-demuxer-webm: 4f35f7cbe854078d1ac9338744f61a02 -> 
  custom:video-encoder-webm-vp8: eb34c28f22e8b96e1ab97ce403110664 -> 
  custom:audio-encoder-webm-vorbis: bf7c407c2cedff20999df2af8eb42d56 -> 
  custom:framework-win-MediaFoundation: 216162199b28c13a410421893ffa2e32 -> 
  custom:SearchIndexIgnoredProperties: e643bd26f0fe6173181afceb89e7c659 -> 
  custom:container-demuxer-ogg: 62fdf1f143b41e24485cea50d1cbac27 -> 
  custom:video-decoder-webm-vp8: 9c59270c3fd7afecdb556c50c9e8de78 -> 
  custom:audio-decoder-ogg-vorbis: bf7c407c2cedff20999df2af8eb42d56 -> 
========================================================================
Received Prepare
Registering precompiled user dll's ...
Registered in 0.013437 seconds.
Begin MonoManager ReloadAssembly
Symbol file LoadedFromMemory doesn't match image C:\Users\user\Documents\GitHub\3d-platformer3\Library\PackageCache\com.unity.visualscripting@1.7.8\Editor\VisualScripting.Core\Dependencies\YamlDotNet\Unity.VisualScripting.YamlDotNet.dll
Symbol file LoadedFromMemory doesn't match image C:\Users\user\Documents\GitHub\3d-platformer3\Library\PackageCache\com.unity.visualscripting@1.7.8\Editor\VisualScripting.Core\Dependencies\DotNetZip\Unity.VisualScripting.IonicZip.dll
Native extension for WindowsStandalone target not found
Refreshing native plugins compatible for Editor in 2.51 ms, found 3 plugins.
Preloading 0 native plugins for Editor in 0.00 ms.
Mono: successfully reloaded assembly
- Completed reload, in  3.215 seconds
Domain Reload Profiling:
	ReloadAssembly (3217ms)
		BeginReloadAssembly (311ms)
			ExecutionOrderSort (0ms)
			DisableScriptedObjects (16ms)
			BackupInstance (0ms)
			ReleaseScriptingObjects (0ms)
			CreateAndSetChildDomain (93ms)
		EndReloadAssembly (2669ms)
			LoadAssemblies (202ms)
			RebuildTransferFunctionScriptingTraits (0ms)
			SetupTypeCache (767ms)
			ReleaseScriptCaches (3ms)
			RebuildScriptCaches (172ms)
			SetupLoadedEditorAssemblies (1296ms)
				LogAssemblyErrors (0ms)
				InitializePlatformSupportModulesInManaged (42ms)
				SetLoadedEditorAssemblies (2ms)
				RefreshPlugins (3ms)
				BeforeProcessingInitializeOnLoad (259ms)
				ProcessInitializeOnLoadAttributes (861ms)
				ProcessInitializeOnLoadMethodAttributes (108ms)
				AfterProcessingInitializeOnLoad (19ms)
				EditorAssembliesLoaded (1ms)
			ExecutionOrderSort2 (0ms)
			AwakeInstancesAfterBackupRestoration (27ms)
Platform modules already initialized, skipping
Refreshing native plugins compatible for Editor in 5.02 ms, found 3 plugins.
Preloading 0 native plugins for Editor in 0.00 ms.
Unloading 3386 Unused Serialized files (Serialized files now loaded: 0)
Unloading 20 unused Assets / (79.2 KB). Loaded Objects now: 3934.
Memory consumption went from 127.3 MB to 127.2 MB.
Total: 7.980300 ms (FindLiveObjects: 0.599300 ms CreateObjectMapping: 0.522000 ms MarkObjects: 6.661200 ms  DeleteObjects: 0.195400 ms)

AssetImportParameters requested are different than current active one (requested -> active):
  custom:video-decoder-ogg-theora: a1e56fd34408186e4bbccfd4996cb3dc -> 
  custom:container-muxer-webm: aa71ff27fc2769a1b78a27578f13a17b -> 
  custom:container-demuxer-webm: 4f35f7cbe854078d1ac9338744f61a02 -> 
  custom:video-encoder-webm-vp8: eb34c28f22e8b96e1ab97ce403110664 -> 
  custom:audio-encoder-webm-vorbis: bf7c407c2cedff20999df2af8eb42d56 -> 
  custom:framework-win-MediaFoundation: 216162199b28c13a410421893ffa2e32 -> 
  custom:SearchIndexIgnoredProperties: e643bd26f0fe6173181afceb89e7c659 -> 
  custom:container-demuxer-ogg: 62fdf1f143b41e24485cea50d1cbac27 -> 
  custom:video-decoder-webm-vp8: 9c59270c3fd7afecdb556c50c9e8de78 -> 
  custom:audio-decoder-ogg-vorbis: bf7c407c2cedff20999df2af8eb42d56 -> 
========================================================================
Received Prepare
Registering precompiled user dll's ...
Registered in 0.010903 seconds.
Begin MonoManager ReloadAssembly
Symbol file LoadedFromMemory doesn't match image C:\Users\user\Documents\GitHub\3d-platformer3\Library\PackageCache\com.unity.visualscripting@1.7.8\Editor\VisualScripting.Core\Dependencies\YamlDotNet\Unity.VisualScripting.YamlDotNet.dll
Symbol file LoadedFromMemory doesn't match image C:\Users\user\Documents\GitHub\3d-platformer3\Library\PackageCache\com.unity.visualscripting@1.7.8\Editor\VisualScripting.Core\Dependencies\DotNetZip\Unity.VisualScripting.IonicZip.dll
Native extension for WindowsStandalone target not found
Refreshing native plugins compatible for Editor in 2.86 ms, found 3 plugins.
Preloading 0 native plugins for Editor in 0.00 ms.
Mono: successfully reloaded assembly
- Completed reload, in  3.116 seconds
Domain Reload Profiling:
	ReloadAssembly (3118ms)
		BeginReloadAssembly (282ms)
			ExecutionOrderSort (0ms)
			DisableScriptedObjects (14ms)
			BackupInstance (0ms)
			ReleaseScriptingObjects (0ms)
			CreateAndSetChildDomain (71ms)
		EndReloadAssembly (2598ms)
			LoadAssemblies (197ms)
			RebuildTransferFunctionScriptingTraits (0ms)
			SetupTypeCache (667ms)
			ReleaseScriptCaches (2ms)
			RebuildScriptCaches (137ms)
			SetupLoadedEditorAssemblies (1374ms)
				LogAssemblyErrors (0ms)
				InitializePlatformSupportModulesInManaged (65ms)
				SetLoadedEditorAssemblies (5ms)
				RefreshPlugins (3ms)
				BeforeProcessingInitializeOnLoad (246ms)
				ProcessInitializeOnLoadAttributes (925ms)
				ProcessInitializeOnLoadMethodAttributes (108ms)
				AfterProcessingInitializeOnLoad (20ms)
				EditorAssembliesLoaded (0ms)
			ExecutionOrderSort2 (0ms)
			AwakeInstancesAfterBackupRestoration (23ms)
Platform modules already initialized, skipping
Refreshing native plugins compatible for Editor in 5.42 ms, found 3 plugins.
Preloading 0 native plugins for Editor in 0.00 ms.
Unloading 3386 Unused Serialized files (Serialized files now loaded: 0)
Unloading 20 unused Assets / (80.6 KB). Loaded Objects now: 3937.
Memory consumption went from 127.3 MB to 127.2 MB.
Total: 6.697600 ms (FindLiveObjects: 0.586400 ms CreateObjectMapping: 0.468400 ms MarkObjects: 5.165600 ms  DeleteObjects: 0.475500 ms)

AssetImportParameters requested are different than current active one (requested -> active):
  custom:video-decoder-ogg-theora: a1e56fd34408186e4bbccfd4996cb3dc -> 
  custom:container-muxer-webm: aa71ff27fc2769a1b78a27578f13a17b -> 
  custom:container-demuxer-webm: 4f35f7cbe854078d1ac9338744f61a02 -> 
  custom:video-encoder-webm-vp8: eb34c28f22e8b96e1ab97ce403110664 -> 
  custom:audio-encoder-webm-vorbis: bf7c407c2cedff20999df2af8eb42d56 -> 
  custom:framework-win-MediaFoundation: 216162199b28c13a410421893ffa2e32 -> 
  custom:SearchIndexIgnoredProperties: e643bd26f0fe6173181afceb89e7c659 -> 
  custom:container-demuxer-ogg: 62fdf1f143b41e24485cea50d1cbac27 -> 
  custom:video-decoder-webm-vp8: 9c59270c3fd7afecdb556c50c9e8de78 -> 
  custom:audio-decoder-ogg-vorbis: bf7c407c2cedff20999df2af8eb42d56 -> 
========================================================================
Received Prepare
Registering precompiled user dll's ...
Registered in 0.009381 seconds.
Begin MonoManager ReloadAssembly
Symbol file LoadedFromMemory doesn't match image C:\Users\user\Documents\GitHub\3d-platformer3\Library\PackageCache\com.unity.visualscripting@1.7.8\Editor\VisualScripting.Core\Dependencies\YamlDotNet\Unity.VisualScripting.YamlDotNet.dll
Symbol file LoadedFromMemory doesn't match image C:\Users\user\Documents\GitHub\3d-platformer3\Library\PackageCache\com.unity.visualscripting@1.7.8\Editor\VisualScripting.Core\Dependencies\DotNetZip\Unity.VisualScripting.IonicZip.dll
Native extension for WindowsStandalone target not found
Refreshing native plugins compatible for Editor in 1.77 ms, found 3 plugins.
Preloading 0 native plugins for Editor in 0.00 ms.
Mono: successfully reloaded assembly
- Completed reload, in  2.264 seconds
Domain Reload Profiling:
	ReloadAssembly (2265ms)
		BeginReloadAssembly (278ms)
			ExecutionOrderSort (0ms)
			DisableScriptedObjects (13ms)
			BackupInstance (0ms)
			ReleaseScriptingObjects (0ms)
			CreateAndSetChildDomain (75ms)
		EndReloadAssembly (1771ms)
			LoadAssemblies (199ms)
			RebuildTransferFunctionScriptingTraits (0ms)
			SetupTypeCache (668ms)
			ReleaseScriptCaches (4ms)
			RebuildScriptCaches (107ms)
			SetupLoadedEditorAssemblies (705ms)
				LogAssemblyErrors (0ms)
				InitializePlatformSupportModulesInManaged (37ms)
				SetLoadedEditorAssemblies (1ms)
				RefreshPlugins (2ms)
				BeforeProcessingInitializeOnLoad (146ms)
				ProcessInitializeOnLoadAttributes (453ms)
				ProcessInitializeOnLoadMethodAttributes (58ms)
				AfterProcessingInitializeOnLoad (8ms)
				EditorAssembliesLoaded (0ms)
			ExecutionOrderSort2 (0ms)
			AwakeInstancesAfterBackupRestoration (14ms)
Platform modules already initialized, skipping
Refreshing native plugins compatible for Editor in 4.53 ms, found 3 plugins.
Preloading 0 native plugins for Editor in 0.00 ms.
Unloading 3386 Unused Serialized files (Serialized files now loaded: 0)
Unloading 20 unused Assets / (79.3 KB). Loaded Objects now: 3940.
Memory consumption went from 127.3 MB to 127.2 MB.
Total: 4.857700 ms (FindLiveObjects: 0.360400 ms CreateObjectMapping: 0.212000 ms MarkObjects: 4.153800 ms  DeleteObjects: 0.129900 ms)

AssetImportParameters requested are different than current active one (requested -> active):
  custom:video-decoder-ogg-theora: a1e56fd34408186e4bbccfd4996cb3dc -> 
  custom:container-muxer-webm: aa71ff27fc2769a1b78a27578f13a17b -> 
  custom:container-demuxer-webm: 4f35f7cbe854078d1ac9338744f61a02 -> 
  custom:video-encoder-webm-vp8: eb34c28f22e8b96e1ab97ce403110664 -> 
  custom:audio-encoder-webm-vorbis: bf7c407c2cedff20999df2af8eb42d56 -> 
  custom:framework-win-MediaFoundation: 216162199b28c13a410421893ffa2e32 -> 
  custom:SearchIndexIgnoredProperties: e643bd26f0fe6173181afceb89e7c659 -> 
  custom:container-demuxer-ogg: 62fdf1f143b41e24485cea50d1cbac27 -> 
  custom:video-decoder-webm-vp8: 9c59270c3fd7afecdb556c50c9e8de78 -> 
  custom:audio-decoder-ogg-vorbis: bf7c407c2cedff20999df2af8eb42d56 -> 
========================================================================
Received Prepare
Registering precompiled user dll's ...
Registered in 0.007224 seconds.
Begin MonoManager ReloadAssembly
Symbol file LoadedFromMemory doesn't match image C:\Users\user\Documents\GitHub\3d-platformer3\Library\PackageCache\com.unity.visualscripting@1.7.8\Editor\VisualScripting.Core\Dependencies\YamlDotNet\Unity.VisualScripting.YamlDotNet.dll
Symbol file LoadedFromMemory doesn't match image C:\Users\user\Documents\GitHub\3d-platformer3\Library\PackageCache\com.unity.visualscripting@1.7.8\Editor\VisualScripting.Core\Dependencies\DotNetZip\Unity.VisualScripting.IonicZip.dll
Native extension for WindowsStandalone target not found
Refreshing native plugins compatible for Editor in 3.18 ms, found 3 plugins.
Preloading 0 native plugins for Editor in 0.00 ms.
Mono: successfully reloaded assembly
- Completed reload, in  2.948 seconds
Domain Reload Profiling:
	ReloadAssembly (2950ms)
		BeginReloadAssembly (294ms)
			ExecutionOrderSort (0ms)
			DisableScriptedObjects (16ms)
			BackupInstance (0ms)
			ReleaseScriptingObjects (0ms)
			CreateAndSetChildDomain (68ms)
		EndReloadAssembly (2436ms)
			LoadAssemblies (208ms)
			RebuildTransferFunctionScriptingTraits (0ms)
			SetupTypeCache (659ms)
			ReleaseScriptCaches (3ms)
			RebuildScriptCaches (140ms)
			SetupLoadedEditorAssemblies (1208ms)
				LogAssemblyErrors (0ms)
				InitializePlatformSupportModulesInManaged (56ms)
				SetLoadedEditorAssemblies (2ms)
				RefreshPlugins (4ms)
				BeforeProcessingInitializeOnLoad (234ms)
				ProcessInitializeOnLoadAttributes (801ms)
				ProcessInitializeOnLoadMethodAttributes (95ms)
				AfterProcessingInitializeOnLoad (17ms)
				EditorAssembliesLoaded (0ms)
			ExecutionOrderSort2 (0ms)
			AwakeInstancesAfterBackupRestoration (25ms)
Platform modules already initialized, skipping
Refreshing native plugins compatible for Editor in 5.46 ms, found 3 plugins.
Preloading 0 native plugins for Editor in 0.00 ms.
Unloading 3386 Unused Serialized files (Serialized files now loaded: 0)
Unloading 20 unused Assets / (79.2 KB). Loaded Objects now: 3943.
Memory consumption went from 127.3 MB to 127.2 MB.
Total: 8.314300 ms (FindLiveObjects: 0.462800 ms CreateObjectMapping: 0.427200 ms MarkObjects: 7.242100 ms  DeleteObjects: 0.180000 ms)

AssetImportParameters requested are different than current active one (requested -> active):
  custom:video-decoder-ogg-theora: a1e56fd34408186e4bbccfd4996cb3dc -> 
  custom:container-muxer-webm: aa71ff27fc2769a1b78a27578f13a17b -> 
  custom:container-demuxer-webm: 4f35f7cbe854078d1ac9338744f61a02 -> 
  custom:video-encoder-webm-vp8: eb34c28f22e8b96e1ab97ce403110664 -> 
  custom:audio-encoder-webm-vorbis: bf7c407c2cedff20999df2af8eb42d56 -> 
  custom:framework-win-MediaFoundation: 216162199b28c13a410421893ffa2e32 -> 
  custom:SearchIndexIgnoredProperties: e643bd26f0fe6173181afceb89e7c659 -> 
  custom:container-demuxer-ogg: 62fdf1f143b41e24485cea50d1cbac27 -> 
  custom:video-decoder-webm-vp8: 9c59270c3fd7afecdb556c50c9e8de78 -> 
  custom:audio-decoder-ogg-vorbis: bf7c407c2cedff20999df2af8eb42d56 -> 
========================================================================
Received Prepare
Registering precompiled user dll's ...
Registered in 0.009138 seconds.
Begin MonoManager ReloadAssembly
Symbol file LoadedFromMemory doesn't match image C:\Users\user\Documents\GitHub\3d-platformer3\Library\PackageCache\com.unity.visualscripting@1.7.8\Editor\VisualScripting.Core\Dependencies\YamlDotNet\Unity.VisualScripting.YamlDotNet.dll
Symbol file LoadedFromMemory doesn't match image C:\Users\user\Documents\GitHub\3d-platformer3\Library\PackageCache\com.unity.visualscripting@1.7.8\Editor\VisualScripting.Core\Dependencies\DotNetZip\Unity.VisualScripting.IonicZip.dll
Native extension for WindowsStandalone target not found
Refreshing native plugins compatible for Editor in 2.75 ms, found 3 plugins.
Preloading 0 native plugins for Editor in 0.00 ms.
Mono: successfully reloaded assembly
- Completed reload, in  3.026 seconds
Domain Reload Profiling:
	ReloadAssembly (3029ms)
		BeginReloadAssembly (297ms)
			ExecutionOrderSort (0ms)
			DisableScriptedObjects (12ms)
			BackupInstance (0ms)
			ReleaseScriptingObjects (0ms)
			CreateAndSetChildDomain (75ms)
		EndReloadAssembly (2497ms)
			LoadAssemblies (192ms)
			RebuildTransferFunctionScriptingTraits (0ms)
			SetupTypeCache (677ms)
			ReleaseScriptCaches (3ms)
			RebuildScriptCaches (161ms)
			SetupLoadedEditorAssemblies (1244ms)
				LogAssemblyErrors (0ms)
				InitializePlatformSupportModulesInManaged (54ms)
				SetLoadedEditorAssemblies (2ms)
				RefreshPlugins (3ms)
				BeforeProcessingInitializeOnLoad (263ms)
				ProcessInitializeOnLoadAttributes (808ms)
				ProcessInitializeOnLoadMethodAttributes (94ms)
				AfterProcessingInitializeOnLoad (18ms)
				EditorAssembliesLoaded (1ms)
			ExecutionOrderSort2 (0ms)
			AwakeInstancesAfterBackupRestoration (25ms)
Platform modules already initialized, skipping
Refreshing native plugins compatible for Editor in 6.93 ms, found 3 plugins.
Preloading 0 native plugins for Editor in 0.00 ms.
Unloading 3386 Unused Serialized files (Serialized files now loaded: 0)
Unloading 20 unused Assets / (79.3 KB). Loaded Objects now: 3946.
Memory consumption went from 127.3 MB to 127.2 MB.
Total: 11.315700 ms (FindLiveObjects: 0.589500 ms CreateObjectMapping: 1.798500 ms MarkObjects: 8.629500 ms  DeleteObjects: 0.295300 ms)

AssetImportParameters requested are different than current active one (requested -> active):
  custom:video-decoder-ogg-theora: a1e56fd34408186e4bbccfd4996cb3dc -> 
  custom:container-muxer-webm: aa71ff27fc2769a1b78a27578f13a17b -> 
  custom:container-demuxer-webm: 4f35f7cbe854078d1ac9338744f61a02 -> 
  custom:video-encoder-webm-vp8: eb34c28f22e8b96e1ab97ce403110664 -> 
  custom:audio-encoder-webm-vorbis: bf7c407c2cedff20999df2af8eb42d56 -> 
  custom:framework-win-MediaFoundation: 216162199b28c13a410421893ffa2e32 -> 
  custom:SearchIndexIgnoredProperties: e643bd26f0fe6173181afceb89e7c659 -> 
  custom:container-demuxer-ogg: 62fdf1f143b41e24485cea50d1cbac27 -> 
  custom:video-decoder-webm-vp8: 9c59270c3fd7afecdb556c50c9e8de78 -> 
  custom:audio-decoder-ogg-vorbis: bf7c407c2cedff20999df2af8eb42d56 -> 
========================================================================
Received Prepare
Registering precompiled user dll's ...
Registered in 0.011552 seconds.
Begin MonoManager ReloadAssembly
Symbol file LoadedFromMemory doesn't match image C:\Users\user\Documents\GitHub\3d-platformer3\Library\PackageCache\com.unity.visualscripting@1.7.8\Editor\VisualScripting.Core\Dependencies\YamlDotNet\Unity.VisualScripting.YamlDotNet.dll
Symbol file LoadedFromMemory doesn't match image C:\Users\user\Documents\GitHub\3d-platformer3\Library\PackageCache\com.unity.visualscripting@1.7.8\Editor\VisualScripting.Core\Dependencies\DotNetZip\Unity.VisualScripting.IonicZip.dll
Native extension for WindowsStandalone target not found
Refreshing native plugins compatible for Editor in 2.78 ms, found 3 plugins.
Preloading 0 native plugins for Editor in 0.00 ms.
Mono: successfully reloaded assembly
- Completed reload, in  2.991 seconds
Domain Reload Profiling:
	ReloadAssembly (2993ms)
		BeginReloadAssembly (297ms)
			ExecutionOrderSort (0ms)
			DisableScriptedObjects (14ms)
			BackupInstance (0ms)
			ReleaseScriptingObjects (0ms)
			CreateAndSetChildDomain (84ms)
		EndReloadAssembly (2465ms)
			LoadAssemblies (185ms)
			RebuildTransferFunctionScriptingTraits (0ms)
			SetupTypeCache (635ms)
			ReleaseScriptCaches (2ms)
			RebuildScriptCaches (117ms)
			SetupLoadedEditorAssemblies (1350ms)
				LogAssemblyErrors (0ms)
				InitializePlatformSupportModulesInManaged (69ms)
				SetLoadedEditorAssemblies (2ms)
				RefreshPlugins (3ms)
				BeforeProcessingInitializeOnLoad (245ms)
				ProcessInitializeOnLoadAttributes (871ms)
				ProcessInitializeOnLoadMethodAttributes (133ms)
				AfterProcessingInitializeOnLoad (26ms)
				EditorAssembliesLoaded (1ms)
			ExecutionOrderSort2 (0ms)
			AwakeInstancesAfterBackupRestoration (29ms)
Platform modules already initialized, skipping
Refreshing native plugins compatible for Editor in 8.15 ms, found 3 plugins.
Preloading 0 native plugins for Editor in 0.00 ms.
Unloading 3386 Unused Serialized files (Serialized files now loaded: 0)
Unloading 20 unused Assets / (79.3 KB). Loaded Objects now: 3949.
Memory consumption went from 127.3 MB to 127.2 MB.
Total: 9.484200 ms (FindLiveObjects: 0.862000 ms CreateObjectMapping: 0.637800 ms MarkObjects: 7.803200 ms  DeleteObjects: 0.178800 ms)

AssetImportParameters requested are different than current active one (requested -> active):
  custom:video-decoder-ogg-theora: a1e56fd34408186e4bbccfd4996cb3dc -> 
  custom:container-muxer-webm: aa71ff27fc2769a1b78a27578f13a17b -> 
  custom:container-demuxer-webm: 4f35f7cbe854078d1ac9338744f61a02 -> 
  custom:video-encoder-webm-vp8: eb34c28f22e8b96e1ab97ce403110664 -> 
  custom:audio-encoder-webm-vorbis: bf7c407c2cedff20999df2af8eb42d56 -> 
  custom:framework-win-MediaFoundation: 216162199b28c13a410421893ffa2e32 -> 
  custom:SearchIndexIgnoredProperties: e643bd26f0fe6173181afceb89e7c659 -> 
  custom:container-demuxer-ogg: 62fdf1f143b41e24485cea50d1cbac27 -> 
  custom:video-decoder-webm-vp8: 9c59270c3fd7afecdb556c50c9e8de78 -> 
  custom:audio-decoder-ogg-vorbis: bf7c407c2cedff20999df2af8eb42d56 -> 
========================================================================
Received Prepare
Registering precompiled user dll's ...
Registered in 0.008920 seconds.
Begin MonoManager ReloadAssembly
Symbol file LoadedFromMemory doesn't match image C:\Users\user\Documents\GitHub\3d-platformer3\Library\PackageCache\com.unity.visualscripting@1.7.8\Editor\VisualScripting.Core\Dependencies\YamlDotNet\Unity.VisualScripting.YamlDotNet.dll
Symbol file LoadedFromMemory doesn't match image C:\Users\user\Documents\GitHub\3d-platformer3\Library\PackageCache\com.unity.visualscripting@1.7.8\Editor\VisualScripting.Core\Dependencies\DotNetZip\Unity.VisualScripting.IonicZip.dll
Native extension for WindowsStandalone target not found
Refreshing native plugins compatible for Editor in 2.59 ms, found 3 plugins.
Preloading 0 native plugins for Editor in 0.00 ms.
Mono: successfully reloaded assembly
- Completed reload, in  3.484 seconds
Domain Reload Profiling:
	ReloadAssembly (3487ms)
		BeginReloadAssembly (305ms)
			ExecutionOrderSort (0ms)
			DisableScriptedObjects (18ms)
			BackupInstance (0ms)
			ReleaseScriptingObjects (0ms)
			CreateAndSetChildDomain (77ms)
		EndReloadAssembly (2950ms)
			LoadAssemblies (197ms)
			RebuildTransferFunctionScriptingTraits (0ms)
			SetupTypeCache (866ms)
			ReleaseScriptCaches (2ms)
			RebuildScriptCaches (180ms)
			SetupLoadedEditorAssemblies (1376ms)
				LogAssemblyErrors (0ms)
				InitializePlatformSupportModulesInManaged (60ms)
				SetLoadedEditorAssemblies (3ms)
				RefreshPlugins (3ms)
				BeforeProcessingInitializeOnLoad (247ms)
				ProcessInitializeOnLoadAttributes (921ms)
				ProcessInitializeOnLoadMethodAttributes (122ms)
				AfterProcessingInitializeOnLoad (21ms)
				EditorAssembliesLoaded (0ms)
			ExecutionOrderSort2 (0ms)
			AwakeInstancesAfterBackupRestoration (32ms)
Platform modules already initialized, skipping
Refreshing native plugins compatible for Editor in 13.80 ms, found 3 plugins.
Preloading 0 native plugins for Editor in 0.00 ms.
Unloading 3386 Unused Serialized files (Serialized files now loaded: 0)
Unloading 20 unused Assets / (79.2 KB). Loaded Objects now: 3952.
Memory consumption went from 127.3 MB to 127.2 MB.
Total: 17.209800 ms (FindLiveObjects: 2.326700 ms CreateObjectMapping: 1.186300 ms MarkObjects: 13.500800 ms  DeleteObjects: 0.193300 ms)

AssetImportParameters requested are different than current active one (requested -> active):
  custom:video-decoder-ogg-theora: a1e56fd34408186e4bbccfd4996cb3dc -> 
  custom:container-muxer-webm: aa71ff27fc2769a1b78a27578f13a17b -> 
  custom:container-demuxer-webm: 4f35f7cbe854078d1ac9338744f61a02 -> 
  custom:video-encoder-webm-vp8: eb34c28f22e8b96e1ab97ce403110664 -> 
  custom:audio-encoder-webm-vorbis: bf7c407c2cedff20999df2af8eb42d56 -> 
  custom:framework-win-MediaFoundation: 216162199b28c13a410421893ffa2e32 -> 
  custom:SearchIndexIgnoredProperties: e643bd26f0fe6173181afceb89e7c659 -> 
  custom:container-demuxer-ogg: 62fdf1f143b41e24485cea50d1cbac27 -> 
  custom:video-decoder-webm-vp8: 9c59270c3fd7afecdb556c50c9e8de78 -> 
  custom:audio-decoder-ogg-vorbis: bf7c407c2cedff20999df2af8eb42d56 -> 
========================================================================
Received Prepare
Registering precompiled user dll's ...
Registered in 0.008231 seconds.
Begin MonoManager ReloadAssembly
Symbol file LoadedFromMemory doesn't match image C:\Users\user\Documents\GitHub\3d-platformer3\Library\PackageCache\com.unity.visualscripting@1.7.8\Editor\VisualScripting.Core\Dependencies\YamlDotNet\Unity.VisualScripting.YamlDotNet.dll
Symbol file LoadedFromMemory doesn't match image C:\Users\user\Documents\GitHub\3d-platformer3\Library\PackageCache\com.unity.visualscripting@1.7.8\Editor\VisualScripting.Core\Dependencies\DotNetZip\Unity.VisualScripting.IonicZip.dll
Native extension for WindowsStandalone target not found
Refreshing native plugins compatible for Editor in 5.16 ms, found 3 plugins.
Preloading 0 native plugins for Editor in 0.00 ms.
Mono: successfully reloaded assembly
- Completed reload, in  3.511 seconds
Domain Reload Profiling:
	ReloadAssembly (3513ms)
		BeginReloadAssembly (288ms)
			ExecutionOrderSort (0ms)
			DisableScriptedObjects (15ms)
			BackupInstance (0ms)
			ReleaseScriptingObjects (0ms)
			CreateAndSetChildDomain (75ms)
		EndReloadAssembly (2995ms)
			LoadAssemblies (201ms)
			RebuildTransferFunctionScriptingTraits (0ms)
			SetupTypeCache (794ms)
			ReleaseScriptCaches (5ms)
			RebuildScriptCaches (204ms)
			SetupLoadedEditorAssemblies (1444ms)
				LogAssemblyErrors (0ms)
				InitializePlatformSupportModulesInManaged (55ms)
				SetLoadedEditorAssemblies (1ms)
				RefreshPlugins (5ms)
				BeforeProcessingInitializeOnLoad (269ms)
				ProcessInitializeOnLoadAttributes (944ms)
				ProcessInitializeOnLoadMethodAttributes (147ms)
				AfterProcessingInitializeOnLoad (20ms)
				EditorAssembliesLoaded (1ms)
			ExecutionOrderSort2 (0ms)
			AwakeInstancesAfterBackupRestoration (24ms)
Platform modules already initialized, skipping
Refreshing native plugins compatible for Editor in 7.34 ms, found 3 plugins.
Preloading 0 native plugins for Editor in 0.00 ms.
Unloading 3386 Unused Serialized files (Serialized files now loaded: 0)
Unloading 20 unused Assets / (79.2 KB). Loaded Objects now: 3955.
Memory consumption went from 127.3 MB to 127.3 MB.
Total: 7.596400 ms (FindLiveObjects: 0.410700 ms CreateObjectMapping: 0.766500 ms MarkObjects: 6.199500 ms  DeleteObjects: 0.218100 ms)

AssetImportParameters requested are different than current active one (requested -> active):
  custom:video-decoder-ogg-theora: a1e56fd34408186e4bbccfd4996cb3dc -> 
  custom:container-muxer-webm: aa71ff27fc2769a1b78a27578f13a17b -> 
  custom:container-demuxer-webm: 4f35f7cbe854078d1ac9338744f61a02 -> 
  custom:video-encoder-webm-vp8: eb34c28f22e8b96e1ab97ce403110664 -> 
  custom:audio-encoder-webm-vorbis: bf7c407c2cedff20999df2af8eb42d56 -> 
  custom:framework-win-MediaFoundation: 216162199b28c13a410421893ffa2e32 -> 
  custom:SearchIndexIgnoredProperties: e643bd26f0fe6173181afceb89e7c659 -> 
  custom:container-demuxer-ogg: 62fdf1f143b41e24485cea50d1cbac27 -> 
  custom:video-decoder-webm-vp8: 9c59270c3fd7afecdb556c50c9e8de78 -> 
  custom:audio-decoder-ogg-vorbis: bf7c407c2cedff20999df2af8eb42d56 -> 
========================================================================
Received Prepare
Registering precompiled user dll's ...
Registered in 0.009333 seconds.
Begin MonoManager ReloadAssembly
Symbol file LoadedFromMemory doesn't match image C:\Users\user\Documents\GitHub\3d-platformer3\Library\PackageCache\com.unity.visualscripting@1.7.8\Editor\VisualScripting.Core\Dependencies\YamlDotNet\Unity.VisualScripting.YamlDotNet.dll
Symbol file LoadedFromMemory doesn't match image C:\Users\user\Documents\GitHub\3d-platformer3\Library\PackageCache\com.unity.visualscripting@1.7.8\Editor\VisualScripting.Core\Dependencies\DotNetZip\Unity.VisualScripting.IonicZip.dll
Native extension for WindowsStandalone target not found
Refreshing native plugins compatible for Editor in 2.30 ms, found 3 plugins.
Preloading 0 native plugins for Editor in 0.00 ms.
Mono: successfully reloaded assembly
- Completed reload, in  3.735 seconds
Domain Reload Profiling:
	ReloadAssembly (3739ms)
		BeginReloadAssembly (323ms)
			ExecutionOrderSort (0ms)
			DisableScriptedObjects (14ms)
			BackupInstance (0ms)
			ReleaseScriptingObjects (0ms)
			CreateAndSetChildDomain (93ms)
		EndReloadAssembly (3110ms)
			LoadAssemblies (318ms)
			RebuildTransferFunctionScriptingTraits (0ms)
			SetupTypeCache (1005ms)
			ReleaseScriptCaches (19ms)
			RebuildScriptCaches (172ms)
			SetupLoadedEditorAssemblies (1293ms)
				LogAssemblyErrors (0ms)
				InitializePlatformSupportModulesInManaged (58ms)
				SetLoadedEditorAssemblies (2ms)
				RefreshPlugins (3ms)
				BeforeProcessingInitializeOnLoad (243ms)
				ProcessInitializeOnLoadAttributes (843ms)
				ProcessInitializeOnLoadMethodAttributes (126ms)
				AfterProcessingInitializeOnLoad (18ms)
				EditorAssembliesLoaded (1ms)
			ExecutionOrderSort2 (0ms)
			AwakeInstancesAfterBackupRestoration (31ms)
Platform modules already initialized, skipping
Refreshing native plugins compatible for Editor in 5.43 ms, found 3 plugins.
Preloading 0 native plugins for Editor in 0.00 ms.
Unloading 3386 Unused Serialized files (Serialized files now loaded: 0)
Unloading 20 unused Assets / (79.3 KB). Loaded Objects now: 3958.
Memory consumption went from 127.3 MB to 127.3 MB.
Total: 7.635200 ms (FindLiveObjects: 0.457100 ms CreateObjectMapping: 0.279300 ms MarkObjects: 6.647800 ms  DeleteObjects: 0.248400 ms)

AssetImportParameters requested are different than current active one (requested -> active):
  custom:video-decoder-ogg-theora: a1e56fd34408186e4bbccfd4996cb3dc -> 
  custom:container-muxer-webm: aa71ff27fc2769a1b78a27578f13a17b -> 
  custom:container-demuxer-webm: 4f35f7cbe854078d1ac9338744f61a02 -> 
  custom:video-encoder-webm-vp8: eb34c28f22e8b96e1ab97ce403110664 -> 
  custom:audio-encoder-webm-vorbis: bf7c407c2cedff20999df2af8eb42d56 -> 
  custom:framework-win-MediaFoundation: 216162199b28c13a410421893ffa2e32 -> 
  custom:SearchIndexIgnoredProperties: e643bd26f0fe6173181afceb89e7c659 -> 
  custom:container-demuxer-ogg: 62fdf1f143b41e24485cea50d1cbac27 -> 
  custom:video-decoder-webm-vp8: 9c59270c3fd7afecdb556c50c9e8de78 -> 
  custom:audio-decoder-ogg-vorbis: bf7c407c2cedff20999df2af8eb42d56 -> 
========================================================================
Received Prepare
Registering precompiled user dll's ...
Registered in 0.009392 seconds.
Begin MonoManager ReloadAssembly
Symbol file LoadedFromMemory doesn't match image C:\Users\user\Documents\GitHub\3d-platformer3\Library\PackageCache\com.unity.visualscripting@1.7.8\Editor\VisualScripting.Core\Dependencies\YamlDotNet\Unity.VisualScripting.YamlDotNet.dll
Symbol file LoadedFromMemory doesn't match image C:\Users\user\Documents\GitHub\3d-platformer3\Library\PackageCache\com.unity.visualscripting@1.7.8\Editor\VisualScripting.Core\Dependencies\DotNetZip\Unity.VisualScripting.IonicZip.dll
Native extension for WindowsStandalone target not found
Refreshing native plugins compatible for Editor in 3.32 ms, found 3 plugins.
Preloading 0 native plugins for Editor in 0.00 ms.
Mono: successfully reloaded assembly
- Completed reload, in  3.708 seconds
Domain Reload Profiling:
	ReloadAssembly (3710ms)
		BeginReloadAssembly (281ms)
			ExecutionOrderSort (0ms)
			DisableScriptedObjects (13ms)
			BackupInstance (0ms)
			ReleaseScriptingObjects (0ms)
			CreateAndSetChildDomain (75ms)
		EndReloadAssembly (3193ms)
			LoadAssemblies (192ms)
			RebuildTransferFunctionScriptingTraits (0ms)
			SetupTypeCache (746ms)
			ReleaseScriptCaches (2ms)
			RebuildScriptCaches (166ms)
			SetupLoadedEditorAssemblies (1791ms)
				LogAssemblyErrors (0ms)
				InitializePlatformSupportModulesInManaged (59ms)
				SetLoadedEditorAssemblies (2ms)
				RefreshPlugins (3ms)
				BeforeProcessingInitializeOnLoad (288ms)
				ProcessInitializeOnLoadAttributes (1285ms)
				ProcessInitializeOnLoadMethodAttributes (134ms)
				AfterProcessingInitializeOnLoad (19ms)
				EditorAssembliesLoaded (0ms)
			ExecutionOrderSort2 (0ms)
			AwakeInstancesAfterBackupRestoration (30ms)
Platform modules already initialized, skipping
Refreshing native plugins compatible for Editor in 6.65 ms, found 3 plugins.
Preloading 0 native plugins for Editor in 0.00 ms.
Unloading 3386 Unused Serialized files (Serialized files now loaded: 0)
Unloading 20 unused Assets / (79.3 KB). Loaded Objects now: 3961.
Memory consumption went from 127.3 MB to 127.3 MB.
Total: 13.240700 ms (FindLiveObjects: 0.522600 ms CreateObjectMapping: 0.488800 ms MarkObjects: 11.523900 ms  DeleteObjects: 0.702800 ms)

AssetImportParameters requested are different than current active one (requested -> active):
  custom:video-decoder-ogg-theora: a1e56fd34408186e4bbccfd4996cb3dc -> 
  custom:container-muxer-webm: aa71ff27fc2769a1b78a27578f13a17b -> 
  custom:container-demuxer-webm: 4f35f7cbe854078d1ac9338744f61a02 -> 
  custom:video-encoder-webm-vp8: eb34c28f22e8b96e1ab97ce403110664 -> 
  custom:audio-encoder-webm-vorbis: bf7c407c2cedff20999df2af8eb42d56 -> 
  custom:framework-win-MediaFoundation: 216162199b28c13a410421893ffa2e32 -> 
  custom:SearchIndexIgnoredProperties: e643bd26f0fe6173181afceb89e7c659 -> 
  custom:container-demuxer-ogg: 62fdf1f143b41e24485cea50d1cbac27 -> 
  custom:video-decoder-webm-vp8: 9c59270c3fd7afecdb556c50c9e8de78 -> 
  custom:audio-decoder-ogg-vorbis: bf7c407c2cedff20999df2af8eb42d56 -> 
========================================================================
Received Prepare
Registering precompiled user dll's ...
Registered in 0.009097 seconds.
Begin MonoManager ReloadAssembly
Symbol file LoadedFromMemory doesn't match image C:\Users\user\Documents\GitHub\3d-platformer3\Library\PackageCache\com.unity.visualscripting@1.7.8\Editor\VisualScripting.Core\Dependencies\YamlDotNet\Unity.VisualScripting.YamlDotNet.dll
Symbol file LoadedFromMemory doesn't match image C:\Users\user\Documents\GitHub\3d-platformer3\Library\PackageCache\com.unity.visualscripting@1.7.8\Editor\VisualScripting.Core\Dependencies\DotNetZip\Unity.VisualScripting.IonicZip.dll
Native extension for WindowsStandalone target not found
Refreshing native plugins compatible for Editor in 2.67 ms, found 3 plugins.
Preloading 0 native plugins for Editor in 0.00 ms.
Mono: successfully reloaded assembly
- Completed reload, in  3.304 seconds
Domain Reload Profiling:
	ReloadAssembly (3307ms)
		BeginReloadAssembly (279ms)
			ExecutionOrderSort (0ms)
			DisableScriptedObjects (16ms)
			BackupInstance (0ms)
			ReleaseScriptingObjects (0ms)
			CreateAndSetChildDomain (79ms)
		EndReloadAssembly (2786ms)
			LoadAssemblies (187ms)
			RebuildTransferFunctionScriptingTraits (0ms)
			SetupTypeCache (818ms)
			ReleaseScriptCaches (4ms)
			RebuildScriptCaches (165ms)
			SetupLoadedEditorAssemblies (1342ms)
				LogAssemblyErrors (0ms)
				InitializePlatformSupportModulesInManaged (50ms)
				SetLoadedEditorAssemblies (2ms)
				RefreshPlugins (3ms)
				BeforeProcessingInitializeOnLoad (257ms)
				ProcessInitializeOnLoadAttributes (899ms)
				ProcessInitializeOnLoadMethodAttributes (113ms)
				AfterProcessingInitializeOnLoad (16ms)
				EditorAssembliesLoaded (1ms)
			ExecutionOrderSort2 (0ms)
			AwakeInstancesAfterBackupRestoration (25ms)
Platform modules already initialized, skipping
Refreshing native plugins compatible for Editor in 11.30 ms, found 3 plugins.
Preloading 0 native plugins for Editor in 0.00 ms.
Unloading 3386 Unused Serialized files (Serialized files now loaded: 0)
Unloading 20 unused Assets / (79.2 KB). Loaded Objects now: 3964.
Memory consumption went from 127.4 MB to 127.3 MB.
Total: 10.849500 ms (FindLiveObjects: 0.698700 ms CreateObjectMapping: 0.735500 ms MarkObjects: 8.879700 ms  DeleteObjects: 0.533000 ms)

AssetImportParameters requested are different than current active one (requested -> active):
  custom:video-decoder-ogg-theora: a1e56fd34408186e4bbccfd4996cb3dc -> 
  custom:container-muxer-webm: aa71ff27fc2769a1b78a27578f13a17b -> 
  custom:container-demuxer-webm: 4f35f7cbe854078d1ac9338744f61a02 -> 
  custom:video-encoder-webm-vp8: eb34c28f22e8b96e1ab97ce403110664 -> 
  custom:audio-encoder-webm-vorbis: bf7c407c2cedff20999df2af8eb42d56 -> 
  custom:framework-win-MediaFoundation: 216162199b28c13a410421893ffa2e32 -> 
  custom:SearchIndexIgnoredProperties: e643bd26f0fe6173181afceb89e7c659 -> 
  custom:container-demuxer-ogg: 62fdf1f143b41e24485cea50d1cbac27 -> 
  custom:video-decoder-webm-vp8: 9c59270c3fd7afecdb556c50c9e8de78 -> 
  custom:audio-decoder-ogg-vorbis: bf7c407c2cedff20999df2af8eb42d56 -> 
========================================================================
Received Import Request.
  Time since last request: 4475.003236 seconds.
  path: Packages/com.unity.collab-proxy/Editor/PlasticSCM/Assets/Images/buttonssosigninemail@2x.png
  artifactKey: Guid(ddf2e76e8a1f88f46ae1e42277850b48) Importer(815301076,1909f56bfc062723c751e8b465ee728b)
Start importing Packages/com.unity.collab-proxy/Editor/PlasticSCM/Assets/Images/buttonssosigninemail@2x.png using Guid(ddf2e76e8a1f88f46ae1e42277850b48) Importer(815301076,1909f56bfc062723c751e8b465ee728b)  -> (artifact id: 'd9afefeb07e8eb0bbea9f4c3817b5bf5') in 0.214146 seconds 
========================================================================
Received Import Request.
  Time since last request: 0.000050 seconds.
  path: Packages/com.unity.collab-proxy/Editor/PlasticSCM/Assets/Images/buttonssosigningoogle.png
  artifactKey: Guid(f09eae8c0ea04254b90c5386a034a225) Importer(815301076,1909f56bfc062723c751e8b465ee728b)
Start importing Packages/com.unity.collab-proxy/Editor/PlasticSCM/Assets/Images/buttonssosigningoogle.png using Guid(f09eae8c0ea04254b90c5386a034a225) Importer(815301076,1909f56bfc062723c751e8b465ee728b)  -> (artifact id: 'd26fbe5b096cb8e017b761c0ec96d803') in 0.074485 seconds 
========================================================================
Received Import Request.
  Time since last request: 0.000051 seconds.
  path: Packages/com.unity.collab-proxy/Editor/PlasticSCM/Assets/Images/buttonssosigninunity.png
  artifactKey: Guid(f9161c6c9e06dc445ada3ee16d991f90) Importer(815301076,1909f56bfc062723c751e8b465ee728b)
Start importing Packages/com.unity.collab-proxy/Editor/PlasticSCM/Assets/Images/buttonssosigninunity.png using Guid(f9161c6c9e06dc445ada3ee16d991f90) Importer(815301076,1909f56bfc062723c751e8b465ee728b)  -> (artifact id: 'fd37ff5c0be1f1197a636d45d8b78463') in 0.069881 seconds 
========================================================================
Received Import Request.
  Time since last request: 1.143026 seconds.
  path: Packages/com.unity.collab-proxy/Editor/PlasticSCM/Assets/Images/d_buttonssosigninemail.png
  artifactKey: Guid(3086d66a563317b40a20a20da2c64ac0) Importer(815301076,1909f56bfc062723c751e8b465ee728b)
Start importing Packages/com.unity.collab-proxy/Editor/PlasticSCM/Assets/Images/d_buttonssosigninemail.png using Guid(3086d66a563317b40a20a20da2c64ac0) Importer(815301076,1909f56bfc062723c751e8b465ee728b)  -> (artifact id: 'a0bb36f96f98a632b6e080148fb096aa') in 0.053024 seconds 
========================================================================
Received Import Request.
  Time since last request: 0.000030 seconds.
  path: Packages/com.unity.collab-proxy/Editor/PlasticSCM/Assets/Images/d_cloudbuhochristmas.png
  artifactKey: Guid(70632ddfe8e71b04b8f90ef7e29a9e98) Importer(815301076,1909f56bfc062723c751e8b465ee728b)
Start importing Packages/com.unity.collab-proxy/Editor/PlasticSCM/Assets/Images/d_cloudbuhochristmas.png using Guid(70632ddfe8e71b04b8f90ef7e29a9e98) Importer(815301076,1909f56bfc062723c751e8b465ee728b)  -> (artifact id: '954006a78d349ecb8a722b5ff1f5cc4e') in 0.120731 seconds 
========================================================================
Received Import Request.
  Time since last request: 0.000045 seconds.
  path: Packages/com.unity.collab-proxy/Editor/PlasticSCM/Assets/Images/d_cloudbuhoshe.png
  artifactKey: Guid(dae33700bd23f76409a80bf78fdb8a42) Importer(815301076,1909f56bfc062723c751e8b465ee728b)
Start importing Packages/com.unity.collab-proxy/Editor/PlasticSCM/Assets/Images/d_cloudbuhoshe.png using Guid(dae33700bd23f76409a80bf78fdb8a42) Importer(815301076,1909f56bfc062723c751e8b465ee728b)  -> (artifact id: 'c29e973eaaa99755c424396b774c75b4') in 0.103874 seconds 
========================================================================
Received Import Request.
  Time since last request: 0.000037 seconds.
  path: Packages/com.unity.collab-proxy/Editor/PlasticSCM/Assets/Images/d_buttonssosigninemail@2x.png
  artifactKey: Guid(144aa74618b85974a9a50f612c2fa8fd) Importer(815301076,1909f56bfc062723c751e8b465ee728b)
Start importing Packages/com.unity.collab-proxy/Editor/PlasticSCM/Assets/Images/d_buttonssosigninemail@2x.png using Guid(144aa74618b85974a9a50f612c2fa8fd) Importer(815301076,1909f56bfc062723c751e8b465ee728b)  -> (artifact id: '5942af3d5c399d3bb86a90c79cae3a1f') in 0.082778 seconds 
========================================================================
Received Import Request.
  Time since last request: 0.000043 seconds.
  path: Packages/com.unity.collab-proxy/Editor/PlasticSCM/Assets/Images/d_expertbuhoshechristmas.png
  artifactKey: Guid(372e7b39fc8f34549ac25d8757965a2c) Importer(815301076,1909f56bfc062723c751e8b465ee728b)
Start importing Packages/com.unity.collab-proxy/Editor/PlasticSCM/Assets/Images/d_expertbuhoshechristmas.png using Guid(372e7b39fc8f34549ac25d8757965a2c) Importer(815301076,1909f56bfc062723c751e8b465ee728b)  -> (artifact id: '9d1f82b820f0a7150f8bf503501bac76') in 0.086370 seconds 
========================================================================
Received Import Request.
  Time since last request: 0.000045 seconds.
  path: Packages/com.unity.collab-proxy/Editor/PlasticSCM/Assets/Images/d_genericbuhoshe1.png
  artifactKey: Guid(f2901efd8bb16bc408ad37f017fbf9bc) Importer(815301076,1909f56bfc062723c751e8b465ee728b)
Start importing Packages/com.unity.collab-proxy/Editor/PlasticSCM/Assets/Images/d_genericbuhoshe1.png using Guid(f2901efd8bb16bc408ad37f017fbf9bc) Importer(815301076,1909f56bfc062723c751e8b465ee728b)  -> (artifact id: '9bfb251c7e3c5131b99445cf1891ee47') in 0.130764 seconds 
========================================================================
Received Import Request.
  Time since last request: 0.000080 seconds.
  path: Packages/com.unity.collab-proxy/Editor/PlasticSCM/Assets/Images/d_genericbuhochristmas2.png
  artifactKey: Guid(5955491dc8dcecb4a993d9a008cf65a7) Importer(815301076,1909f56bfc062723c751e8b465ee728b)
Start importing Packages/com.unity.collab-proxy/Editor/PlasticSCM/Assets/Images/d_genericbuhochristmas2.png using Guid(5955491dc8dcecb4a993d9a008cf65a7) Importer(815301076,1909f56bfc062723c751e8b465ee728b)  -> (artifact id: '7a0c37874ad4d57f7e39f33531cb8985') in 0.098474 seconds 
========================================================================
Received Import Request.
  Time since last request: 0.000037 seconds.
  path: Packages/com.unity.collab-proxy/Editor/PlasticSCM/Assets/Images/d_colorbuhoshe.png
  artifactKey: Guid(a04ecc9d5e12d5d449077414eb86635e) Importer(815301076,1909f56bfc062723c751e8b465ee728b)
Start importing Packages/com.unity.collab-proxy/Editor/PlasticSCM/Assets/Images/d_colorbuhoshe.png using Guid(a04ecc9d5e12d5d449077414eb86635e) Importer(815301076,1909f56bfc062723c751e8b465ee728b)  -> (artifact id: '22e022420cc62ba8e265a70a53889ebb') in 0.099977 seconds 
========================================================================
Received Import Request.
  Time since last request: 0.000051 seconds.
  path: Packages/com.unity.collab-proxy/Editor/PlasticSCM/Assets/Images/d_colorbuhochristmas.png
  artifactKey: Guid(fd098fb4cf57bad419701c802e442b7e) Importer(815301076,1909f56bfc062723c751e8b465ee728b)
Start importing Packages/com.unity.collab-proxy/Editor/PlasticSCM/Assets/Images/d_colorbuhochristmas.png using Guid(fd098fb4cf57bad419701c802e442b7e) Importer(815301076,1909f56bfc062723c751e8b465ee728b)  -> (artifact id: '2f9e95c723360dd1dd8d1957089e2b60') in 0.098767 seconds 
========================================================================
Received Import Request.
  Time since last request: 0.000046 seconds.
  path: Packages/com.unity.collab-proxy/Editor/PlasticSCM/Assets/Images/d_genericbuho2.png
  artifactKey: Guid(0f061b4bd0275bc4eb60f2af31e7375a) Importer(815301076,1909f56bfc062723c751e8b465ee728b)
Start importing Packages/com.unity.collab-proxy/Editor/PlasticSCM/Assets/Images/d_genericbuho2.png using Guid(0f061b4bd0275bc4eb60f2af31e7375a) Importer(815301076,1909f56bfc062723c751e8b465ee728b)  -> (artifact id: '20721d5b2790798dede6aaa41b227d12') in 0.108257 seconds 
========================================================================
Received Import Request.
  Time since last request: 0.000039 seconds.
  path: Packages/com.unity.collab-proxy/Editor/PlasticSCM/Assets/Images/d_genericbuhochristmas1.png
  artifactKey: Guid(e36d1a38d7aa309409e80bf66a089330) Importer(815301076,1909f56bfc062723c751e8b465ee728b)
Start importing Packages/com.unity.collab-proxy/Editor/PlasticSCM/Assets/Images/d_genericbuhochristmas1.png using Guid(e36d1a38d7aa309409e80bf66a089330) Importer(815301076,1909f56bfc062723c751e8b465ee728b)  -> (artifact id: 'b5d0d401e3d18093db7cf221b3601f03') in 0.090887 seconds 
========================================================================
Received Import Request.
  Time since last request: 0.112120 seconds.
  path: Packages/com.unity.collab-proxy/Editor/PlasticSCM/Assets/Images/d_genericbuhoshe3.png
  artifactKey: Guid(9bb60d9b0987c3747b57516cc172d0c7) Importer(815301076,1909f56bfc062723c751e8b465ee728b)
Start importing Packages/com.unity.collab-proxy/Editor/PlasticSCM/Assets/Images/d_genericbuhoshe3.png using Guid(9bb60d9b0987c3747b57516cc172d0c7) Importer(815301076,1909f56bfc062723c751e8b465ee728b)  -> (artifact id: '0d8867722d9e8c58c01c225a05d58a5b') in 0.073700 seconds 
========================================================================
Received Import Request.
  Time since last request: 0.000038 seconds.
  path: Packages/com.unity.collab-proxy/Editor/PlasticSCM/Assets/Images/d_genericbuhoshechristmas3.png
  artifactKey: Guid(f8c9467a892580344bb697526dac0d13) Importer(815301076,1909f56bfc062723c751e8b465ee728b)
Start importing Packages/com.unity.collab-proxy/Editor/PlasticSCM/Assets/Images/d_genericbuhoshechristmas3.png using Guid(f8c9467a892580344bb697526dac0d13) Importer(815301076,1909f56bfc062723c751e8b465ee728b)  -> (artifact id: '892930d2836b001a16240d01cb4de115') in 0.106993 seconds 
========================================================================
Received Import Request.
  Time since last request: 0.000039 seconds.
  path: Packages/com.unity.collab-proxy/Editor/PlasticSCM/Assets/Images/d_iconcheckedoutlocaloverlay@2x.png
  artifactKey: Guid(8d98ab6168c3e91439339f1908b8fe97) Importer(815301076,1909f56bfc062723c751e8b465ee728b)
Start importing Packages/com.unity.collab-proxy/Editor/PlasticSCM/Assets/Images/d_iconcheckedoutlocaloverlay@2x.png using Guid(8d98ab6168c3e91439339f1908b8fe97) Importer(815301076,1909f56bfc062723c751e8b465ee728b)  -> (artifact id: 'c0aa090104f046ddd81ce4a365dd4399') in 0.088962 seconds 
========================================================================
Received Import Request.
  Time since last request: 0.000060 seconds.
  path: Packages/com.unity.collab-proxy/Editor/PlasticSCM/Assets/Images/d_iconclosebutton@2x.png
  artifactKey: Guid(0525793900d728a42936791a8a6de63b) Importer(815301076,1909f56bfc062723c751e8b465ee728b)
Start importing Packages/com.unity.collab-proxy/Editor/PlasticSCM/Assets/Images/d_iconclosebutton@2x.png using Guid(0525793900d728a42936791a8a6de63b) Importer(815301076,1909f56bfc062723c751e8b465ee728b)  -> (artifact id: '92ae042ce0811a3f0b227aae5e401489') in 0.085143 seconds 
========================================================================
Received Import Request.
  Time since last request: 0.000037 seconds.
  path: Packages/com.unity.collab-proxy/Editor/PlasticSCM/Assets/Images/d_iconconflictresolvedoverlay.png
  artifactKey: Guid(056ee72c467a4e24d87541d42839ca72) Importer(815301076,1909f56bfc062723c751e8b465ee728b)
Start importing Packages/com.unity.collab-proxy/Editor/PlasticSCM/Assets/Images/d_iconconflictresolvedoverlay.png using Guid(056ee72c467a4e24d87541d42839ca72) Importer(815301076,1909f56bfc062723c751e8b465ee728b)  -> (artifact id: '15122f07b9b5f378022ad98258cb4d84') in 0.094712 seconds 
========================================================================
Received Import Request.
  Time since last request: 0.000042 seconds.
  path: Packages/com.unity.collab-proxy/Editor/PlasticSCM/Assets/Images/d_icondeletedremote.png
  artifactKey: Guid(23e66f7264c74424889342127f229577) Importer(815301076,1909f56bfc062723c751e8b465ee728b)
Start importing Packages/com.unity.collab-proxy/Editor/PlasticSCM/Assets/Images/d_icondeletedremote.png using Guid(23e66f7264c74424889342127f229577) Importer(815301076,1909f56bfc062723c751e8b465ee728b)  -> (artifact id: 'cce6d4a0dda6fe86eebf93ffdc708d0a') in 0.082502 seconds 
========================================================================
Received Import Request.
  Time since last request: 0.000040 seconds.
  path: Packages/com.unity.collab-proxy/Editor/PlasticSCM/Assets/Images/d_genericbuhoshechristmas1.png
  artifactKey: Guid(d98fbe17966d8ef449b25b99024bf36f) Importer(815301076,1909f56bfc062723c751e8b465ee728b)
Start importing Packages/com.unity.collab-proxy/Editor/PlasticSCM/Assets/Images/d_genericbuhoshechristmas1.png using Guid(d98fbe17966d8ef449b25b99024bf36f) Importer(815301076,1909f56bfc062723c751e8b465ee728b)  -> (artifact id: '00d922b5dfa68e4f665d64847929014b') in 0.099764 seconds 
========================================================================
Received Import Request.
  Time since last request: 0.000049 seconds.
  path: Packages/com.unity.collab-proxy/Editor/PlasticSCM/Assets/Images/d_iconoutofsync@2x.png
  artifactKey: Guid(f82dfc5fc3c5a8f4080a3550427019c8) Importer(815301076,1909f56bfc062723c751e8b465ee728b)
Start importing Packages/com.unity.collab-proxy/Editor/PlasticSCM/Assets/Images/d_iconoutofsync@2x.png using Guid(f82dfc5fc3c5a8f4080a3550427019c8) Importer(815301076,1909f56bfc062723c751e8b465ee728b)  -> (artifact id: '4f906925c9749c87659ee4dea4fa5a84') in 0.071727 seconds 
========================================================================
Received Import Request.
  Time since last request: 0.000036 seconds.
  path: Packages/com.unity.collab-proxy/Editor/PlasticSCM/Assets/Images/d_iconconflictedoverlay@2x.png
  artifactKey: Guid(a3ced8f7044b9de4787602a9e9b20ea7) Importer(815301076,1909f56bfc062723c751e8b465ee728b)
Start importing Packages/com.unity.collab-proxy/Editor/PlasticSCM/Assets/Images/d_iconconflictedoverlay@2x.png using Guid(a3ced8f7044b9de4787602a9e9b20ea7) Importer(815301076,1909f56bfc062723c751e8b465ee728b)  -> (artifact id: 'ef206e1fe87cbebd4bb186f9bf411479') in 0.083571 seconds 
========================================================================
Received Import Request.
  Time since last request: 0.000036 seconds.
  path: Packages/com.unity.collab-proxy/Editor/PlasticSCM/Assets/Images/d_iconlockedlocaloverlay@2x.png
  artifactKey: Guid(ae53a7884da90e94eb5dfeab594b746c) Importer(815301076,1909f56bfc062723c751e8b465ee728b)
Start importing Packages/com.unity.collab-proxy/Editor/PlasticSCM/Assets/Images/d_iconlockedlocaloverlay@2x.png using Guid(ae53a7884da90e94eb5dfeab594b746c) Importer(815301076,1909f56bfc062723c751e8b465ee728b)  -> (artifact id: '7fabd9b294df8290788a48ac393a9dfe') in 0.098255 seconds 
========================================================================
Received Import Request.
  Time since last request: 0.000040 seconds.
  path: Packages/com.unity.collab-proxy/Editor/PlasticSCM/Assets/Images/d_iconoutofsync.png
  artifactKey: Guid(0e80bd0b4a8196f46acf73711b9505ec) Importer(815301076,1909f56bfc062723c751e8b465ee728b)
Start importing Packages/com.unity.collab-proxy/Editor/PlasticSCM/Assets/Images/d_iconoutofsync.png using Guid(0e80bd0b4a8196f46acf73711b9505ec) Importer(815301076,1909f56bfc062723c751e8b465ee728b)  -> (artifact id: '1e5d5a02bc73e5ad719d1ee1927afab4') in 0.080659 seconds 
========================================================================
Received Import Request.
  Time since last request: 0.000047 seconds.
  path: Packages/com.unity.collab-proxy/Editor/PlasticSCM/Assets/Images/d_icondeletedlocaloverlay.png
  artifactKey: Guid(4da274d970a82a943ae3979e7833f3dd) Importer(815301076,1909f56bfc062723c751e8b465ee728b)
Start importing Packages/com.unity.collab-proxy/Editor/PlasticSCM/Assets/Images/d_icondeletedlocaloverlay.png using Guid(4da274d970a82a943ae3979e7833f3dd) Importer(815301076,1909f56bfc062723c751e8b465ee728b)  -> (artifact id: 'cdf36669bfa3963beb094cc58e331b6f') in 0.082071 seconds 
========================================================================
Received Import Request.
  Time since last request: 0.000031 seconds.
  path: Packages/com.unity.collab-proxy/Editor/PlasticSCM/Assets/Images/d_genericbuhoshechristmas2.png
  artifactKey: Guid(7fd3cda14282bb7429b8eeb6c121e5bb) Importer(815301076,1909f56bfc062723c751e8b465ee728b)
Start importing Packages/com.unity.collab-proxy/Editor/PlasticSCM/Assets/Images/d_genericbuhoshechristmas2.png using Guid(7fd3cda14282bb7429b8eeb6c121e5bb) Importer(815301076,1909f56bfc062723c751e8b465ee728b)  -> (artifact id: 'b0dc36ef57b5960e940eaaed366a871d') in 0.094933 seconds 
========================================================================
Received Import Request.
  Time since last request: 0.000036 seconds.
  path: Packages/com.unity.collab-proxy/Editor/PlasticSCM/Assets/Images/d_icondeletedremote@2x.png
  artifactKey: Guid(626b9cddb29049e4cac50cd87b419945) Importer(815301076,1909f56bfc062723c751e8b465ee728b)
Start importing Packages/com.unity.collab-proxy/Editor/PlasticSCM/Assets/Images/d_icondeletedremote@2x.png using Guid(626b9cddb29049e4cac50cd87b419945) Importer(815301076,1909f56bfc062723c751e8b465ee728b)  -> (artifact id: 'bc6d79ee0410568e29287aaf8a205aa4') in 0.075534 seconds 
========================================================================
Received Import Request.
  Time since last request: 0.000047 seconds.
  path: Packages/com.unity.collab-proxy/Editor/PlasticSCM/Assets/Images/d_iconoutofsyncoverlay.png
  artifactKey: Guid(dc633de6e6e7415448c7568418239a9d) Importer(815301076,1909f56bfc062723c751e8b465ee728b)
Start importing Packages/com.unity.collab-proxy/Editor/PlasticSCM/Assets/Images/d_iconoutofsyncoverlay.png using Guid(dc633de6e6e7415448c7568418239a9d) Importer(815301076,1909f56bfc062723c751e8b465ee728b)  -> (artifact id: '79e5d83bbb118d3f02a4a72f6a483662') in 0.087032 seconds 
========================================================================
Received Import Request.
  Time since last request: 0.000037 seconds.
  path: Packages/com.unity.collab-proxy/Editor/PlasticSCM/Assets/Images/d_icondeletedlocaloverlay@2x.png
  artifactKey: Guid(92b204cca46037444ab18ba6701f86f7) Importer(815301076,1909f56bfc062723c751e8b465ee728b)
Start importing Packages/com.unity.collab-proxy/Editor/PlasticSCM/Assets/Images/d_icondeletedlocaloverlay@2x.png using Guid(92b204cca46037444ab18ba6701f86f7) Importer(815301076,1909f56bfc062723c751e8b465ee728b)  -> (artifact id: '94de6f4ee0b5be4d2ec16175fe346740') in 0.079169 seconds 
========================================================================
Received Import Request.
  Time since last request: 0.000116 seconds.
  path: Packages/com.unity.collab-proxy/Editor/PlasticSCM/Assets/Images/d_iconlockedremoteoverlay.png
  artifactKey: Guid(1046ed65e6aaffb4391378f6d08d6c14) Importer(815301076,1909f56bfc062723c751e8b465ee728b)
Start importing Packages/com.unity.collab-proxy/Editor/PlasticSCM/Assets/Images/d_iconlockedremoteoverlay.png using Guid(1046ed65e6aaffb4391378f6d08d6c14) Importer(815301076,1909f56bfc062723c751e8b465ee728b)  -> (artifact id: '70589644e2b7a24da1aad794e59488ae') in 0.089396 seconds 
========================================================================
Received Import Request.
  Time since last request: 0.000041 seconds.
  path: Packages/com.unity.collab-proxy/Editor/PlasticSCM/Assets/Images/icondeletedremoteoverlay@2x.png
  artifactKey: Guid(d5c3277b1dbad9448b46c2ec87a2cef8) Importer(815301076,1909f56bfc062723c751e8b465ee728b)
Start importing Packages/com.unity.collab-proxy/Editor/PlasticSCM/Assets/Images/icondeletedremoteoverlay@2x.png using Guid(d5c3277b1dbad9448b46c2ec87a2cef8) Importer(815301076,1909f56bfc062723c751e8b465ee728b)  -> (artifact id: '87166a519d7155c749ac6a6c30b49318') in 0.091107 seconds 
========================================================================
Received Import Request.
  Time since last request: 0.000049 seconds.
  path: Packages/com.unity.collab-proxy/Editor/PlasticSCM/Assets/Images/xlink.png
  artifactKey: Guid(556a2f3b046024d4c9621c1b4be5f0c1) Importer(815301076,1909f56bfc062723c751e8b465ee728b)
Start importing Packages/com.unity.collab-proxy/Editor/PlasticSCM/Assets/Images/xlink.png using Guid(556a2f3b046024d4c9621c1b4be5f0c1) Importer(815301076,1909f56bfc062723c751e8b465ee728b)  -> (artifact id: '85e62de15fd9f2972de05562d2348003') in 0.083041 seconds 
========================================================================
Received Import Request.
  Time since last request: 0.000048 seconds.
  path: Packages/com.unity.collab-proxy/Editor/PlasticSCM/Assets/Images/iconplasticnotifyconflict@2x.png
  artifactKey: Guid(6e0a54826ffc3ee46b0aa3e1c1575a69) Importer(815301076,1909f56bfc062723c751e8b465ee728b)
Start importing Packages/com.unity.collab-proxy/Editor/PlasticSCM/Assets/Images/iconplasticnotifyconflict@2x.png using Guid(6e0a54826ffc3ee46b0aa3e1c1575a69) Importer(815301076,1909f56bfc062723c751e8b465ee728b)  -> (artifact id: '400c145672e033b66a9ec2f1fc2e69ea') in 0.099996 seconds 
========================================================================
Received Import Request.
  Time since last request: 0.000043 seconds.
  path: Packages/com.unity.collab-proxy/Editor/PlasticSCM/Assets/Images/iconoutofsyncoverlay@2x.png
  artifactKey: Guid(3728580c149181a44b359e89f6edacae) Importer(815301076,1909f56bfc062723c751e8b465ee728b)
Start importing Packages/com.unity.collab-proxy/Editor/PlasticSCM/Assets/Images/iconoutofsyncoverlay@2x.png using Guid(3728580c149181a44b359e89f6edacae) Importer(815301076,1909f56bfc062723c751e8b465ee728b)  -> (artifact id: '29b81b12d05c4a2b148e4f705b4f1f1e') in 0.078000 seconds 
========================================================================
Received Import Request.
  Time since last request: 0.000064 seconds.
  path: Packages/com.unity.collab-proxy/Editor/PlasticSCM/Assets/Images/d_secondarytabclose.png
  artifactKey: Guid(6975ee4c1f40caf4da8dd733ee2cfeaf) Importer(815301076,1909f56bfc062723c751e8b465ee728b)
Start importing Packages/com.unity.collab-proxy/Editor/PlasticSCM/Assets/Images/d_secondarytabclose.png using Guid(6975ee4c1f40caf4da8dd733ee2cfeaf) Importer(815301076,1909f56bfc062723c751e8b465ee728b)  -> (artifact id: 'f75b65152ed1fb93095262161704b00b') in 0.077855 seconds 
========================================================================
Received Import Request.
  Time since last request: 0.000039 seconds.
  path: Packages/com.unity.collab-proxy/Editor/PlasticSCM/Assets/Images/iconmoved.png
  artifactKey: Guid(8a6cca56e2b63344eb4769cd92d93ffb) Importer(815301076,1909f56bfc062723c751e8b465ee728b)
Start importing Packages/com.unity.collab-proxy/Editor/PlasticSCM/Assets/Images/iconmoved.png using Guid(8a6cca56e2b63344eb4769cd92d93ffb) Importer(815301076,1909f56bfc062723c751e8b465ee728b)  -> (artifact id: '27ff46738d9a6ce0dd86ebe660df236a') in 0.073983 seconds 
========================================================================
Received Import Request.
  Time since last request: 0.000042 seconds.
  path: Packages/com.unity.collab-proxy/Editor/PlasticSCM/Assets/Images/icondeletedremote@2x.png
  artifactKey: Guid(70e3ce8ad01f39248a3ea97a35bcf238) Importer(815301076,1909f56bfc062723c751e8b465ee728b)
Start importing Packages/com.unity.collab-proxy/Editor/PlasticSCM/Assets/Images/icondeletedremote@2x.png using Guid(70e3ce8ad01f39248a3ea97a35bcf238) Importer(815301076,1909f56bfc062723c751e8b465ee728b)  -> (artifact id: '4b85539efa1b7f3d8e09c67a13560b68') in 0.082121 seconds 
========================================================================
Received Import Request.
  Time since last request: 0.000043 seconds.
  path: Packages/com.unity.collab-proxy/Editor/PlasticSCM/Assets/Images/iconplasticview.png
  artifactKey: Guid(dcb2ee37925b97e438ae244996d81a55) Importer(815301076,1909f56bfc062723c751e8b465ee728b)
Start importing Packages/com.unity.collab-proxy/Editor/PlasticSCM/Assets/Images/iconplasticview.png using Guid(dcb2ee37925b97e438ae244996d81a55) Importer(815301076,1909f56bfc062723c751e8b465ee728b)  -> (artifact id: '1479523e10c7f4718d740a2915adf509') in 0.093462 seconds 
========================================================================
Received Import Request.
  Time since last request: 0.000049 seconds.
  path: Packages/com.unity.collab-proxy/Editor/PlasticSCM/Assets/Images/iconemptygravatar.png
  artifactKey: Guid(91976e8b9ce0f0341838727acd55621c) Importer(815301076,1909f56bfc062723c751e8b465ee728b)
Start importing Packages/com.unity.collab-proxy/Editor/PlasticSCM/Assets/Images/iconemptygravatar.png using Guid(91976e8b9ce0f0341838727acd55621c) Importer(815301076,1909f56bfc062723c751e8b465ee728b)  -> (artifact id: '542048367a1724eaa0cc927f5a1639cf') in 0.099498 seconds 
========================================================================
Received Import Request.
  Time since last request: 0.000038 seconds.
  path: Packages/com.unity.collab-proxy/Editor/PlasticSCM/Assets/Images/d_loading@2x.png
  artifactKey: Guid(7ee48c5fba4919649a8a6094cbead669) Importer(815301076,1909f56bfc062723c751e8b465ee728b)
Start importing Packages/com.unity.collab-proxy/Editor/PlasticSCM/Assets/Images/d_loading@2x.png using Guid(7ee48c5fba4919649a8a6094cbead669) Importer(815301076,1909f56bfc062723c751e8b465ee728b)  -> (artifact id: 'd8fc3e05345932b79a8db0fdad2773e3') in 0.070712 seconds 
========================================================================
Received Import Request.
  Time since last request: 0.000042 seconds.
  path: Packages/com.unity.collab-proxy/Editor/PlasticSCM/Assets/Images/iconlockedlocaloverlay.png
  artifactKey: Guid(3eb463f682a32ab48b98a68d3361e524) Importer(815301076,1909f56bfc062723c751e8b465ee728b)
Start importing Packages/com.unity.collab-proxy/Editor/PlasticSCM/Assets/Images/iconlockedlocaloverlay.png using Guid(3eb463f682a32ab48b98a68d3361e524) Importer(815301076,1909f56bfc062723c751e8b465ee728b)  -> (artifact id: '900a115ed0ba390fa28c21be36e08536') in 0.065397 seconds 
========================================================================
Received Import Request.
  Time since last request: 0.007927 seconds.
  path: Packages/com.unity.collab-proxy/Editor/PlasticSCM/Assets/Images/iconconflictedoverlay.png
  artifactKey: Guid(d25a8ffe41f199d4c8f355d2de2d19e0) Importer(815301076,1909f56bfc062723c751e8b465ee728b)
Start importing Packages/com.unity.collab-proxy/Editor/PlasticSCM/Assets/Images/iconconflictedoverlay.png using Guid(d25a8ffe41f199d4c8f355d2de2d19e0) Importer(815301076,1909f56bfc062723c751e8b465ee728b)  -> (artifact id: '4bda020e1a871235e6861182ab0f5775') in 0.074612 seconds 
========================================================================
Received Import Request.
  Time since last request: 0.000110 seconds.
  path: Packages/com.unity.collab-proxy/Editor/PlasticSCM/Assets/Images/iconoutofsync@2x.png
  artifactKey: Guid(d7094718bdac022428dd29244922d06b) Importer(815301076,1909f56bfc062723c751e8b465ee728b)
Start importing Packages/com.unity.collab-proxy/Editor/PlasticSCM/Assets/Images/iconoutofsync@2x.png using Guid(d7094718bdac022428dd29244922d06b) Importer(815301076,1909f56bfc062723c751e8b465ee728b)  -> (artifact id: '3f41a0c9949ca92976f4c3ffb285075b') in 0.078927 seconds 
========================================================================
Received Import Request.
  Time since last request: 0.000039 seconds.
  path: Packages/com.unity.collab-proxy/Editor/PlasticSCM/Assets/Images/iconoutofsync.png
  artifactKey: Guid(636d03a8834e3ed4cac3a1cb4b82deaf) Importer(815301076,1909f56bfc062723c751e8b465ee728b)
Start importing Packages/com.unity.collab-proxy/Editor/PlasticSCM/Assets/Images/iconoutofsync.png using Guid(636d03a8834e3ed4cac3a1cb4b82deaf) Importer(815301076,1909f56bfc062723c751e8b465ee728b)  -> (artifact id: 'f308044350d0a9eb2ecc97e1bd88ab21') in 0.077361 seconds 
========================================================================
Received Import Request.
  Time since last request: 0.000725 seconds.
  path: Packages/com.unity.collab-proxy/Editor/PlasticSCM/Assets/Images/iconplasticnotifyincoming.png
  artifactKey: Guid(1e6c9635b80f973488d8335a081c905f) Importer(815301076,1909f56bfc062723c751e8b465ee728b)
Start importing Packages/com.unity.collab-proxy/Editor/PlasticSCM/Assets/Images/iconplasticnotifyincoming.png using Guid(1e6c9635b80f973488d8335a081c905f) Importer(815301076,1909f56bfc062723c751e8b465ee728b)  -> (artifact id: '451f9d3fafd878a4424e5e3b7e8f226e') in 0.070035 seconds 
========================================================================
Received Import Request.
  Time since last request: 0.000057 seconds.
  path: Packages/com.unity.collab-proxy/Editor/PlasticSCM/Assets/Images/d_secondarytabclosehover@2x.png
  artifactKey: Guid(9aa4348290784b2468144a97eb15d8d7) Importer(815301076,1909f56bfc062723c751e8b465ee728b)
Start importing Packages/com.unity.collab-proxy/Editor/PlasticSCM/Assets/Images/d_secondarytabclosehover@2x.png using Guid(9aa4348290784b2468144a97eb15d8d7) Importer(815301076,1909f56bfc062723c751e8b465ee728b)  -> (artifact id: '8d43cc4dc3aaf68b532ac3d78aab50d9') in 0.070259 seconds 
========================================================================
Received Import Request.
  Time since last request: 0.000558 seconds.
  path: Packages/com.unity.collab-proxy/Editor/PlasticSCM/Assets/Images/d_step2.png
  artifactKey: Guid(897c3a3f5c4038345a7143573bbb4a40) Importer(815301076,1909f56bfc062723c751e8b465ee728b)
Start importing Packages/com.unity.collab-proxy/Editor/PlasticSCM/Assets/Images/d_step2.png using Guid(897c3a3f5c4038345a7143573bbb4a40) Importer(815301076,1909f56bfc062723c751e8b465ee728b)  -> (artifact id: '40e57c8432ba9aeaf594245cd586da8b') in 0.069227 seconds 
========================================================================
Received Import Request.
  Time since last request: 0.000041 seconds.
  path: Packages/com.unity.collab-proxy/Editor/PlasticSCM/Assets/Images/icondeletedlocaloverlay@2x.png
  artifactKey: Guid(a3e491f99ea3ad74f8731ca93e84c497) Importer(815301076,1909f56bfc062723c751e8b465ee728b)
Start importing Packages/com.unity.collab-proxy/Editor/PlasticSCM/Assets/Images/icondeletedlocaloverlay@2x.png using Guid(a3e491f99ea3ad74f8731ca93e84c497) Importer(815301076,1909f56bfc062723c751e8b465ee728b)  -> (artifact id: 'e8ebff3e806d3c1779ce99550b0c63bb') in 0.072623 seconds 
========================================================================
Received Import Request.
  Time since last request: 0.000049 seconds.
  path: Packages/com.unity.collab-proxy/Editor/PlasticSCM/Assets/Images/d_loading.png
  artifactKey: Guid(d58e94bfb1bac774dbb8ca9c2597ef2e) Importer(815301076,1909f56bfc062723c751e8b465ee728b)
Start importing Packages/com.unity.collab-proxy/Editor/PlasticSCM/Assets/Images/d_loading.png using Guid(d58e94bfb1bac774dbb8ca9c2597ef2e) Importer(815301076,1909f56bfc062723c751e8b465ee728b)  -> (artifact id: '00d2d9112687f41426281edb631f38a1') in 0.082775 seconds 
========================================================================
Received Import Request.
  Time since last request: 0.000047 seconds.
  path: Packages/com.unity.collab-proxy/Editor/PlasticSCM/Assets/Images/iconlockedremoteoverlay@2x.png
  artifactKey: Guid(f73a7d8758d7be04588b15637d94b5a8) Importer(815301076,1909f56bfc062723c751e8b465ee728b)
Start importing Packages/com.unity.collab-proxy/Editor/PlasticSCM/Assets/Images/iconlockedremoteoverlay@2x.png using Guid(f73a7d8758d7be04588b15637d94b5a8) Importer(815301076,1909f56bfc062723c751e8b465ee728b)  -> (artifact id: '607410c488c04ca446f77e916baca22b') in 0.073570 seconds 
========================================================================
Received Import Request.
  Time since last request: 0.000037 seconds.
  path: Packages/com.unity.collab-proxy/Editor/PlasticSCM/Assets/Images/d_step1.png
  artifactKey: Guid(38236a82ff44aaa4b972248479d5f970) Importer(815301076,1909f56bfc062723c751e8b465ee728b)
Start importing Packages/com.unity.collab-proxy/Editor/PlasticSCM/Assets/Images/d_step1.png using Guid(38236a82ff44aaa4b972248479d5f970) Importer(815301076,1909f56bfc062723c751e8b465ee728b)  -> (artifact id: 'e52db1b26fcb642e78c80c6b4b86f425') in 0.077742 seconds 
========================================================================
Received Import Request.
  Time since last request: 0.000039 seconds.
  path: Packages/com.unity.collab-proxy/Editor/PlasticSCM/Assets/Images/d_secondarytabclosehover.png
  artifactKey: Guid(6a9d211bea1bc4a429d86cbb2d0b0a3e) Importer(815301076,1909f56bfc062723c751e8b465ee728b)
Start importing Packages/com.unity.collab-proxy/Editor/PlasticSCM/Assets/Images/d_secondarytabclosehover.png using Guid(6a9d211bea1bc4a429d86cbb2d0b0a3e) Importer(815301076,1909f56bfc062723c751e8b465ee728b)  -> (artifact id: 'ff2bc4342e28367029da5a410617daf6') in 0.075658 seconds 
========================================================================
Received Import Request.
  Time since last request: 0.000054 seconds.
  path: Packages/com.unity.collab-proxy/Editor/PlasticSCM/Assets/Images/iconconflictresolvedoverlay@2x.png
  artifactKey: Guid(309b1d5a294fd6c43ae9cf77656c1852) Importer(815301076,1909f56bfc062723c751e8b465ee728b)
Start importing Packages/com.unity.collab-proxy/Editor/PlasticSCM/Assets/Images/iconconflictresolvedoverlay@2x.png using Guid(309b1d5a294fd6c43ae9cf77656c1852) Importer(815301076,1909f56bfc062723c751e8b465ee728b)  -> (artifact id: 'a734b06a138a6c33aaff675da9008931') in 0.080905 seconds 
========================================================================
Received Import Request.
  Time since last request: 0.000040 seconds.
  path: Packages/com.unity.collab-proxy/Editor/PlasticSCM/Assets/Images/stepok.png
  artifactKey: Guid(d4780dc1205c7c7478c970d8c61d24e8) Importer(815301076,1909f56bfc062723c751e8b465ee728b)
Start importing Packages/com.unity.collab-proxy/Editor/PlasticSCM/Assets/Images/stepok.png using Guid(d4780dc1205c7c7478c970d8c61d24e8) Importer(815301076,1909f56bfc062723c751e8b465ee728b)  -> (artifact id: 'f7ae18daa3c52cc978ba8878634686d7') in 0.079432 seconds 
========================================================================
Received Import Request.
  Time since last request: 0.000037 seconds.
  path: Packages/com.unity.collab-proxy/Editor/PlasticSCM/Assets/Images/icondeleted.png
  artifactKey: Guid(77a39e873655d3c4b93d0b7696397b83) Importer(815301076,1909f56bfc062723c751e8b465ee728b)
Start importing Packages/com.unity.collab-proxy/Editor/PlasticSCM/Assets/Images/icondeleted.png using Guid(77a39e873655d3c4b93d0b7696397b83) Importer(815301076,1909f56bfc062723c751e8b465ee728b)  -> (artifact id: '07097c3102e7d3078904872cf80c0834') in 0.088229 seconds 
========================================================================
Received Import Request.
  Time since last request: 0.000031 seconds.
  path: Packages/com.unity.collab-proxy/Editor/PlasticSCM/Assets/Images/d_step2@2x.png
  artifactKey: Guid(cdb88fdb0cf46b244a667edaff21c7df) Importer(815301076,1909f56bfc062723c751e8b465ee728b)
Start importing Packages/com.unity.collab-proxy/Editor/PlasticSCM/Assets/Images/d_step2@2x.png using Guid(cdb88fdb0cf46b244a667edaff21c7df) Importer(815301076,1909f56bfc062723c751e8b465ee728b)  -> (artifact id: '7a944b79d1a6a8a9dd72432a4cda8a2b') in 0.088225 seconds 
========================================================================
Received Import Request.
  Time since last request: 48.381507 seconds.
  path: Packages/com.unity.collab-proxy/Editor/PlasticSCM/Assets/Images/d_iconplasticnotifyconflict.png
  artifactKey: Guid(51582ae5ea51fa14996791a550f89473) Importer(815301076,1909f56bfc062723c751e8b465ee728b)
Start importing Packages/com.unity.collab-proxy/Editor/PlasticSCM/Assets/Images/d_iconplasticnotifyconflict.png using Guid(51582ae5ea51fa14996791a550f89473) Importer(815301076,1909f56bfc062723c751e8b465ee728b)  -> (artifact id: '3430fc7232195eddf2887cc8b78211ae') in 0.078254 seconds 
========================================================================
Received Import Request.
  Time since last request: 0.000043 seconds.
  path: Packages/com.unity.collab-proxy/Editor/PlasticSCM/Assets/Images/d_ignoredoverlay.png
  artifactKey: Guid(0f5597de928ba6547895c4cdb9fa4185) Importer(815301076,1909f56bfc062723c751e8b465ee728b)
Start importing Packages/com.unity.collab-proxy/Editor/PlasticSCM/Assets/Images/d_ignoredoverlay.png using Guid(0f5597de928ba6547895c4cdb9fa4185) Importer(815301076,1909f56bfc062723c751e8b465ee728b)  -> (artifact id: 'fbc285f52f9f0e3132f8fb8181d5dffe') in 0.099874 seconds 
========================================================================
Received Import Request.
  Time since last request: 0.000037 seconds.
  path: Packages/com.unity.collab-proxy/Editor/PlasticSCM/Assets/Images/d_iconprivateoverlay@2x.png
  artifactKey: Guid(7f854f490da24e54f9e8383e446b5d81) Importer(815301076,1909f56bfc062723c751e8b465ee728b)
Start importing Packages/com.unity.collab-proxy/Editor/PlasticSCM/Assets/Images/d_iconprivateoverlay@2x.png using Guid(7f854f490da24e54f9e8383e446b5d81) Importer(815301076,1909f56bfc062723c751e8b465ee728b)  -> (artifact id: '7d2bbecc09201312689b178c4015422f') in 0.077675 seconds 
========================================================================
Received Import Request.
  Time since last request: 0.000052 seconds.
  path: Packages/com.unity.collab-proxy/Editor/PlasticSCM/Assets/Images/d_iconplasticnotifyconflict@2x.png
  artifactKey: Guid(23743f0c0ed1e6546808a5d645c2a6a5) Importer(815301076,1909f56bfc062723c751e8b465ee728b)
Start importing Packages/com.unity.collab-proxy/Editor/PlasticSCM/Assets/Images/d_iconplasticnotifyconflict@2x.png using Guid(23743f0c0ed1e6546808a5d645c2a6a5) Importer(815301076,1909f56bfc062723c751e8b465ee728b)  -> (artifact id: '63c86cd803a768701247b5582726a5e6') in 0.081142 seconds 
========================================================================
Received Import Request.
  Time since last request: 0.000037 seconds.
  path: Packages/com.unity.collab-proxy/Editor/PlasticSCM/Assets/Images/d_iconplasticviewnotify.png
  artifactKey: Guid(df7dbac99fae5444f92b497c52f0ecfb) Importer(815301076,1909f56bfc062723c751e8b465ee728b)
Start importing Packages/com.unity.collab-proxy/Editor/PlasticSCM/Assets/Images/d_iconplasticviewnotify.png using Guid(df7dbac99fae5444f92b497c52f0ecfb) Importer(815301076,1909f56bfc062723c751e8b465ee728b)  -> (artifact id: 'e670724077ebf05e2d5b08504692b430') in 0.076579 seconds 
========================================================================
Received Import Request.
  Time since last request: 0.000039 seconds.
  path: Packages/com.unity.collab-proxy/Editor/PlasticSCM/Assets/Images/d_iconplasticnotifyincoming@2x.png
  artifactKey: Guid(c5fc116b3271b5947808130b2212cd60) Importer(815301076,1909f56bfc062723c751e8b465ee728b)
Start importing Packages/com.unity.collab-proxy/Editor/PlasticSCM/Assets/Images/d_iconplasticnotifyincoming@2x.png using Guid(c5fc116b3271b5947808130b2212cd60) Importer(815301076,1909f56bfc062723c751e8b465ee728b)  -> (artifact id: 'f09dadbe8841a558a7a12b99ce649bb9') in 0.067770 seconds 
========================================================================
Received Import Request.
  Time since last request: 0.000043 seconds.
  path: Packages/com.unity.collab-proxy/Editor/PlasticSCM/Assets/Images/d_iconplasticview.png
  artifactKey: Guid(519d97e745e55f041b609f3666cbc037) Importer(815301076,1909f56bfc062723c751e8b465ee728b)
Start importing Packages/com.unity.collab-proxy/Editor/PlasticSCM/Assets/Images/d_iconplasticview.png using Guid(519d97e745e55f041b609f3666cbc037) Importer(815301076,1909f56bfc062723c751e8b465ee728b)  -> (artifact id: 'dd98eb3a799a53ed9fc5601acb5c181b') in 0.057467 seconds 
========================================================================
Received Import Request.
  Time since last request: 0.000039 seconds.
  path: Packages/com.unity.collab-proxy/Editor/PlasticSCM/Assets/Images/d_iconundo@2x.png
  artifactKey: Guid(6d6088174bb906b49ad8428526ee337b) Importer(815301076,1909f56bfc062723c751e8b465ee728b)
Start importing Packages/com.unity.collab-proxy/Editor/PlasticSCM/Assets/Images/d_iconundo@2x.png using Guid(6d6088174bb906b49ad8428526ee337b) Importer(815301076,1909f56bfc062723c751e8b465ee728b)  -> (artifact id: 'eb46e4aab7ef7dbec5eb4949b65709b3') in 0.055420 seconds 
========================================================================
Received Import Request.
  Time since last request: 0.313383 seconds.
  path: Packages/com.unity.collab-proxy/Editor/PlasticSCM/Assets/Images/d_stevejobsbuhochristmas.png
  artifactKey: Guid(08c91a7677e66844281a99aaf6ea36f1) Importer(815301076,1909f56bfc062723c751e8b465ee728b)
Start importing Packages/com.unity.collab-proxy/Editor/PlasticSCM/Assets/Images/d_stevejobsbuhochristmas.png using Guid(08c91a7677e66844281a99aaf6ea36f1) Importer(815301076,1909f56bfc062723c751e8b465ee728b)  -> (artifact id: '7c2bbe759073079a81195c0bdf811550') in 0.065079 seconds 
========================================================================
Received Import Request.
  Time since last request: 0.085510 seconds.
  path: Packages/com.unity.collab-proxy/Editor/PlasticSCM/Assets/Images/iconaddedlocal.png
  artifactKey: Guid(9a1ab8af8c446204e989a90f18305caf) Importer(815301076,1909f56bfc062723c751e8b465ee728b)
Start importing Packages/com.unity.collab-proxy/Editor/PlasticSCM/Assets/Images/iconaddedlocal.png using Guid(9a1ab8af8c446204e989a90f18305caf) Importer(815301076,1909f56bfc062723c751e8b465ee728b)  -> (artifact id: 'd32a8862dc393ddfa67fcaf04c125263') in 0.055598 seconds 
========================================================================
Received Import Request.
  Time since last request: 0.000098 seconds.
  path: Packages/com.unity.collab-proxy/Editor/PlasticSCM/Assets/Images/iconaddedoverlay@2x.png
  artifactKey: Guid(74ef721fef79c44489d4e3edb0ab0c01) Importer(815301076,1909f56bfc062723c751e8b465ee728b)
Start importing Packages/com.unity.collab-proxy/Editor/PlasticSCM/Assets/Images/iconaddedoverlay@2x.png using Guid(74ef721fef79c44489d4e3edb0ab0c01) Importer(815301076,1909f56bfc062723c751e8b465ee728b)  -> (artifact id: '27065ea6fbecdf97ca1449bddc141afa') in 0.064278 seconds 
========================================================================
Received Import Request.
  Time since last request: 0.000043 seconds.
  path: Packages/com.unity.collab-proxy/Editor/PlasticSCM/Assets/Images/iconbranch.png
  artifactKey: Guid(a6219d44b6fc910449f7c3fee45db5c5) Importer(815301076,1909f56bfc062723c751e8b465ee728b)
Start importing Packages/com.unity.collab-proxy/Editor/PlasticSCM/Assets/Images/iconbranch.png using Guid(a6219d44b6fc910449f7c3fee45db5c5) Importer(815301076,1909f56bfc062723c751e8b465ee728b)  -> (artifact id: 'f5fd7a1feb4473a2b48cb04203ce11d5') in 0.063019 seconds 
========================================================================
Received Import Request.
  Time since last request: 0.000051 seconds.
  path: Packages/com.unity.collab-proxy/Editor/PlasticSCM/Assets/Images/iconaddedoverlay.png
  artifactKey: Guid(5978a510e241e1a41b7ea0db0b64f333) Importer(815301076,1909f56bfc062723c751e8b465ee728b)
Start importing Packages/com.unity.collab-proxy/Editor/PlasticSCM/Assets/Images/iconaddedoverlay.png using Guid(5978a510e241e1a41b7ea0db0b64f333) Importer(815301076,1909f56bfc062723c751e8b465ee728b)  -> (artifact id: '54f30ed2cc6c3841c3adccc071676ddf') in 0.070220 seconds 
========================================================================
Received Import Request.
  Time since last request: 0.492838 seconds.
  path: Packages/com.unity.collab-proxy/Editor/PlasticSCM/Assets/Images/iconclosebutton.png
  artifactKey: Guid(13527793884104b46b7446fd7464c3ed) Importer(815301076,1909f56bfc062723c751e8b465ee728b)
Start importing Packages/com.unity.collab-proxy/Editor/PlasticSCM/Assets/Images/iconclosebutton.png using Guid(13527793884104b46b7446fd7464c3ed) Importer(815301076,1909f56bfc062723c751e8b465ee728b)  -> (artifact id: 'af4117b6fbb227b86d87b2f5dee5899c') in 0.069616 seconds 
========================================================================
Received Import Request.
  Time since last request: 1.066602 seconds.
  path: Packages/com.unity.collab-proxy/Editor/PlasticSCM/Assets/Images/iconplasticviewnotify.png
  artifactKey: Guid(fcbb76d583fe7ee4e80e7e47c0593c4a) Importer(815301076,1909f56bfc062723c751e8b465ee728b)
Start importing Packages/com.unity.collab-proxy/Editor/PlasticSCM/Assets/Images/iconplasticviewnotify.png using Guid(fcbb76d583fe7ee4e80e7e47c0593c4a) Importer(815301076,1909f56bfc062723c751e8b465ee728b)  -> (artifact id: '042ac94783aae3bb912a3386a8ea7efa') in 0.049998 seconds 
========================================================================
Received Import Request.
  Time since last request: 0.000042 seconds.
  path: Packages/com.unity.collab-proxy/Editor/PlasticSCM/Assets/Images/iconprivateoverlay.png
  artifactKey: Guid(9d6e2d7ce65565b4a93d524fe7a05d0b) Importer(815301076,1909f56bfc062723c751e8b465ee728b)
Start importing Packages/com.unity.collab-proxy/Editor/PlasticSCM/Assets/Images/iconprivateoverlay.png using Guid(9d6e2d7ce65565b4a93d524fe7a05d0b) Importer(815301076,1909f56bfc062723c751e8b465ee728b)  -> (artifact id: 'b91f4a6d181f3e2d2322932ea0af1b7d') in 0.065114 seconds 
========================================================================
Received Import Request.
  Time since last request: 0.000032 seconds.
  path: Packages/com.unity.collab-proxy/Editor/PlasticSCM/Assets/Images/loading.png
  artifactKey: Guid(c6b1bcaa3f4767141acd747384dbb276) Importer(815301076,1909f56bfc062723c751e8b465ee728b)
Start importing Packages/com.unity.collab-proxy/Editor/PlasticSCM/Assets/Images/loading.png using Guid(c6b1bcaa3f4767141acd747384dbb276) Importer(815301076,1909f56bfc062723c751e8b465ee728b)  -> (artifact id: 'fa8ee2357c206f20f23b6e178819f138') in 0.060019 seconds 
========================================================================
Received Import Request.
  Time since last request: 0.000039 seconds.
  path: Packages/com.unity.collab-proxy/Editor/PlasticSCM/Assets/Images/iconrepository.png
  artifactKey: Guid(ed64f3a17f2ede646be21ed6edc9161a) Importer(815301076,1909f56bfc062723c751e8b465ee728b)
Start importing Packages/com.unity.collab-proxy/Editor/PlasticSCM/Assets/Images/iconrepository.png using Guid(ed64f3a17f2ede646be21ed6edc9161a) Importer(815301076,1909f56bfc062723c751e8b465ee728b)  -> (artifact id: '661e62d17b5e0c94248d73968ab83682') in 0.083530 seconds 
========================================================================
Received Import Request.
  Time since last request: 0.000054 seconds.
  path: Packages/com.unity.collab-proxy/Editor/PlasticSCM/Assets/Images/ignoredoverlay@2x.png
  artifactKey: Guid(999d04c0ea94ccc41b3d80788160695b) Importer(815301076,1909f56bfc062723c751e8b465ee728b)
Start importing Packages/com.unity.collab-proxy/Editor/PlasticSCM/Assets/Images/ignoredoverlay@2x.png using Guid(999d04c0ea94ccc41b3d80788160695b) Importer(815301076,1909f56bfc062723c751e8b465ee728b)  -> (artifact id: '0fe5c02a48c0e65897b520406d5ada81') in 0.086645 seconds 
========================================================================
Received Import Request.
  Time since last request: 0.000030 seconds.
  path: Packages/com.unity.collab-proxy/Editor/PlasticSCM/Assets/Images/loading@2x.png
  artifactKey: Guid(5dbc069eb79bd4d43840847264d6d956) Importer(815301076,1909f56bfc062723c751e8b465ee728b)
Start importing Packages/com.unity.collab-proxy/Editor/PlasticSCM/Assets/Images/loading@2x.png using Guid(5dbc069eb79bd4d43840847264d6d956) Importer(815301076,1909f56bfc062723c751e8b465ee728b)  -> (artifact id: '4cac8c6e69f22986abb2f5d976eeb74d') in 0.068576 seconds 
========================================================================
Received Import Request.
  Time since last request: 0.000045 seconds.
  path: Packages/com.unity.collab-proxy/Editor/PlasticSCM/Assets/Images/ok.png
  artifactKey: Guid(3238dca1e9ea9fb4aa64b28298ba6dbd) Importer(815301076,1909f56bfc062723c751e8b465ee728b)
Start importing Packages/com.unity.collab-proxy/Editor/PlasticSCM/Assets/Images/ok.png using Guid(3238dca1e9ea9fb4aa64b28298ba6dbd) Importer(815301076,1909f56bfc062723c751e8b465ee728b)  -> (artifact id: '0847a3003555e7282cbd87c828961c97') in 0.062199 seconds 
========================================================================
Received Import Request.
  Time since last request: 0.000055 seconds.
  path: Packages/com.unity.collab-proxy/Editor/PlasticSCM/Assets/Images/step3@2x.png
  artifactKey: Guid(36e6970b84831434a9eac79abd03700b) Importer(815301076,1909f56bfc062723c751e8b465ee728b)
Start importing Packages/com.unity.collab-proxy/Editor/PlasticSCM/Assets/Images/step3@2x.png using Guid(36e6970b84831434a9eac79abd03700b) Importer(815301076,1909f56bfc062723c751e8b465ee728b)  -> (artifact id: '946fe3b825a721f34ccfaa28ba8d1b57') in 0.069474 seconds 
========================================================================
Received Import Request.
  Time since last request: 0.000262 seconds.
  path: Packages/com.unity.collab-proxy/Editor/PlasticSCM/Assets/Images/secondarytabclosehover.png
  artifactKey: Guid(8fac55fff4ce5fa40a7b2efefc0e617a) Importer(815301076,1909f56bfc062723c751e8b465ee728b)
Start importing Packages/com.unity.collab-proxy/Editor/PlasticSCM/Assets/Images/secondarytabclosehover.png using Guid(8fac55fff4ce5fa40a7b2efefc0e617a) Importer(815301076,1909f56bfc062723c751e8b465ee728b)  -> (artifact id: '5afa6584bd32d9b58c152b1f2c5589e6') in 0.062046 seconds 
========================================================================
Received Import Request.
  Time since last request: 0.000035 seconds.
  path: Packages/com.unity.collab-proxy/Editor/PlasticSCM/Assets/Images/secondarytabclose.png
  artifactKey: Guid(03cefa94d5aa9d74993fb2138af9d607) Importer(815301076,1909f56bfc062723c751e8b465ee728b)
Start importing Packages/com.unity.collab-proxy/Editor/PlasticSCM/Assets/Images/secondarytabclose.png using Guid(03cefa94d5aa9d74993fb2138af9d607) Importer(815301076,1909f56bfc062723c751e8b465ee728b)  -> (artifact id: '7e5d03e2a845d85a46c915a0d3ef3ac8') in 0.069118 seconds 
========================================================================
Received Import Request.
  Time since last request: 0.000039 seconds.
  path: Packages/com.unity.collab-proxy/Editor/PlasticSCM/Assets/Images/ignored.png
  artifactKey: Guid(595bc97bc8e1e0b46bd4c2148ba3723a) Importer(815301076,1909f56bfc062723c751e8b465ee728b)
Start importing Packages/com.unity.collab-proxy/Editor/PlasticSCM/Assets/Images/ignored.png using Guid(595bc97bc8e1e0b46bd4c2148ba3723a) Importer(815301076,1909f56bfc062723c751e8b465ee728b)  -> (artifact id: 'cf22683fa71243c3fa369b4ee132772b') in 0.061950 seconds 
========================================================================
Received Import Request.
  Time since last request: 0.000046 seconds.
  path: Packages/com.unity.collab-proxy/Editor/PlasticSCM/Assets/Images/iconprivateoverlay@2x.png
  artifactKey: Guid(40685941c1361aa4a957b61174bce3f6) Importer(815301076,1909f56bfc062723c751e8b465ee728b)
Start importing Packages/com.unity.collab-proxy/Editor/PlasticSCM/Assets/Images/iconprivateoverlay@2x.png using Guid(40685941c1361aa4a957b61174bce3f6) Importer(815301076,1909f56bfc062723c751e8b465ee728b)  -> (artifact id: 'ee7b60c9e1832da78bd6b44ff236b8b5') in 0.080026 seconds 
========================================================================
Received Import Request.
  Time since last request: 0.000033 seconds.
  path: Packages/com.unity.collab-proxy/Editor/PlasticSCM/Assets/Images/refresh.png
  artifactKey: Guid(6f6a4c6bd7cdc654d9d91f7de72afcb6) Importer(815301076,1909f56bfc062723c751e8b465ee728b)
Start importing Packages/com.unity.collab-proxy/Editor/PlasticSCM/Assets/Images/refresh.png using Guid(6f6a4c6bd7cdc654d9d91f7de72afcb6) Importer(815301076,1909f56bfc062723c751e8b465ee728b)  -> (artifact id: 'c2039a702c4077c4e0102181c0ed9016') in 0.067581 seconds 
========================================================================
Received Import Request.
  Time since last request: 0.000225 seconds.
  path: Packages/com.unity.collab-proxy/Editor/PlasticSCM/Assets/Images/step3.png
  artifactKey: Guid(69899ed144c8eea4baea48b858b37746) Importer(815301076,1909f56bfc062723c751e8b465ee728b)
Start importing Packages/com.unity.collab-proxy/Editor/PlasticSCM/Assets/Images/step3.png using Guid(69899ed144c8eea4baea48b858b37746) Importer(815301076,1909f56bfc062723c751e8b465ee728b)  -> (artifact id: '35f531826522f5504c8ffa4c0c37197b') in 0.064826 seconds 
========================================================================
Received Prepare
Registering precompiled user dll's ...
Registered in 0.007649 seconds.
Begin MonoManager ReloadAssembly
Symbol file LoadedFromMemory doesn't match image C:\Users\user\Documents\GitHub\3d-platformer3\Library\PackageCache\com.unity.visualscripting@1.7.8\Editor\VisualScripting.Core\Dependencies\YamlDotNet\Unity.VisualScripting.YamlDotNet.dll
Symbol file LoadedFromMemory doesn't match image C:\Users\user\Documents\GitHub\3d-platformer3\Library\PackageCache\com.unity.visualscripting@1.7.8\Editor\VisualScripting.Core\Dependencies\DotNetZip\Unity.VisualScripting.IonicZip.dll
Native extension for WindowsStandalone target not found
Refreshing native plugins compatible for Editor in 3.06 ms, found 3 plugins.
Preloading 0 native plugins for Editor in 0.00 ms.
Mono: successfully reloaded assembly
- Completed reload, in  4.914 seconds
Domain Reload Profiling:
	ReloadAssembly (4916ms)
		BeginReloadAssembly (282ms)
			ExecutionOrderSort (0ms)
			DisableScriptedObjects (19ms)
			BackupInstance (0ms)
			ReleaseScriptingObjects (0ms)
			CreateAndSetChildDomain (79ms)
		EndReloadAssembly (4317ms)
			LoadAssemblies (201ms)
			RebuildTransferFunctionScriptingTraits (0ms)
			SetupTypeCache (1526ms)
			ReleaseScriptCaches (3ms)
			RebuildScriptCaches (262ms)
			SetupLoadedEditorAssemblies (1949ms)
				LogAssemblyErrors (0ms)
				InitializePlatformSupportModulesInManaged (88ms)
				SetLoadedEditorAssemblies (3ms)
				RefreshPlugins (3ms)
				BeforeProcessingInitializeOnLoad (442ms)
				ProcessInitializeOnLoadAttributes (1237ms)
				ProcessInitializeOnLoadMethodAttributes (158ms)
				AfterProcessingInitializeOnLoad (19ms)
				EditorAssembliesLoaded (1ms)
			ExecutionOrderSort2 (0ms)
			AwakeInstancesAfterBackupRestoration (26ms)
Platform modules already initialized, skipping
Refreshing native plugins compatible for Editor in 5.31 ms, found 3 plugins.
Preloading 0 native plugins for Editor in 0.00 ms.
Unloading 3386 Unused Serialized files (Serialized files now loaded: 0)
Unloading 20 unused Assets / (79.2 KB). Loaded Objects now: 3993.
Memory consumption went from 127.6 MB to 127.5 MB.
Total: 7.835000 ms (FindLiveObjects: 0.478000 ms CreateObjectMapping: 0.406500 ms MarkObjects: 6.770400 ms  DeleteObjects: 0.178300 ms)

AssetImportParameters requested are different than current active one (requested -> active):
  custom:video-decoder-ogg-theora: a1e56fd34408186e4bbccfd4996cb3dc -> 
  custom:container-muxer-webm: aa71ff27fc2769a1b78a27578f13a17b -> 
  custom:container-demuxer-webm: 4f35f7cbe854078d1ac9338744f61a02 -> 
  custom:video-encoder-webm-vp8: eb34c28f22e8b96e1ab97ce403110664 -> 
  custom:audio-encoder-webm-vorbis: bf7c407c2cedff20999df2af8eb42d56 -> 
  custom:framework-win-MediaFoundation: 216162199b28c13a410421893ffa2e32 -> 
  custom:SearchIndexIgnoredProperties: e643bd26f0fe6173181afceb89e7c659 -> 
  custom:container-demuxer-ogg: 62fdf1f143b41e24485cea50d1cbac27 -> 
  custom:video-decoder-webm-vp8: 9c59270c3fd7afecdb556c50c9e8de78 -> 
  custom:audio-decoder-ogg-vorbis: bf7c407c2cedff20999df2af8eb42d56 -> 
========================================================================
Received Prepare
Registering precompiled user dll's ...
Registered in 0.013587 seconds.
Begin MonoManager ReloadAssembly
Symbol file LoadedFromMemory doesn't match image C:\Users\user\Documents\GitHub\3d-platformer3\Library\PackageCache\com.unity.visualscripting@1.7.8\Editor\VisualScripting.Core\Dependencies\YamlDotNet\Unity.VisualScripting.YamlDotNet.dll
Symbol file LoadedFromMemory doesn't match image C:\Users\user\Documents\GitHub\3d-platformer3\Library\PackageCache\com.unity.visualscripting@1.7.8\Editor\VisualScripting.Core\Dependencies\DotNetZip\Unity.VisualScripting.IonicZip.dll
Native extension for WindowsStandalone target not found
Refreshing native plugins compatible for Editor in 6.27 ms, found 3 plugins.
Preloading 0 native plugins for Editor in 0.00 ms.
Mono: successfully reloaded assembly
- Completed reload, in  3.241 seconds
Domain Reload Profiling:
	ReloadAssembly (3244ms)
		BeginReloadAssembly (294ms)
			ExecutionOrderSort (0ms)
			DisableScriptedObjects (13ms)
			BackupInstance (0ms)
			ReleaseScriptingObjects (0ms)
			CreateAndSetChildDomain (80ms)
		EndReloadAssembly (2716ms)
			LoadAssemblies (199ms)
			RebuildTransferFunctionScriptingTraits (0ms)
			SetupTypeCache (790ms)
			ReleaseScriptCaches (2ms)
			RebuildScriptCaches (124ms)
			SetupLoadedEditorAssemblies (1342ms)
				LogAssemblyErrors (0ms)
				InitializePlatformSupportModulesInManaged (55ms)
				SetLoadedEditorAssemblies (1ms)
				RefreshPlugins (7ms)
				BeforeProcessingInitializeOnLoad (276ms)
				ProcessInitializeOnLoadAttributes (841ms)
				ProcessInitializeOnLoadMethodAttributes (136ms)
				AfterProcessingInitializeOnLoad (26ms)
				EditorAssembliesLoaded (1ms)
			ExecutionOrderSort2 (0ms)
			AwakeInstancesAfterBackupRestoration (28ms)
Platform modules already initialized, skipping
Refreshing native plugins compatible for Editor in 8.21 ms, found 3 plugins.
Preloading 0 native plugins for Editor in 0.00 ms.
Unloading 3386 Unused Serialized files (Serialized files now loaded: 0)
Unloading 20 unused Assets / (79.3 KB). Loaded Objects now: 3996.
Memory consumption went from 127.6 MB to 127.5 MB.
Total: 9.171000 ms (FindLiveObjects: 0.680300 ms CreateObjectMapping: 0.674700 ms MarkObjects: 7.637300 ms  DeleteObjects: 0.176100 ms)

AssetImportParameters requested are different than current active one (requested -> active):
  custom:video-decoder-ogg-theora: a1e56fd34408186e4bbccfd4996cb3dc -> 
  custom:container-muxer-webm: aa71ff27fc2769a1b78a27578f13a17b -> 
  custom:container-demuxer-webm: 4f35f7cbe854078d1ac9338744f61a02 -> 
  custom:video-encoder-webm-vp8: eb34c28f22e8b96e1ab97ce403110664 -> 
  custom:audio-encoder-webm-vorbis: bf7c407c2cedff20999df2af8eb42d56 -> 
  custom:framework-win-MediaFoundation: 216162199b28c13a410421893ffa2e32 -> 
  custom:SearchIndexIgnoredProperties: e643bd26f0fe6173181afceb89e7c659 -> 
  custom:container-demuxer-ogg: 62fdf1f143b41e24485cea50d1cbac27 -> 
  custom:video-decoder-webm-vp8: 9c59270c3fd7afecdb556c50c9e8de78 -> 
  custom:audio-decoder-ogg-vorbis: bf7c407c2cedff20999df2af8eb42d56 -> 
========================================================================
Received Prepare
Registering precompiled user dll's ...
Registered in 0.010712 seconds.
Begin MonoManager ReloadAssembly
Symbol file LoadedFromMemory doesn't match image C:\Users\user\Documents\GitHub\3d-platformer3\Library\PackageCache\com.unity.visualscripting@1.7.8\Editor\VisualScripting.Core\Dependencies\YamlDotNet\Unity.VisualScripting.YamlDotNet.dll
Symbol file LoadedFromMemory doesn't match image C:\Users\user\Documents\GitHub\3d-platformer3\Library\PackageCache\com.unity.visualscripting@1.7.8\Editor\VisualScripting.Core\Dependencies\DotNetZip\Unity.VisualScripting.IonicZip.dll
Native extension for WindowsStandalone target not found
Refreshing native plugins compatible for Editor in 4.42 ms, found 3 plugins.
Preloading 0 native plugins for Editor in 0.00 ms.
Mono: successfully reloaded assembly
- Completed reload, in  3.656 seconds
Domain Reload Profiling:
	ReloadAssembly (3659ms)
		BeginReloadAssembly (290ms)
			ExecutionOrderSort (0ms)
			DisableScriptedObjects (11ms)
			BackupInstance (0ms)
			ReleaseScriptingObjects (0ms)
			CreateAndSetChildDomain (88ms)
		EndReloadAssembly (3126ms)
			LoadAssemblies (190ms)
			RebuildTransferFunctionScriptingTraits (0ms)
			SetupTypeCache (792ms)
			ReleaseScriptCaches (3ms)
			RebuildScriptCaches (183ms)
			SetupLoadedEditorAssemblies (1672ms)
				LogAssemblyErrors (0ms)
				InitializePlatformSupportModulesInManaged (48ms)
				SetLoadedEditorAssemblies (1ms)
				RefreshPlugins (5ms)
				BeforeProcessingInitializeOnLoad (258ms)
				ProcessInitializeOnLoadAttributes (1208ms)
				ProcessInitializeOnLoadMethodAttributes (131ms)
				AfterProcessingInitializeOnLoad (20ms)
				EditorAssembliesLoaded (1ms)
			ExecutionOrderSort2 (0ms)
			AwakeInstancesAfterBackupRestoration (24ms)
Platform modules already initialized, skipping
Refreshing native plugins compatible for Editor in 3.68 ms, found 3 plugins.
Preloading 0 native plugins for Editor in 0.00 ms.
Unloading 3386 Unused Serialized files (Serialized files now loaded: 0)
Unloading 20 unused Assets / (79.3 KB). Loaded Objects now: 3999.
Memory consumption went from 127.6 MB to 127.5 MB.
Total: 6.044500 ms (FindLiveObjects: 0.411600 ms CreateObjectMapping: 0.319800 ms MarkObjects: 5.142700 ms  DeleteObjects: 0.168600 ms)

AssetImportParameters requested are different than current active one (requested -> active):
  custom:video-decoder-ogg-theora: a1e56fd34408186e4bbccfd4996cb3dc -> 
  custom:container-muxer-webm: aa71ff27fc2769a1b78a27578f13a17b -> 
  custom:container-demuxer-webm: 4f35f7cbe854078d1ac9338744f61a02 -> 
  custom:video-encoder-webm-vp8: eb34c28f22e8b96e1ab97ce403110664 -> 
  custom:audio-encoder-webm-vorbis: bf7c407c2cedff20999df2af8eb42d56 -> 
  custom:framework-win-MediaFoundation: 216162199b28c13a410421893ffa2e32 -> 
  custom:SearchIndexIgnoredProperties: e643bd26f0fe6173181afceb89e7c659 -> 
  custom:container-demuxer-ogg: 62fdf1f143b41e24485cea50d1cbac27 -> 
  custom:video-decoder-webm-vp8: 9c59270c3fd7afecdb556c50c9e8de78 -> 
  custom:audio-decoder-ogg-vorbis: bf7c407c2cedff20999df2af8eb42d56 -> 
========================================================================
Received Prepare
Registering precompiled user dll's ...
Registered in 0.009504 seconds.
Begin MonoManager ReloadAssembly
Symbol file LoadedFromMemory doesn't match image C:\Users\user\Documents\GitHub\3d-platformer3\Library\PackageCache\com.unity.visualscripting@1.7.8\Editor\VisualScripting.Core\Dependencies\YamlDotNet\Unity.VisualScripting.YamlDotNet.dll
Symbol file LoadedFromMemory doesn't match image C:\Users\user\Documents\GitHub\3d-platformer3\Library\PackageCache\com.unity.visualscripting@1.7.8\Editor\VisualScripting.Core\Dependencies\DotNetZip\Unity.VisualScripting.IonicZip.dll
Native extension for WindowsStandalone target not found
Refreshing native plugins compatible for Editor in 3.09 ms, found 3 plugins.
Preloading 0 native plugins for Editor in 0.00 ms.
Mono: successfully reloaded assembly
- Completed reload, in  3.291 seconds
Domain Reload Profiling:
	ReloadAssembly (3293ms)
		BeginReloadAssembly (299ms)
			ExecutionOrderSort (0ms)
			DisableScriptedObjects (14ms)
			BackupInstance (0ms)
			ReleaseScriptingObjects (0ms)
			CreateAndSetChildDomain (69ms)
		EndReloadAssembly (2750ms)
			LoadAssemblies (215ms)
			RebuildTransferFunctionScriptingTraits (0ms)
			SetupTypeCache (667ms)
			ReleaseScriptCaches (3ms)
			RebuildScriptCaches (159ms)
			SetupLoadedEditorAssemblies (1461ms)
				LogAssemblyErrors (0ms)
				InitializePlatformSupportModulesInManaged (53ms)
				SetLoadedEditorAssemblies (1ms)
				RefreshPlugins (3ms)
				BeforeProcessingInitializeOnLoad (248ms)
				ProcessInitializeOnLoadAttributes (994ms)
				ProcessInitializeOnLoadMethodAttributes (141ms)
				AfterProcessingInitializeOnLoad (20ms)
				EditorAssembliesLoaded (1ms)
			ExecutionOrderSort2 (0ms)
			AwakeInstancesAfterBackupRestoration (25ms)
Platform modules already initialized, skipping
Refreshing native plugins compatible for Editor in 5.91 ms, found 3 plugins.
Preloading 0 native plugins for Editor in 0.00 ms.
Unloading 3386 Unused Serialized files (Serialized files now loaded: 0)
Unloading 20 unused Assets / (79.1 KB). Loaded Objects now: 4002.
Memory consumption went from 127.6 MB to 127.5 MB.
Total: 9.150700 ms (FindLiveObjects: 0.558000 ms CreateObjectMapping: 0.446100 ms MarkObjects: 7.901800 ms  DeleteObjects: 0.243000 ms)

AssetImportParameters requested are different than current active one (requested -> active):
  custom:video-decoder-ogg-theora: a1e56fd34408186e4bbccfd4996cb3dc -> 
  custom:container-muxer-webm: aa71ff27fc2769a1b78a27578f13a17b -> 
  custom:container-demuxer-webm: 4f35f7cbe854078d1ac9338744f61a02 -> 
  custom:video-encoder-webm-vp8: eb34c28f22e8b96e1ab97ce403110664 -> 
  custom:audio-encoder-webm-vorbis: bf7c407c2cedff20999df2af8eb42d56 -> 
  custom:framework-win-MediaFoundation: 216162199b28c13a410421893ffa2e32 -> 
  custom:SearchIndexIgnoredProperties: e643bd26f0fe6173181afceb89e7c659 -> 
  custom:container-demuxer-ogg: 62fdf1f143b41e24485cea50d1cbac27 -> 
  custom:video-decoder-webm-vp8: 9c59270c3fd7afecdb556c50c9e8de78 -> 
  custom:audio-decoder-ogg-vorbis: bf7c407c2cedff20999df2af8eb42d56 -> 
